De;Vers;Km;Minutes
1186 ST QUENTIN SCHUMANN SUPER;1186 ST QUENTIN SCHUMANN SUPER;0;0
1186 ST QUENTIN SCHUMANN SUPER;1267 CALAIS DELAROCHE SUPER;176;110
1186 ST QUENTIN SCHUMANN SUPER;1297 HARNES SUPER;90;65
1186 ST QUENTIN SCHUMANN SUPER;4313 CANTELEU SUPER;209;140
1186 ST QUENTIN SCHUMANN SUPER;4536 LILLE WAZEMMES MY AUCHAN;110;75
1186 ST QUENTIN SCHUMANN SUPER;4926 BILLY BERCLAU SUPER;102;70
1186 ST QUENTIN SCHUMANN SUPER;4977 RUE SUPER;153;105
1186 ST QUENTIN SCHUMANN SUPER;914 MARQUETTE LES PARTISANS DU GOUT;115;85
1186 ST QUENTIN SCHUMANN SUPER;ARRAS;86;65
1186 ST QUENTIN SCHUMANN SUPER;AUCHAN CITY TOURCOING;120;85
1186 ST QUENTIN SCHUMANN SUPER;AUCHAN LUXEMBOURG SUPPLY;308;205
1186 ST QUENTIN SCHUMANN SUPER;BEAUVAIS;138;150
1186 ST QUENTIN SCHUMANN SUPER;BETHUNE;102;70
1186 ST QUENTIN SCHUMANN SUPER;BOULOGNE;198;125
1186 ST QUENTIN SCHUMANN SUPER;CAEN CHRONO 352;332;215
1186 ST QUENTIN SCHUMANN SUPER;CALAIS;181;115
1186 ST QUENTIN SCHUMANN SUPER;CAMBRAI;53;60
1186 ST QUENTIN SCHUMANN SUPER;CERGY;178;120
1186 ST QUENTIN SCHUMANN SUPER;CERGY CHRONODRIVE 469;182;125
1186 ST QUENTIN SCHUMANN SUPER;CHERBOURG;448;295
1186 ST QUENTIN SCHUMANN SUPER;CHRONO BONDUES 4703;119;85
1186 ST QUENTIN SCHUMANN SUPER;CHRONO COMPIEGNE 4345;76;90
1186 ST QUENTIN SCHUMANN SUPER;CHRONO COUDEKERQUE 4242;178;125
1186 ST QUENTIN SCHUMANN SUPER;CHRONO CROIX 4154;114;80
1186 ST QUENTIN SCHUMANN SUPER;CHRONO ELEU DIT LEAUWETTE 4462;87;60
1186 ST QUENTIN SCHUMANN SUPER;CHRONO HALLENNES 4167;109;80
1186 ST QUENTIN SCHUMANN SUPER;CHRONO IFS;330;210
1186 ST QUENTIN SCHUMANN SUPER;CHRONO LAMBERSART 4424;115;85
1186 ST QUENTIN SCHUMANN SUPER;CHRONO MARCQ 4128;114;80
1186 ST QUENTIN SCHUMANN SUPER;CHRONO WASQUEHAL 4303;113;80
1186 ST QUENTIN SCHUMANN SUPER;CORMEILLES EN PARISIS CHRONODRIVE 413;173;125
1186 ST QUENTIN SCHUMANN SUPER;DIEPPE;192;140
1186 ST QUENTIN SCHUMANN SUPER;DIFFERDANGE;296;210
1186 ST QUENTIN SCHUMANN SUPER;DOUAI;69;75
1186 ST QUENTIN SCHUMANN SUPER;DRIVE ARRAS;86;60
1186 ST QUENTIN SCHUMANN SUPER;DRIVE BEAUVAIS;138;95
1186 ST QUENTIN SCHUMANN SUPER;DRIVE BETHUNE;102;70
1186 ST QUENTIN SCHUMANN SUPER;DRIVE BOULOGNE;182;120
1186 ST QUENTIN SCHUMANN SUPER;DRIVE CALAIS;181;115
1186 ST QUENTIN SCHUMANN SUPER;DRIVE CAMBRAI;53;60
1186 ST QUENTIN SCHUMANN SUPER;DRIVE CERGY;178;120
1186 ST QUENTIN SCHUMANN SUPER;DRIVE CHERBOURG;448;295
1186 ST QUENTIN SCHUMANN SUPER;DRIVE DIEPPE;192;140
1186 ST QUENTIN SCHUMANN SUPER;DRIVE DOUAI;69;75
1186 ST QUENTIN SCHUMANN SUPER;DRIVE DUNKERQUE;180;125
1186 ST QUENTIN SCHUMANN SUPER;DRIVE ENGLOS;118;85
1186 ST QUENTIN SCHUMANN SUPER;DRIVE FACHES;102;70
1186 ST QUENTIN SCHUMANN SUPER;DRIVE LE HAVRE;264;175
1186 ST QUENTIN SCHUMANN SUPER;DRIVE LEERS;120;120
1186 ST QUENTIN SCHUMANN SUPER;DRIVE LOUVROIL;112;80
1186 ST QUENTIN SCHUMANN SUPER;DRIVE MONTIVILLIERS;255;165
1186 ST QUENTIN SCHUMANN SUPER;DRIVE NOYON;51;50
1186 ST QUENTIN SCHUMANN SUPER;DRIVE OSNY;182;125
1186 ST QUENTIN SCHUMANN SUPER;DRIVE ROISSY;143;95
1186 ST QUENTIN SCHUMANN SUPER;DRIVE RONCQ;123;135
1186 ST QUENTIN SCHUMANN SUPER;DRIVE SCHWEIGHOUSE;442;270
1186 ST QUENTIN SCHUMANN SUPER;DRIVE ST OMER;145;95
1186 ST QUENTIN SCHUMANN SUPER;DRIVE ST QUENTIN;5;15
1186 ST QUENTIN SCHUMANN SUPER;DRIVE TAVERNY;174;120
1186 ST QUENTIN SCHUMANN SUPER;DRIVE VILLENEUVE D'ASCQ;109;75
1186 ST QUENTIN SCHUMANN SUPER;DUNKERQUE;180;125
1186 ST QUENTIN SCHUMANN SUPER;DURY;82;90
1186 ST QUENTIN SCHUMANN SUPER;ENGLOS;117;85
1186 ST QUENTIN SCHUMANN SUPER;ENT AMIENS BINAT;85;90
1186 ST QUENTIN SCHUMANN SUPER;ENT AMIENS SAINT SAUVEUR FLEG;91;105
1186 ST QUENTIN SCHUMANN SUPER;ENT AMIENS SAINT SAUVEUR PF;91;105
1186 ST QUENTIN SCHUMANN SUPER;ENT AMIENS SUPER POULAINVILLE PGC;86;90
1186 ST QUENTIN SCHUMANN SUPER;ENT CARVIN FL;92;105
1186 ST QUENTIN SCHUMANN SUPER;ENT CARVIN PF;92;105
1186 ST QUENTIN SCHUMANN SUPER;ENT IENA;103;105
1186 ST QUENTIN SCHUMANN SUPER;ENT IENA1;104;70
1186 ST QUENTIN SCHUMANN SUPER;ENT IENA2;104;70
1186 ST QUENTIN SCHUMANN SUPER;ENT MEYZIEU MEDLEY SUD;599;365
1186 ST QUENTIN SCHUMANN SUPER;ENT SAINGHIN1;107;120
1186 ST QUENTIN SCHUMANN SUPER;ENT SERRIS 2;200;125
1186 ST QUENTIN SCHUMANN SUPER;ENT SOCOPAL DIEPPE;168;180
1186 ST QUENTIN SCHUMANN SUPER;ENT V DHL;145;100
1186 ST QUENTIN SCHUMANN SUPER;ENT V GEODIS;151;105
1186 ST QUENTIN SCHUMANN SUPER;FRANQUEVILLE CHRONODRIVE 4475;203;140
1186 ST QUENTIN SCHUMANN SUPER;HERBLAY CHRONODRIVE 444;177;120
1186 ST QUENTIN SCHUMANN SUPER;HIRSON;68;75
1186 ST QUENTIN SCHUMANN SUPER;HOUILLES SUPER 1073;171;120
1186 ST QUENTIN SCHUMANN SUPER;IFS CHRONODRIVE 4253;330;210
1186 ST QUENTIN SCHUMANN SUPER;ILLKIRCH;454;280
1186 ST QUENTIN SCHUMANN SUPER;KIRCHBERG;323;215
1186 ST QUENTIN SCHUMANN SUPER;LA CLOCHE D'OR;315;205
1186 ST QUENTIN SCHUMANN SUPER;LA QUEUE LES YVELINES SUPER 1096;209;155
1186 ST QUENTIN SCHUMANN SUPER;LAXOU;303;215
1186 ST QUENTIN SCHUMANN SUPER;LE CHESNAY PARLY 2 SUPER 1144;184;135
1186 ST QUENTIN SCHUMANN SUPER;LE HAVRE;263;175
1186 ST QUENTIN SCHUMANN SUPER;LEERS;120;120
1186 ST QUENTIN SCHUMANN SUPER;LES MUREAUX HALLES AUCHAN;197;140
1186 ST QUENTIN SCHUMANN SUPER;LOUVROIL;112;80
1186 ST QUENTIN SCHUMANN SUPER;MAUREPAS SUPER 4492;199;150
1186 ST QUENTIN SCHUMANN SUPER;MERS LES BAINS;166;125
1186 ST QUENTIN SCHUMANN SUPER;MERU;164;165
1186 ST QUENTIN SCHUMANN SUPER;MONT SAINT MARTIN;292;205
1186 ST QUENTIN SCHUMANN SUPER;MONTIVILLIERS;258;170
1186 ST QUENTIN SCHUMANN SUPER;NANCY CENTRE;309;225
1186 ST QUENTIN SCHUMANN SUPER;NOGENT SUR OISE;109;120
1186 ST QUENTIN SCHUMANN SUPER;NOYELLES GODAULT;81;90
1186 ST QUENTIN SCHUMANN SUPER;NOYON;50;60
1186 ST QUENTIN SCHUMANN SUPER;OSNY;182;125
1186 ST QUENTIN SCHUMANN SUPER;ROISSY;144;95
1186 ST QUENTIN SCHUMANN SUPER;RONCQ;123;135
1186 ST QUENTIN SCHUMANN SUPER;SCHWEIGHOUSE;443;270
1186 ST QUENTIN SCHUMANN SUPER;SEMECOURT;279;170
1186 ST QUENTIN SCHUMANN SUPER;SOCOPAL;168;180
1186 ST QUENTIN SCHUMANN SUPER;SOISY;166;120
1186 ST QUENTIN SCHUMANN SUPER;STRASBOURG;451;275
1186 ST QUENTIN SCHUMANN SUPER;TAVERNY;174;115
1186 ST QUENTIN SCHUMANN SUPER;TOMBLAINE;349;225
1186 ST QUENTIN SCHUMANN SUPER;VAL DE REUIL SUPER 1209;231;160
1186 ST QUENTIN SCHUMANN SUPER;VERNEUIL 1 VERGER SUPER 4981;192;135
1186 ST QUENTIN SCHUMANN SUPER;VILLENEUVE 2;108;120
1186 ST QUENTIN SCHUMANN SUPER;VIRY NOUREUIL;29;30
1267 CALAIS DELAROCHE SUPER;1186 ST QUENTIN SCHUMANN SUPER;176;110
1267 CALAIS DELAROCHE SUPER;1267 CALAIS DELAROCHE SUPER;0;0
1267 CALAIS DELAROCHE SUPER;1297 HARNES SUPER;105;75
1267 CALAIS DELAROCHE SUPER;4313 CANTELEU SUPER;223;145
1267 CALAIS DELAROCHE SUPER;4926 BILLY BERCLAU SUPER;106;120
1267 CALAIS DELAROCHE SUPER;914 MARQUETTE LES PARTISANS DU GOUT;112;75
1267 CALAIS DELAROCHE SUPER;AUCHAN CITY TOURCOING;121;135
1267 CALAIS DELAROCHE SUPER;AUCHAN LUXEMBOURG SUPPLY;426;280
1267 CALAIS DELAROCHE SUPER;BEAUVAIS;214;130
1267 CALAIS DELAROCHE SUPER;BOULOGNE;39;45
1267 CALAIS DELAROCHE SUPER;CAEN CHRONO 352;346;215
1267 CALAIS DELAROCHE SUPER;CALAIS;5;15
1267 CALAIS DELAROCHE SUPER;CAMBRAI;148;95
1267 CALAIS DELAROCHE SUPER;CERGY;272;170
1267 CALAIS DELAROCHE SUPER;CERGY CHRONODRIVE 469;276;170
1267 CALAIS DELAROCHE SUPER;CHERBOURG;462;300
1267 CALAIS DELAROCHE SUPER;CHRONO AVELIN 4361;120;85
1267 CALAIS DELAROCHE SUPER;CHRONO BONDUES 4703;119;80
1267 CALAIS DELAROCHE SUPER;CHRONO COMPIEGNE 4345;215;225
1267 CALAIS DELAROCHE SUPER;CHRONO COUDEKERQUE 4242;44;45
1267 CALAIS DELAROCHE SUPER;CHRONO CROIX 4154;117;85
1267 CALAIS DELAROCHE SUPER;CHRONO HALLENNES 4167;101;105
1267 CALAIS DELAROCHE SUPER;CHRONO IFS;344;215
1267 CALAIS DELAROCHE SUPER;CHRONO LAMBERSART 4424;106;70
1267 CALAIS DELAROCHE SUPER;CHRONO MARCQ 4128;112;75
1267 CALAIS DELAROCHE SUPER;CHRONO VALENCIENNES 4370;158;110
1267 CALAIS DELAROCHE SUPER;CHRONO WASQUEHAL 4303;115;80
1267 CALAIS DELAROCHE SUPER;CORMEILLES EN PARISIS CHRONODRIVE 413;278;175
1267 CALAIS DELAROCHE SUPER;DIEPPE;190;135
1267 CALAIS DELAROCHE SUPER;DIFFERDANGE;408;270
1267 CALAIS DELAROCHE SUPER;DOUAI;128;85
1267 CALAIS DELAROCHE SUPER;DRIVE ARRAS;110;70
1267 CALAIS DELAROCHE SUPER;DRIVE BEAUVAIS;214;130
1267 CALAIS DELAROCHE SUPER;DRIVE BOULOGNE;37;45
1267 CALAIS DELAROCHE SUPER;DRIVE CALAIS;5;15
1267 CALAIS DELAROCHE SUPER;DRIVE CAMBRAI;148;95
1267 CALAIS DELAROCHE SUPER;DRIVE CERGY;271;170
1267 CALAIS DELAROCHE SUPER;DRIVE CHERBOURG;462;300
1267 CALAIS DELAROCHE SUPER;DRIVE DIEPPE;190;140
1267 CALAIS DELAROCHE SUPER;DRIVE DOUAI;128;85
1267 CALAIS DELAROCHE SUPER;DRIVE DURY;165;105
1267 CALAIS DELAROCHE SUPER;DRIVE FACHES;115;80
1267 CALAIS DELAROCHE SUPER;DRIVE LE HAVRE;278;175
1267 CALAIS DELAROCHE SUPER;DRIVE LEERS;126;135
1267 CALAIS DELAROCHE SUPER;DRIVE MONTIVILLIERS;269;170
1267 CALAIS DELAROCHE SUPER;DRIVE NOGENT SUR OISE;243;150
1267 CALAIS DELAROCHE SUPER;DRIVE NOYON;204;135
1267 CALAIS DELAROCHE SUPER;DRIVE OSNY;254;170
1267 CALAIS DELAROCHE SUPER;DRIVE ROISSY;263;160
1267 CALAIS DELAROCHE SUPER;DRIVE RONCQ;122;135
1267 CALAIS DELAROCHE SUPER;DRIVE SCHWEIGHOUSE;611;365
1267 CALAIS DELAROCHE SUPER;DRIVE ST OMER;45;45
1267 CALAIS DELAROCHE SUPER;DRIVE ST QUENTIN;172;105
1267 CALAIS DELAROCHE SUPER;DRIVE TAVERNY;268;165
1267 CALAIS DELAROCHE SUPER;DRIVE VILLENEUVE D'ASCQ;113;80
1267 CALAIS DELAROCHE SUPER;DUNKERQUE;35;45
1267 CALAIS DELAROCHE SUPER;DURY;158;165
1267 CALAIS DELAROCHE SUPER;ENGLOS;101;105
1267 CALAIS DELAROCHE SUPER;ENT AMIENS BINAT;156;165
1267 CALAIS DELAROCHE SUPER;ENT AMIENS SAINT SAUVEUR FLEG;154;165
1267 CALAIS DELAROCHE SUPER;ENT AMIENS SAINT SAUVEUR PF;154;165
1267 CALAIS DELAROCHE SUPER;ENT AMIENS SUPER POULAINVILLE PGC;156;165
1267 CALAIS DELAROCHE SUPER;ENT CARVIN FL;111;120
1267 CALAIS DELAROCHE SUPER;ENT CARVIN PF;111;120
1267 CALAIS DELAROCHE SUPER;ENT IENA;116;120
1267 CALAIS DELAROCHE SUPER;ENT IENA1;116;80
1267 CALAIS DELAROCHE SUPER;ENT IENA2;116;80
1267 CALAIS DELAROCHE SUPER;ENT MEYZIEU MEDLEY SUD;768;455
1267 CALAIS DELAROCHE SUPER;ENT SAINGHIN1;119;120
1267 CALAIS DELAROCHE SUPER;ENT SERRIS 2;301;190
1267 CALAIS DELAROCHE SUPER;ENT SOCOPAL DIEPPE;184;195
1267 CALAIS DELAROCHE SUPER;ENT V DHL;265;165
1267 CALAIS DELAROCHE SUPER;ENT V GEODIS;271;170
1267 CALAIS DELAROCHE SUPER;FRANQUEVILLE CHRONODRIVE 4475;217;145
1267 CALAIS DELAROCHE SUPER;HERBLAY CHRONODRIVE 444;271;170
1267 CALAIS DELAROCHE SUPER;HOUILLES SUPER 1073;283;180
1267 CALAIS DELAROCHE SUPER;IFS CHRONODRIVE 4253;344;215
1267 CALAIS DELAROCHE SUPER;ILLKIRCH;623;370
1267 CALAIS DELAROCHE SUPER;KIRCHBERG;423;275
1267 CALAIS DELAROCHE SUPER;LA CLOCHE D'OR;415;265
1267 CALAIS DELAROCHE SUPER;LA QUEUE LES YVELINES SUPER 1096;317;215
1267 CALAIS DELAROCHE SUPER;LAXOU;472;305
1267 CALAIS DELAROCHE SUPER;LE CHESNAY PARLY 2 SUPER 1144;295;195
1267 CALAIS DELAROCHE SUPER;LE HAVRE;277;175
1267 CALAIS DELAROCHE SUPER;LEERS;126;135
1267 CALAIS DELAROCHE SUPER;LES MUREAUX HALLES AUCHAN;294;190
1267 CALAIS DELAROCHE SUPER;LONGUEIL SAINTE MARIE SUPER 4315;220;135
1267 CALAIS DELAROCHE SUPER;LOUVROIL;208;130
1267 CALAIS DELAROCHE SUPER;MAUREPAS SUPER 4492;310;210
1267 CALAIS DELAROCHE SUPER;MERU;241;150
1267 CALAIS DELAROCHE SUPER;MONT SAINT MARTIN;400;260
1267 CALAIS DELAROCHE SUPER;MONTIVILLIERS;272;170
1267 CALAIS DELAROCHE SUPER;NANCY CENTRE;477;315
1267 CALAIS DELAROCHE SUPER;NOGENT SUR OISE;244;150
1267 CALAIS DELAROCHE SUPER;NOYELLES GODAULT;113;75
1267 CALAIS DELAROCHE SUPER;NOYON;205;135
1267 CALAIS DELAROCHE SUPER;OSNY;255;170
1267 CALAIS DELAROCHE SUPER;ROISSY;264;160
1267 CALAIS DELAROCHE SUPER;RONCQ;122;135
1267 CALAIS DELAROCHE SUPER;SCHWEIGHOUSE;611;365
1267 CALAIS DELAROCHE SUPER;SEMECOURT;448;265
1267 CALAIS DELAROCHE SUPER;SOCOPAL;184;195
1267 CALAIS DELAROCHE SUPER;SOISY;273;175
1267 CALAIS DELAROCHE SUPER;ST OMER;46;60
1267 CALAIS DELAROCHE SUPER;ST QUENTIN;172;105
1267 CALAIS DELAROCHE SUPER;STRASBOURG;620;370
1267 CALAIS DELAROCHE SUPER;TAVERNY;268;165
1267 CALAIS DELAROCHE SUPER;TOMBLAINE;518;320
1267 CALAIS DELAROCHE SUPER;VAL DE REUIL SUPER 1209;245;165
1267 CALAIS DELAROCHE SUPER;VERNEUIL 1 VERGER SUPER 4981;286;185
1267 CALAIS DELAROCHE SUPER;VILLENEUVE 2;113;80
1267 CALAIS DELAROCHE SUPER;VIRY NOUREUIL;201;125
1297 HARNES SUPER;1186 ST QUENTIN SCHUMANN SUPER;90;65
1297 HARNES SUPER;1267 CALAIS DELAROCHE SUPER;105;75
1297 HARNES SUPER;1297 HARNES SUPER;0;0
1297 HARNES SUPER;4313 CANTELEU SUPER;245;160
1297 HARNES SUPER;4926 BILLY BERCLAU SUPER;11;15
1297 HARNES SUPER;4977 RUE SUPER;107;110
1297 HARNES SUPER;914 MARQUETTE LES PARTISANS DU GOUT;34;35
1297 HARNES SUPER;ARRAS;29;30
1297 HARNES SUPER;AUCHAN CITY TOURCOING;40;45
1297 HARNES SUPER;AUCHAN LUXEMBOURG SUPPLY;337;225
1297 HARNES SUPER;BEAUVAIS;174;110
1297 HARNES SUPER;BETHUNE;30;30
1297 HARNES SUPER;CAEN CHRONO 352;368;235
1297 HARNES SUPER;CERGY;212;135
1297 HARNES SUPER;CERGY CHRONODRIVE 469;216;140
1297 HARNES SUPER;CHERBOURG;485;315
1297 HARNES SUPER;CHRONO AVELIN 4361;18;30
1297 HARNES SUPER;CHRONO BONDUES 4703;40;45
1297 HARNES SUPER;CHRONO COMPIEGNE 4345;137;90
1297 HARNES SUPER;CHRONO COUDEKERQUE 4242;92;75
1297 HARNES SUPER;CHRONO CROIX 4154;34;30
1297 HARNES SUPER;CHRONO ELEU DIT LEAUWETTE 4462;10;15
1297 HARNES SUPER;CHRONO HALLENNES 4167;27;30
1297 HARNES SUPER;CHRONO IFS;366;230
1297 HARNES SUPER;CHRONO LAMBERSART 4424;34;45
1297 HARNES SUPER;CHRONO MARCQ 4128;34;35
1297 HARNES SUPER;CHRONO VALENCIENNES 4370;58;50
1297 HARNES SUPER;CHRONO WASQUEHAL 4303;35;45
1297 HARNES SUPER;CORMEILLES EN PARISIS CHRONODRIVE 413;206;140
1297 HARNES SUPER;DIEPPE;228;160
1297 HARNES SUPER;DIFFERDANGE;318;215
1297 HARNES SUPER;DOUAI;25;30
1297 HARNES SUPER;DRIVE ARRAS;28;30
1297 HARNES SUPER;DRIVE BEAUVAIS;174;110
1297 HARNES SUPER;DRIVE BETHUNE;30;30
1297 HARNES SUPER;DRIVE BOULOGNE;110;80
1297 HARNES SUPER;DRIVE CALAIS;109;75
1297 HARNES SUPER;DRIVE CERGY;211;135
1297 HARNES SUPER;DRIVE CHERBOURG;485;315
1297 HARNES SUPER;DRIVE DIEPPE;228;160
1297 HARNES SUPER;DRIVE DOUAI;25;30
1297 HARNES SUPER;DRIVE DUNKERQUE;97;75
1297 HARNES SUPER;DRIVE DURY;119;80
1297 HARNES SUPER;DRIVE ENGLOS;31;45
1297 HARNES SUPER;DRIVE LE HAVRE;300;190
1297 HARNES SUPER;DRIVE LEERS;40;45
1297 HARNES SUPER;DRIVE MONTIVILLIERS;291;185
1297 HARNES SUPER;DRIVE NOGENT SUR OISE;156;105
1297 HARNES SUPER;DRIVE NOYELLES;10;10
1297 HARNES SUPER;DRIVE NOYON;118;85
1297 HARNES SUPER;DRIVE OSNY;215;140
1297 HARNES SUPER;DRIVE PETITE FORET;58;50
1297 HARNES SUPER;DRIVE ROISSY;177;110
1297 HARNES SUPER;DRIVE RONCQ;43;45
1297 HARNES SUPER;DRIVE SCHWEIGHOUSE;525;315
1297 HARNES SUPER;DRIVE ST OMER;73;55
1297 HARNES SUPER;DRIVE ST QUENTIN;86;60
1297 HARNES SUPER;DRIVE TAVERNY;208;135
1297 HARNES SUPER;DRIVE VALENCIENNES;57;60
1297 HARNES SUPER;DUNKERQUE;97;75
1297 HARNES SUPER;DURY;91;105
1297 HARNES SUPER;ENGLOS;31;45
1297 HARNES SUPER;ENT AMIENS BINAT;101;105
1297 HARNES SUPER;ENT AMIENS SAINT SAUVEUR FLEG;106;120
1297 HARNES SUPER;ENT AMIENS SAINT SAUVEUR PF;106;120
1297 HARNES SUPER;ENT AMIENS SUPER POULAINVILLE PGC;90;90
1297 HARNES SUPER;ENT CARVIN FL;8;15
1297 HARNES SUPER;ENT CARVIN PF;8;15
1297 HARNES SUPER;ENT IENA;23;30
1297 HARNES SUPER;ENT IENA1;24;20
1297 HARNES SUPER;ENT IENA2;24;20
1297 HARNES SUPER;ENT MEYZIEU MEDLEY SUD;682;410
1297 HARNES SUPER;ENT SAINGHIN1;27;30
1297 HARNES SUPER;ENT SERRIS 2;214;140
1297 HARNES SUPER;ENT SOCOPAL DIEPPE;205;210
1297 HARNES SUPER;ENT V DHL;179;115
1297 HARNES SUPER;ENT V GEODIS;185;120
1297 HARNES SUPER;FRANQUEVILLE CHRONODRIVE 4475;239;160
1297 HARNES SUPER;HERBLAY CHRONODRIVE 444;211;135
1297 HARNES SUPER;HOUILLES SUPER 1073;205;135
1297 HARNES SUPER;IFS CHRONODRIVE 4253;366;230
1297 HARNES SUPER;ILLKIRCH;536;325
1297 HARNES SUPER;KIRCHBERG;333;220
1297 HARNES SUPER;LA CLOCHE D'OR;325;215
1297 HARNES SUPER;LA QUEUE LES YVELINES SUPER 1096;243;170
1297 HARNES SUPER;LAXOU;386;260
1297 HARNES SUPER;LE CHESNAY PARLY 2 SUPER 1144;218;150
1297 HARNES SUPER;LE HAVRE;299;190
1297 HARNES SUPER;LEERS;40;45
1297 HARNES SUPER;LES MUREAUX HALLES AUCHAN;231;155
1297 HARNES SUPER;LONGUEIL SAINTE MARIE SUPER 4315;134;90
1297 HARNES SUPER;LOUVROIL;90;70
1297 HARNES SUPER;MAUREPAS SUPER 4492;232;165
1297 HARNES SUPER;MERS LES BAINS;139;140
1297 HARNES SUPER;MERU;201;130
1297 HARNES SUPER;MONT SAINT MARTIN;310;210
1297 HARNES SUPER;MONTIVILLIERS;294;185
1297 HARNES SUPER;NANCY CENTRE;391;270
1297 HARNES SUPER;NOGENT SUR OISE;158;105
1297 HARNES SUPER;NOYON;118;85
1297 HARNES SUPER;OSNY;216;140
1297 HARNES SUPER;PETITE FORET;58;45
1297 HARNES SUPER;ROISSY;177;110
1297 HARNES SUPER;RONCQ;43;45
1297 HARNES SUPER;SCHWEIGHOUSE;525;315
1297 HARNES SUPER;SEMECOURT;361;220
1297 HARNES SUPER;SOCOPAL;205;210
1297 HARNES SUPER;SOISY;199;135
1297 HARNES SUPER;STRASBOURG;534;325
1297 HARNES SUPER;TAVERNY;208;130
1297 HARNES SUPER;TOMBLAINE;432;270
1297 HARNES SUPER;VAL DE REUIL SUPER 1209;267;180
1297 HARNES SUPER;VALENCIENNES;57;60
1297 HARNES SUPER;VERNEUIL 1 VERGER SUPER 4981;225;150
1297 HARNES SUPER;VILLENEUVE 2;28;30
1297 HARNES SUPER;VIRY NOUREUIL;115;80
4313 CANTELEU SUPER;1186 ST QUENTIN SCHUMANN SUPER;209;140
4313 CANTELEU SUPER;1267 CALAIS DELAROCHE SUPER;223;145
4313 CANTELEU SUPER;1297 HARNES SUPER;245;160
4313 CANTELEU SUPER;4313 CANTELEU SUPER;0;0
4313 CANTELEU SUPER;4536 LILLE WAZEMMES MY AUCHAN;266;170
4313 CANTELEU SUPER;4926 BILLY BERCLAU SUPER;258;165
4313 CANTELEU SUPER;4977 RUE SUPER;138;90
4313 CANTELEU SUPER;914 MARQUETTE LES PARTISANS DU GOUT;270;175
4313 CANTELEU SUPER;ARRAS;190;150
4313 CANTELEU SUPER;AUCHAN CITY TOURCOING;276;180
4313 CANTELEU SUPER;AUCHAN LUXEMBOURG SUPPLY;504;320
4313 CANTELEU SUPER;BEAUVAIS;93;105
4313 CANTELEU SUPER;BETHUNE;258;165
4313 CANTELEU SUPER;BOULOGNE;205;130
4313 CANTELEU SUPER;CAEN CHRONO 352;130;90
4313 CANTELEU SUPER;CALAIS;218;140
4313 CANTELEU SUPER;CAMBRAI;223;145
4313 CANTELEU SUPER;CERGY;123;95
4313 CANTELEU SUPER;CERGY CHRONODRIVE 469;119;120
4313 CANTELEU SUPER;CHERBOURG;247;170
4313 CANTELEU SUPER;CHRONO AVELIN 4361;254;160
4313 CANTELEU SUPER;CHRONO BONDUES 4703;275;180
4313 CANTELEU SUPER;CHRONO COMPIEGNE 4345;215;145
4313 CANTELEU SUPER;CHRONO COUDEKERQUE 4242;261;170
4313 CANTELEU SUPER;CHRONO CROIX 4154;270;175
4313 CANTELEU SUPER;CHRONO ELEU DIT LEAUWETTE 4462;243;155
4313 CANTELEU SUPER;CHRONO HALLENNES 4167;265;175
4313 CANTELEU SUPER;CHRONO IFS;128;135
4313 CANTELEU SUPER;CHRONO LAMBERSART 4424;270;180
4313 CANTELEU SUPER;CHRONO MARCQ 4128;270;175
4313 CANTELEU SUPER;CHRONO VALENCIENNES 4370;251;160
4313 CANTELEU SUPER;CHRONO WASQUEHAL 4303;268;175
4313 CANTELEU SUPER;CORMEILLES EN PARISIS CHRONODRIVE 413;132;135
4313 CANTELEU SUPER;DIEPPE;58;60
4313 CANTELEU SUPER;DIFFERDANGE;492;325
4313 CANTELEU SUPER;DOUAI;240;160
4313 CANTELEU SUPER;DRIVE ARRAS;190;150
4313 CANTELEU SUPER;DRIVE BETHUNE;258;165
4313 CANTELEU SUPER;DRIVE BOULOGNE;191;120
4313 CANTELEU SUPER;DRIVE CALAIS;218;140
4313 CANTELEU SUPER;DRIVE CAMBRAI;223;145
4313 CANTELEU SUPER;DRIVE CERGY;122;90
4313 CANTELEU SUPER;DRIVE CHERBOURG;247;170
4313 CANTELEU SUPER;DRIVE DOUAI;240;160
4313 CANTELEU SUPER;DRIVE DUNKERQUE;255;165
4313 CANTELEU SUPER;DRIVE DURY;128;85
4313 CANTELEU SUPER;DRIVE ENGLOS;273;175
4313 CANTELEU SUPER;DRIVE FACHES;258;165
4313 CANTELEU SUPER;DRIVE LEERS;276;180
4313 CANTELEU SUPER;DRIVE LOUVROIL;283;185
4313 CANTELEU SUPER;DRIVE MONTIVILLIERS;81;60
4313 CANTELEU SUPER;DRIVE NOGENT SUR OISE;132;130
4313 CANTELEU SUPER;DRIVE NOYELLES;236;150
4313 CANTELEU SUPER;DRIVE NOYON;195;140
4313 CANTELEU SUPER;DRIVE OSNY;126;95
4313 CANTELEU SUPER;DRIVE PETITE FORET;252;160
4313 CANTELEU SUPER;DRIVE ROISSY;154;110
4313 CANTELEU SUPER;DRIVE RONCQ;278;180
4313 CANTELEU SUPER;DRIVE SCHWEIGHOUSE;638;385
4313 CANTELEU SUPER;DRIVE ST OMER;238;155
4313 CANTELEU SUPER;DRIVE ST QUENTIN;203;130
4313 CANTELEU SUPER;DRIVE TAVERNY;136;105
4313 CANTELEU SUPER;DRIVE VALENCIENNES;250;160
4313 CANTELEU SUPER;DRIVE VILLENEUVE D'ASCQ;264;170
4313 CANTELEU SUPER;DUNKERQUE;256;165
4313 CANTELEU SUPER;ENGLOS;272;175
4313 CANTELEU SUPER;ENT AMIENS BINAT;131;135
4313 CANTELEU SUPER;ENT AMIENS SAINT SAUVEUR FLEG;128;135
4313 CANTELEU SUPER;ENT AMIENS SAINT SAUVEUR PF;128;135
4313 CANTELEU SUPER;ENT AMIENS SUPER POULAINVILLE PGC;130;135
4313 CANTELEU SUPER;ENT IENA;256;270
4313 CANTELEU SUPER;ENT IENA1;257;270
4313 CANTELEU SUPER;ENT IENA2;257;270
4313 CANTELEU SUPER;ENT MEYZIEU MEDLEY SUD;606;385
4313 CANTELEU SUPER;ENT SAINGHIN1;260;270
4313 CANTELEU SUPER;ENT SERRIS 2;181;135
4313 CANTELEU SUPER;ENT V DHL;156;115
4313 CANTELEU SUPER;ENT V GEODIS;148;110
4313 CANTELEU SUPER;FACHES;258;165
4313 CANTELEU SUPER;FRANQUEVILLE CHRONODRIVE 4475;14;15
4313 CANTELEU SUPER;HIRSON;275;205
4313 CANTELEU SUPER;IFS CHRONODRIVE 4253;128;85
4313 CANTELEU SUPER;ILLKIRCH;650;395
4313 CANTELEU SUPER;KIRCHBERG;519;330
4313 CANTELEU SUPER;LA CLOCHE D'OR;511;320
4313 CANTELEU SUPER;LA QUEUE LES YVELINES SUPER 1096;107;90
4313 CANTELEU SUPER;LAXOU;499;330
4313 CANTELEU SUPER;LE CHESNAY PARLY 2 SUPER 1144;123;85
4313 CANTELEU SUPER;LE HAVRE;91;105
4313 CANTELEU SUPER;LEERS;276;180
4313 CANTELEU SUPER;LES MUREAUX HALLES AUCHAN;101;70
4313 CANTELEU SUPER;LOUVROIL;283;185
4313 CANTELEU SUPER;MAUREPAS SUPER 4492;135;95
4313 CANTELEU SUPER;MONT SAINT MARTIN;504;320
4313 CANTELEU SUPER;MONTIVILLIERS;84;90
4313 CANTELEU SUPER;NANCY CENTRE;505;340
4313 CANTELEU SUPER;NOGENT SUR OISE;132;130
4313 CANTELEU SUPER;NOYELLES GODAULT;237;150
4313 CANTELEU SUPER;PETITE FORET;251;160
4313 CANTELEU SUPER;ROISSY;154;110
4313 CANTELEU SUPER;RONCQ;277;180
4313 CANTELEU SUPER;SCHWEIGHOUSE;639;385
4313 CANTELEU SUPER;SEMECOURT;475;290
4313 CANTELEU SUPER;SOISY;139;100
4313 CANTELEU SUPER;ST OMER;238;155
4313 CANTELEU SUPER;ST QUENTIN;203;130
4313 CANTELEU SUPER;STRASBOURG;647;395
4313 CANTELEU SUPER;TAVERNY;136;105
4313 CANTELEU SUPER;TOMBLAINE;545;340
4313 CANTELEU SUPER;VAL DE REUIL SUPER 1209;39;45
4313 CANTELEU SUPER;VALENCIENNES;250;160
4313 CANTELEU SUPER;VERNEUIL 1 VERGER SUPER 4981;106;80
4313 CANTELEU SUPER;VILLENEUVE 2;264;170
4313 CANTELEU SUPER;VIRY NOUREUIL;228;150
4536 LILLE WAZEMMES MY AUCHAN;1186 ST QUENTIN SCHUMANN SUPER;110;75
4536 LILLE WAZEMMES MY AUCHAN;1267 CALAIS DELAROCHE SUPER;108;120
4536 LILLE WAZEMMES MY AUCHAN;1297 HARNES SUPER;29;30
4536 LILLE WAZEMMES MY AUCHAN;4313 CANTELEU SUPER;266;170
4536 LILLE WAZEMMES MY AUCHAN;4536 LILLE WAZEMMES MY AUCHAN;0;0
4536 LILLE WAZEMMES MY AUCHAN;4926 BILLY BERCLAU SUPER;28;30
4536 LILLE WAZEMMES MY AUCHAN;4977 RUE SUPER;143;130
4536 LILLE WAZEMMES MY AUCHAN;914 MARQUETTE LES PARTISANS DU GOUT;8;15
4536 LILLE WAZEMMES MY AUCHAN;AUCHAN CITY TOURCOING;16;30
4536 LILLE WAZEMMES MY AUCHAN;AUCHAN LUXEMBOURG SUPPLY;321;210
4536 LILLE WAZEMMES MY AUCHAN;BEAUVAIS;195;125
4536 LILLE WAZEMMES MY AUCHAN;BOULOGNE;129;90
4536 LILLE WAZEMMES MY AUCHAN;CAEN CHRONO 352;389;245
4536 LILLE WAZEMMES MY AUCHAN;CALAIS;113;80
4536 LILLE WAZEMMES MY AUCHAN;CAMBRAI;76;60
4536 LILLE WAZEMMES MY AUCHAN;CERGY;232;150
4536 LILLE WAZEMMES MY AUCHAN;CERGY CHRONODRIVE 469;237;150
4536 LILLE WAZEMMES MY AUCHAN;CHERBOURG;505;330
4536 LILLE WAZEMMES MY AUCHAN;CHRONO BONDUES 4703;11;15
4536 LILLE WAZEMMES MY AUCHAN;CHRONO COMPIEGNE 4345;157;100
4536 LILLE WAZEMMES MY AUCHAN;CHRONO COUDEKERQUE 4242;71;55
4536 LILLE WAZEMMES MY AUCHAN;CHRONO CROIX 4154;14;15
4536 LILLE WAZEMMES MY AUCHAN;CHRONO ELEU DIT LEAUWETTE 4462;38;45
4536 LILLE WAZEMMES MY AUCHAN;CHRONO HALLENNES 4167;10;15
4536 LILLE WAZEMMES MY AUCHAN;CHRONO IFS;386;245
4536 LILLE WAZEMMES MY AUCHAN;CHRONO LAMBERSART 4424;4;15
4536 LILLE WAZEMMES MY AUCHAN;CHRONO MARCQ 4128;8;15
4536 LILLE WAZEMMES MY AUCHAN;CHRONO WASQUEHAL 4303;11;15
4536 LILLE WAZEMMES MY AUCHAN;CORMEILLES EN PARISIS CHRONODRIVE 413;227;150
4536 LILLE WAZEMMES MY AUCHAN;DIEPPE;248;175
4536 LILLE WAZEMMES MY AUCHAN;DIFFERDANGE;302;205
4536 LILLE WAZEMMES MY AUCHAN;DOUAI;45;40
4536 LILLE WAZEMMES MY AUCHAN;DRIVE ARRAS;59;45
4536 LILLE WAZEMMES MY AUCHAN;DRIVE BEAUVAIS;195;125
4536 LILLE WAZEMMES MY AUCHAN;DRIVE BOULOGNE;115;100
4536 LILLE WAZEMMES MY AUCHAN;DRIVE CALAIS;113;80
4536 LILLE WAZEMMES MY AUCHAN;DRIVE CAMBRAI;76;60
4536 LILLE WAZEMMES MY AUCHAN;DRIVE CERGY;232;150
4536 LILLE WAZEMMES MY AUCHAN;DRIVE CHERBOURG;505;330
4536 LILLE WAZEMMES MY AUCHAN;DRIVE DIEPPE;249;175
4536 LILLE WAZEMMES MY AUCHAN;DRIVE DOUAI;45;40
4536 LILLE WAZEMMES MY AUCHAN;DRIVE DUNKERQUE;76;55
4536 LILLE WAZEMMES MY AUCHAN;DRIVE DURY;139;90
4536 LILLE WAZEMMES MY AUCHAN;DRIVE ENGLOS;10;15
4536 LILLE WAZEMMES MY AUCHAN;DRIVE FACHES;9;15
4536 LILLE WAZEMMES MY AUCHAN;DRIVE LE HAVRE;321;205
4536 LILLE WAZEMMES MY AUCHAN;DRIVE LOUVROIL;88;65
4536 LILLE WAZEMMES MY AUCHAN;DRIVE MONTIVILLIERS;311;200
4536 LILLE WAZEMMES MY AUCHAN;DRIVE NOGENT SUR OISE;178;180
4536 LILLE WAZEMMES MY AUCHAN;DRIVE NOYELLES;31;25
4536 LILLE WAZEMMES MY AUCHAN;DRIVE NOYON;139;100
4536 LILLE WAZEMMES MY AUCHAN;DRIVE OSNY;236;155
4536 LILLE WAZEMMES MY AUCHAN;DRIVE PETITE FORET;47;35
4536 LILLE WAZEMMES MY AUCHAN;DRIVE ROISSY;197;125
4536 LILLE WAZEMMES MY AUCHAN;DRIVE RONCQ;18;30
4536 LILLE WAZEMMES MY AUCHAN;DRIVE SCHWEIGHOUSE;546;330
4536 LILLE WAZEMMES MY AUCHAN;DRIVE ST QUENTIN;107;70
4536 LILLE WAZEMMES MY AUCHAN;DRIVE TAVERNY;229;145
4536 LILLE WAZEMMES MY AUCHAN;DRIVE VALENCIENNES;54;40
4536 LILLE WAZEMMES MY AUCHAN;DRIVE VILLENEUVE D'ASCQ;6;15
4536 LILLE WAZEMMES MY AUCHAN;DUNKERQUE;76;55
4536 LILLE WAZEMMES MY AUCHAN;DURY;117;120
4536 LILLE WAZEMMES MY AUCHAN;ENGLOS;9;10
4536 LILLE WAZEMMES MY AUCHAN;ENT AMIENS BINAT;121;135
4536 LILLE WAZEMMES MY AUCHAN;ENT AMIENS SAINT SAUVEUR FLEG;127;135
4536 LILLE WAZEMMES MY AUCHAN;ENT AMIENS SAINT SAUVEUR PF;127;135
4536 LILLE WAZEMMES MY AUCHAN;ENT AMIENS SUPER POULAINVILLE PGC;119;120
4536 LILLE WAZEMMES MY AUCHAN;ENT CARVIN FL;24;30
4536 LILLE WAZEMMES MY AUCHAN;ENT CARVIN PF;24;30
4536 LILLE WAZEMMES MY AUCHAN;ENT IENA;10;15
4536 LILLE WAZEMMES MY AUCHAN;ENT IENA1;11;15
4536 LILLE WAZEMMES MY AUCHAN;ENT IENA2;11;15
4536 LILLE WAZEMMES MY AUCHAN;ENT MEYZIEU MEDLEY SUD;702;425
4536 LILLE WAZEMMES MY AUCHAN;ENT SAINGHIN1;14;15
4536 LILLE WAZEMMES MY AUCHAN;ENT SERRIS 2;235;155
4536 LILLE WAZEMMES MY AUCHAN;ENT SOCOPAL DIEPPE;225;225
4536 LILLE WAZEMMES MY AUCHAN;ENT V DHL;199;130
4536 LILLE WAZEMMES MY AUCHAN;ENT V GEODIS;205;135
4536 LILLE WAZEMMES MY AUCHAN;FRANQUEVILLE CHRONODRIVE 4475;260;175
4536 LILLE WAZEMMES MY AUCHAN;HERBLAY CHRONODRIVE 444;231;150
4536 LILLE WAZEMMES MY AUCHAN;HIRSON;131;120
4536 LILLE WAZEMMES MY AUCHAN;HOUILLES SUPER 1073;225;150
4536 LILLE WAZEMMES MY AUCHAN;IFS CHRONODRIVE 4253;386;245
4536 LILLE WAZEMMES MY AUCHAN;ILLKIRCH;557;340
4536 LILLE WAZEMMES MY AUCHAN;KIRCHBERG;317;205
4536 LILLE WAZEMMES MY AUCHAN;LA CLOCHE D'OR;309;200
4536 LILLE WAZEMMES MY AUCHAN;LA QUEUE LES YVELINES SUPER 1096;264;180
4536 LILLE WAZEMMES MY AUCHAN;LAXOU;406;275
4536 LILLE WAZEMMES MY AUCHAN;LE CHESNAY PARLY 2 SUPER 1144;238;165
4536 LILLE WAZEMMES MY AUCHAN;LE HAVRE;320;205
4536 LILLE WAZEMMES MY AUCHAN;LES MUREAUX HALLES AUCHAN;252;165
4536 LILLE WAZEMMES MY AUCHAN;LONGUEIL SAINTE MARIE SUPER 4315;155;100
4536 LILLE WAZEMMES MY AUCHAN;LOUVROIL;87;65
4536 LILLE WAZEMMES MY AUCHAN;MAUREPAS SUPER 4492;253;175
4536 LILLE WAZEMMES MY AUCHAN;MERS LES BAINS;222;155
4536 LILLE WAZEMMES MY AUCHAN;MERU;221;225
4536 LILLE WAZEMMES MY AUCHAN;MONT SAINT MARTIN;294;195
4536 LILLE WAZEMMES MY AUCHAN;MONTIVILLIERS;315;200
4536 LILLE WAZEMMES MY AUCHAN;NANCY CENTRE;412;285
4536 LILLE WAZEMMES MY AUCHAN;NOYELLES GODAULT;31;25
4536 LILLE WAZEMMES MY AUCHAN;NOYON;139;100
4536 LILLE WAZEMMES MY AUCHAN;OSNY;236;155
4536 LILLE WAZEMMES MY AUCHAN;PETITE FORET;47;35
4536 LILLE WAZEMMES MY AUCHAN;ROISSY;198;125
4536 LILLE WAZEMMES MY AUCHAN;RONCQ;18;30
4536 LILLE WAZEMMES MY AUCHAN;SCHWEIGHOUSE;546;330
4536 LILLE WAZEMMES MY AUCHAN;SEMECOURT;382;230
4536 LILLE WAZEMMES MY AUCHAN;SOCOPAL;225;225
4536 LILLE WAZEMMES MY AUCHAN;SOISY;220;145
4536 LILLE WAZEMMES MY AUCHAN;ST OMER;66;60
4536 LILLE WAZEMMES MY AUCHAN;ST QUENTIN;107;70
4536 LILLE WAZEMMES MY AUCHAN;STRASBOURG;554;335
4536 LILLE WAZEMMES MY AUCHAN;TAVERNY;228;145
4536 LILLE WAZEMMES MY AUCHAN;TOMBLAINE;453;285
4536 LILLE WAZEMMES MY AUCHAN;VAL DE REUIL SUPER 1209;288;195
4536 LILLE WAZEMMES MY AUCHAN;VALENCIENNES;54;40
4536 LILLE WAZEMMES MY AUCHAN;VERNEUIL 1 VERGER SUPER 4981;246;165
4536 LILLE WAZEMMES MY AUCHAN;VIRY NOUREUIL;136;90
4926 BILLY BERCLAU SUPER;1186 ST QUENTIN SCHUMANN SUPER;102;70
4926 BILLY BERCLAU SUPER;1297 HARNES SUPER;16;30
4926 BILLY BERCLAU SUPER;4313 CANTELEU SUPER;258;165
4926 BILLY BERCLAU SUPER;4536 LILLE WAZEMMES MY AUCHAN;28;30
4926 BILLY BERCLAU SUPER;4926 BILLY BERCLAU SUPER;0;0
4926 BILLY BERCLAU SUPER;4977 RUE SUPER;108;105
4926 BILLY BERCLAU SUPER;914 MARQUETTE LES PARTISANS DU GOUT;33;45
4926 BILLY BERCLAU SUPER;ARRAS;33;45
4926 BILLY BERCLAU SUPER;AUCHAN CITY TOURCOING;43;45
4926 BILLY BERCLAU SUPER;AUCHAN LUXEMBOURG SUPPLY;350;230
4926 BILLY BERCLAU SUPER;BEAUVAIS;187;120
4926 BILLY BERCLAU SUPER;BETHUNE;20;30
4926 BILLY BERCLAU SUPER;BOULOGNE;110;120
4926 BILLY BERCLAU SUPER;CAEN CHRONO 352;381;240
4926 BILLY BERCLAU SUPER;CALAIS;111;75
4926 BILLY BERCLAU SUPER;CAMBRAI;71;75
4926 BILLY BERCLAU SUPER;CERGY;225;145
4926 BILLY BERCLAU SUPER;CERGY CHRONODRIVE 469;229;145
4926 BILLY BERCLAU SUPER;CHERBOURG;498;325
4926 BILLY BERCLAU SUPER;CHRONO AVELIN 4361;38;45
4926 BILLY BERCLAU SUPER;CHRONO BONDUES 4703;36;45
4926 BILLY BERCLAU SUPER;CHRONO COMPIEGNE 4345;150;95
4926 BILLY BERCLAU SUPER;CHRONO COUDEKERQUE 4242;83;65
4926 BILLY BERCLAU SUPER;CHRONO CROIX 4154;37;35
4926 BILLY BERCLAU SUPER;CHRONO ELEU DIT LEAUWETTE 4462;14;15
4926 BILLY BERCLAU SUPER;CHRONO HALLENNES 4167;19;30
4926 BILLY BERCLAU SUPER;CHRONO IFS;379;235
4926 BILLY BERCLAU SUPER;CHRONO LAMBERSART 4424;28;30
4926 BILLY BERCLAU SUPER;CHRONO MARCQ 4128;35;45
4926 BILLY BERCLAU SUPER;CHRONO VALENCIENNES 4370;70;75
4926 BILLY BERCLAU SUPER;CORMEILLES EN PARISIS CHRONODRIVE 413;219;145
4926 BILLY BERCLAU SUPER;DIEPPE;241;165
4926 BILLY BERCLAU SUPER;DIFFERDANGE;331;225
4926 BILLY BERCLAU SUPER;DOUAI;38;45
4926 BILLY BERCLAU SUPER;DRIVE ARRAS;32;30
4926 BILLY BERCLAU SUPER;DRIVE BEAUVAIS;187;120
4926 BILLY BERCLAU SUPER;DRIVE BETHUNE;20;30
4926 BILLY BERCLAU SUPER;DRIVE BOULOGNE;111;80
4926 BILLY BERCLAU SUPER;DRIVE CALAIS;110;75
4926 BILLY BERCLAU SUPER;DRIVE CAMBRAI;71;75
4926 BILLY BERCLAU SUPER;DRIVE CERGY;224;145
4926 BILLY BERCLAU SUPER;DRIVE CHERBOURG;498;325
4926 BILLY BERCLAU SUPER;DRIVE DIEPPE;241;170
4926 BILLY BERCLAU SUPER;DRIVE DOUAI;38;45
4926 BILLY BERCLAU SUPER;DRIVE DUNKERQUE;90;90
4926 BILLY BERCLAU SUPER;DRIVE DURY;132;85
4926 BILLY BERCLAU SUPER;DRIVE FACHES;32;30
4926 BILLY BERCLAU SUPER;DRIVE LE HAVRE;313;200
4926 BILLY BERCLAU SUPER;DRIVE LEERS;46;60
4926 BILLY BERCLAU SUPER;DRIVE LOUVROIL;103;80
4926 BILLY BERCLAU SUPER;DRIVE MONTIVILLIERS;304;195
4926 BILLY BERCLAU SUPER;DRIVE NOGENT SUR OISE;169;110
4926 BILLY BERCLAU SUPER;DRIVE NOYELLES;23;30
4926 BILLY BERCLAU SUPER;DRIVE NOYON;131;95
4926 BILLY BERCLAU SUPER;DRIVE OSNY;228;145
4926 BILLY BERCLAU SUPER;DRIVE PETITE FORET;73;75
4926 BILLY BERCLAU SUPER;DRIVE ROISSY;190;120
4926 BILLY BERCLAU SUPER;DRIVE RONCQ;44;45
4926 BILLY BERCLAU SUPER;DRIVE SCHWEIGHOUSE;535;325
4926 BILLY BERCLAU SUPER;DRIVE ST QUENTIN;96;65
4926 BILLY BERCLAU SUPER;DRIVE TAVERNY;221;140
4926 BILLY BERCLAU SUPER;DRIVE VALENCIENNES;70;75
4926 BILLY BERCLAU SUPER;DUNKERQUE;90;90
4926 BILLY BERCLAU SUPER;DURY;131;135
4926 BILLY BERCLAU SUPER;ENGLOS;23;30
4926 BILLY BERCLAU SUPER;ENT AMIENS BINAT;93;105
4926 BILLY BERCLAU SUPER;ENT AMIENS SAINT SAUVEUR FLEG;100;105
4926 BILLY BERCLAU SUPER;ENT AMIENS SAINT SAUVEUR PF;100;105
4926 BILLY BERCLAU SUPER;ENT AMIENS SUPER POULAINVILLE PGC;94;105
4926 BILLY BERCLAU SUPER;ENT CARVIN FL;18;30
4926 BILLY BERCLAU SUPER;ENT CARVIN PF;18;30
4926 BILLY BERCLAU SUPER;ENT IENA;36;45
4926 BILLY BERCLAU SUPER;ENT IENA1;34;30
4926 BILLY BERCLAU SUPER;ENT IENA2;34;30
4926 BILLY BERCLAU SUPER;ENT MEYZIEU MEDLEY SUD;692;420
4926 BILLY BERCLAU SUPER;ENT SAINGHIN1;39;45
4926 BILLY BERCLAU SUPER;ENT SERRIS 2;227;150
4926 BILLY BERCLAU SUPER;ENT V DHL;192;125
4926 BILLY BERCLAU SUPER;ENT V GEODIS;198;130
4926 BILLY BERCLAU SUPER;FACHES;35;45
4926 BILLY BERCLAU SUPER;FRANQUEVILLE CHRONODRIVE 4475;253;165
4926 BILLY BERCLAU SUPER;HERBLAY CHRONODRIVE 444;224;145
4926 BILLY BERCLAU SUPER;HIRSON;135;130
4926 BILLY BERCLAU SUPER;HOUILLES SUPER 1073;218;145
4926 BILLY BERCLAU SUPER;IFS CHRONODRIVE 4253;379;235
4926 BILLY BERCLAU SUPER;ILLKIRCH;546;330
4926 BILLY BERCLAU SUPER;KIRCHBERG;346;225
4926 BILLY BERCLAU SUPER;LA CLOCHE D'OR;338;220
4926 BILLY BERCLAU SUPER;LA QUEUE LES YVELINES SUPER 1096;256;175
4926 BILLY BERCLAU SUPER;LAXOU;395;265
4926 BILLY BERCLAU SUPER;LE CHESNAY PARLY 2 SUPER 1144;231;160
4926 BILLY BERCLAU SUPER;LE HAVRE;313;200
4926 BILLY BERCLAU SUPER;LEERS;46;60
4926 BILLY BERCLAU SUPER;LES MUREAUX HALLES AUCHAN;244;160
4926 BILLY BERCLAU SUPER;LONGUEIL SAINTE MARIE SUPER 4315;147;95
4926 BILLY BERCLAU SUPER;LOUVROIL;103;105
4926 BILLY BERCLAU SUPER;MAUREPAS SUPER 4492;245;170
4926 BILLY BERCLAU SUPER;MERS LES BAINS;140;140
4926 BILLY BERCLAU SUPER;MERU;214;135
4926 BILLY BERCLAU SUPER;MONT SAINT MARTIN;323;215
4926 BILLY BERCLAU SUPER;MONTIVILLIERS;307;195
4926 BILLY BERCLAU SUPER;NANCY CENTRE;401;275
4926 BILLY BERCLAU SUPER;NOGENT SUR OISE;171;110
4926 BILLY BERCLAU SUPER;NOYELLES GODAULT;23;30
4926 BILLY BERCLAU SUPER;NOYON;131;95
4926 BILLY BERCLAU SUPER;OSNY;229;150
4926 BILLY BERCLAU SUPER;PETITE FORET;73;75
4926 BILLY BERCLAU SUPER;ROISSY;190;120
4926 BILLY BERCLAU SUPER;RONCQ;44;45
4926 BILLY BERCLAU SUPER;SCHWEIGHOUSE;535;325
4926 BILLY BERCLAU SUPER;SEMECOURT;371;225
4926 BILLY BERCLAU SUPER;SOISY;212;140
4926 BILLY BERCLAU SUPER;ST OMER;74;75
4926 BILLY BERCLAU SUPER;ST QUENTIN;96;65
4926 BILLY BERCLAU SUPER;STRASBOURG;544;330
4926 BILLY BERCLAU SUPER;TAVERNY;221;140
4926 BILLY BERCLAU SUPER;TOMBLAINE;442;280
4926 BILLY BERCLAU SUPER;VAL DE REUIL SUPER 1209;280;185
4926 BILLY BERCLAU SUPER;VALENCIENNES;70;75
4926 BILLY BERCLAU SUPER;VERNEUIL 1 VERGER SUPER 4981;239;160
4926 BILLY BERCLAU SUPER;VILLENEUVE 2;36;45
4926 BILLY BERCLAU SUPER;VIRY NOUREUIL;125;85
4977 RUE SUPER;1186 ST QUENTIN SCHUMANN SUPER;153;105
4977 RUE SUPER;1267 CALAIS DELAROCHE SUPER;101;105
4977 RUE SUPER;1297 HARNES SUPER;107;110
4977 RUE SUPER;4313 CANTELEU SUPER;138;90
4977 RUE SUPER;4536 LILLE WAZEMMES MY AUCHAN;143;130
4977 RUE SUPER;4926 BILLY BERCLAU SUPER;108;105
4977 RUE SUPER;4977 RUE SUPER;0;0
4977 RUE SUPER;914 MARQUETTE LES PARTISANS DU GOUT;143;135
4977 RUE SUPER;ARRAS;91;85
4977 RUE SUPER;AUCHAN CITY TOURCOING;158;140
4977 RUE SUPER;AUCHAN LUXEMBOURG SUPPLY;450;290
4977 RUE SUPER;BEAUVAIS;129;80
4977 RUE SUPER;BETHUNE;113;120
4977 RUE SUPER;BOULOGNE;82;55
4977 RUE SUPER;CAEN CHRONO 352;261;165
4977 RUE SUPER;CAMBRAI;168;115
4977 RUE SUPER;CERGY;187;120
4977 RUE SUPER;CERGY CHRONODRIVE 469;191;120
4977 RUE SUPER;CHERBOURG;378;250
4977 RUE SUPER;CHRONO AVELIN 4361;136;120
4977 RUE SUPER;CHRONO BONDUES 4703;157;135
4977 RUE SUPER;CHRONO COMPIEGNE 4345;159;110
4977 RUE SUPER;CHRONO COUDEKERQUE 4242;139;95
4977 RUE SUPER;CHRONO CROIX 4154;152;135
4977 RUE SUPER;CHRONO ELEU DIT LEAUWETTE 4462;107;100
4977 RUE SUPER;CHRONO HALLENNES 4167;128;120
4977 RUE SUPER;CHRONO IFS;259;165
4977 RUE SUPER;CHRONO LAMBERSART 4424;137;125
4977 RUE SUPER;CHRONO MARCQ 4128;143;135
4977 RUE SUPER;CHRONO VALENCIENNES 4370;197;130
4977 RUE SUPER;CHRONO WASQUEHAL 4303;150;130
4977 RUE SUPER;CORMEILLES EN PARISIS CHRONODRIVE 413;193;125
4977 RUE SUPER;DIEPPE;77;90
4977 RUE SUPER;DIFFERDANGE;438;295
4977 RUE SUPER;DOUAI;123;115
4977 RUE SUPER;DRIVE ARRAS;90;85
4977 RUE SUPER;DRIVE BEAUVAIS;129;80
4977 RUE SUPER;DRIVE BETHUNE;113;120
4977 RUE SUPER;DRIVE BOULOGNE;68;50
4977 RUE SUPER;DRIVE CALAIS;96;65
4977 RUE SUPER;DRIVE CAMBRAI;168;115
4977 RUE SUPER;DRIVE CERGY;186;120
4977 RUE SUPER;DRIVE CHERBOURG;378;250
4977 RUE SUPER;DRIVE DOUAI;122;115
4977 RUE SUPER;DRIVE DUNKERQUE;133;90
4977 RUE SUPER;DRIVE ENGLOS;132;125
4977 RUE SUPER;DRIVE FACHES;140;120
4977 RUE SUPER;DRIVE LE HAVRE;193;125
4977 RUE SUPER;DRIVE LEERS;158;140
4977 RUE SUPER;DRIVE LOUVROIL;229;150
4977 RUE SUPER;DRIVE MONTIVILLIERS;184;120
4977 RUE SUPER;DRIVE NOGENT SUR OISE;164;105
4977 RUE SUPER;DRIVE NOYELLES;118;110
4977 RUE SUPER;DRIVE NOYON;139;105
4977 RUE SUPER;DRIVE OSNY;170;120
4977 RUE SUPER;DRIVE PETITE FORET;197;130
4977 RUE SUPER;DRIVE ROISSY;197;125
4977 RUE SUPER;DRIVE RONCQ;160;140
4977 RUE SUPER;DRIVE SCHWEIGHOUSE;584;355
4977 RUE SUPER;DRIVE ST OMER;115;85
4977 RUE SUPER;DRIVE ST QUENTIN;149;95
4977 RUE SUPER;DRIVE TAVERNY;183;115
4977 RUE SUPER;DRIVE VALENCIENNES;195;125
4977 RUE SUPER;DRIVE VILLENEUVE D'ASCQ;146;125
4977 RUE SUPER;DUNKERQUE;133;90
4977 RUE SUPER;ENGLOS;131;125
4977 RUE SUPER;ENT AMIENS BINAT;71;75
4977 RUE SUPER;ENT AMIENS SAINT SAUVEUR FLEG;69;75
4977 RUE SUPER;ENT AMIENS SAINT SAUVEUR PF;69;75
4977 RUE SUPER;ENT AMIENS SUPER POULAINVILLE PGC;71;75
4977 RUE SUPER;ENT CARVIN FL;117;115
4977 RUE SUPER;ENT CARVIN PF;117;115
4977 RUE SUPER;ENT IENA;162;165
4977 RUE SUPER;ENT IENA1;142;120
4977 RUE SUPER;ENT IENA2;142;120
4977 RUE SUPER;ENT MEYZIEU MEDLEY SUD;694;435
4977 RUE SUPER;ENT SAINGHIN1;165;165
4977 RUE SUPER;ENT SERRIS 2;232;155
4977 RUE SUPER;ENT V DHL;197;130
4977 RUE SUPER;ENT V GEODIS;199;130
4977 RUE SUPER;FRANQUEVILLE CHRONODRIVE 4475;132;95
4977 RUE SUPER;HERBLAY CHRONODRIVE 444;186;120
4977 RUE SUPER;HIRSON;221;175
4977 RUE SUPER;HOUILLES SUPER 1073;199;130
4977 RUE SUPER;IFS CHRONODRIVE 4253;259;165
4977 RUE SUPER;ILLKIRCH;595;365
4977 RUE SUPER;KIRCHBERG;465;295
4977 RUE SUPER;LA CLOCHE D'OR;457;290
4977 RUE SUPER;LA QUEUE LES YVELINES SUPER 1096;232;165
4977 RUE SUPER;LAXOU;444;295
4977 RUE SUPER;LE CHESNAY PARLY 2 SUPER 1144;210;145
4977 RUE SUPER;LE HAVRE;192;125
4977 RUE SUPER;LEERS;158;140
4977 RUE SUPER;LES MUREAUX HALLES AUCHAN;209;140
4977 RUE SUPER;LONGUEIL SAINTE MARIE SUPER 4315;156;110
4977 RUE SUPER;LOUVROIL;229;150
4977 RUE SUPER;MAUREPAS SUPER 4492;225;160
4977 RUE SUPER;MERS LES BAINS;41;45
4977 RUE SUPER;MERU;156;100
4977 RUE SUPER;MONT SAINT MARTIN;449;290
4977 RUE SUPER;NANCY CENTRE;450;310
4977 RUE SUPER;NOGENT SUR OISE;164;105
4977 RUE SUPER;NOYELLES GODAULT;119;110
4977 RUE SUPER;OSNY;170;120
4977 RUE SUPER;PETITE FORET;197;125
4977 RUE SUPER;ROISSY;197;125
4977 RUE SUPER;RONCQ;159;140
4977 RUE SUPER;SCHWEIGHOUSE;584;355
4977 RUE SUPER;SEMECOURT;420;255
4977 RUE SUPER;SOISY;188;125
4977 RUE SUPER;ST OMER;116;85
4977 RUE SUPER;ST QUENTIN;149;95
4977 RUE SUPER;STRASBOURG;593;360
4977 RUE SUPER;TAVERNY;183;115
4977 RUE SUPER;TOMBLAINE;491;310
4977 RUE SUPER;VAL DE REUIL SUPER 1209;160;115
4977 RUE SUPER;VALENCIENNES;195;125
4977 RUE SUPER;VERNEUIL 1 VERGER SUPER 4981;201;135
4977 RUE SUPER;VILLENEUVE 2;147;130
4977 RUE SUPER;VIRY NOUREUIL;174;115
914 MARQUETTE LES PARTISANS DU GOUT;1186 ST QUENTIN SCHUMANN SUPER;115;85
914 MARQUETTE LES PARTISANS DU GOUT;1267 CALAIS DELAROCHE SUPER;112;75
914 MARQUETTE LES PARTISANS DU GOUT;1297 HARNES SUPER;34;35
914 MARQUETTE LES PARTISANS DU GOUT;4313 CANTELEU SUPER;270;175
914 MARQUETTE LES PARTISANS DU GOUT;4536 LILLE WAZEMMES MY AUCHAN;8;15
914 MARQUETTE LES PARTISANS DU GOUT;4977 RUE SUPER;143;135
914 MARQUETTE LES PARTISANS DU GOUT;914 MARQUETTE LES PARTISANS DU GOUT;0;0
914 MARQUETTE LES PARTISANS DU GOUT;ARRAS;60;60
914 MARQUETTE LES PARTISANS DU GOUT;AUCHAN CITY TOURCOING;12;15
914 MARQUETTE LES PARTISANS DU GOUT;AUCHAN LUXEMBOURG SUPPLY;325;220
914 MARQUETTE LES PARTISANS DU GOUT;BEAUVAIS;200;130
914 MARQUETTE LES PARTISANS DU GOUT;BETHUNE;45;45
914 MARQUETTE LES PARTISANS DU GOUT;CAEN CHRONO 352;394;250
914 MARQUETTE LES PARTISANS DU GOUT;CERGY;237;155
914 MARQUETTE LES PARTISANS DU GOUT;CERGY CHRONODRIVE 469;241;160
914 MARQUETTE LES PARTISANS DU GOUT;CHERBOURG;510;335
914 MARQUETTE LES PARTISANS DU GOUT;CHRONO AVELIN 4361;19;30
914 MARQUETTE LES PARTISANS DU GOUT;CHRONO BONDUES 4703;5;15
914 MARQUETTE LES PARTISANS DU GOUT;CHRONO COMPIEGNE 4345;162;110
914 MARQUETTE LES PARTISANS DU GOUT;CHRONO CROIX 4154;8;15
914 MARQUETTE LES PARTISANS DU GOUT;CHRONO ELEU DIT LEAUWETTE 4462;44;40
914 MARQUETTE LES PARTISANS DU GOUT;CHRONO HALLENNES 4167;14;15
914 MARQUETTE LES PARTISANS DU GOUT;CHRONO IFS;391;250
914 MARQUETTE LES PARTISANS DU GOUT;CHRONO LAMBERSART 4424;8;15
914 MARQUETTE LES PARTISANS DU GOUT;CHRONO MARCQ 4128;4;15
914 MARQUETTE LES PARTISANS DU GOUT;CHRONO VALENCIENNES 4370;57;50
914 MARQUETTE LES PARTISANS DU GOUT;CHRONO WASQUEHAL 4303;8;15
914 MARQUETTE LES PARTISANS DU GOUT;CORMEILLES EN PARISIS CHRONODRIVE 413;232;160
914 MARQUETTE LES PARTISANS DU GOUT;DIEPPE;253;180
914 MARQUETTE LES PARTISANS DU GOUT;DIFFERDANGE;307;210
914 MARQUETTE LES PARTISANS DU GOUT;DRIVE ARRAS;64;50
914 MARQUETTE LES PARTISANS DU GOUT;DRIVE BEAUVAIS;199;130
914 MARQUETTE LES PARTISANS DU GOUT;DRIVE BETHUNE;45;45
914 MARQUETTE LES PARTISANS DU GOUT;DRIVE BOULOGNE;120;100
914 MARQUETTE LES PARTISANS DU GOUT;DRIVE CERGY;236;155
914 MARQUETTE LES PARTISANS DU GOUT;DRIVE CHERBOURG;510;335
914 MARQUETTE LES PARTISANS DU GOUT;DRIVE DIEPPE;253;180
914 MARQUETTE LES PARTISANS DU GOUT;DRIVE DURY;144;95
914 MARQUETTE LES PARTISANS DU GOUT;DRIVE ENGLOS;12;15
914 MARQUETTE LES PARTISANS DU GOUT;DRIVE FACHES;14;20
914 MARQUETTE LES PARTISANS DU GOUT;DRIVE LE HAVRE;325;210
914 MARQUETTE LES PARTISANS DU GOUT;DRIVE LEERS;19;30
914 MARQUETTE LES PARTISANS DU GOUT;DRIVE LOUVROIL;92;75
914 MARQUETTE LES PARTISANS DU GOUT;DRIVE MONTIVILLIERS;316;205
914 MARQUETTE LES PARTISANS DU GOUT;DRIVE NOGENT SUR OISE;182;120
914 MARQUETTE LES PARTISANS DU GOUT;DRIVE NOYELLES;36;30
914 MARQUETTE LES PARTISANS DU GOUT;DRIVE NOYON;143;105
914 MARQUETTE LES PARTISANS DU GOUT;DRIVE OSNY;241;160
914 MARQUETTE LES PARTISANS DU GOUT;DRIVE ROISSY;202;130
914 MARQUETTE LES PARTISANS DU GOUT;DRIVE RONCQ;12;15
914 MARQUETTE LES PARTISANS DU GOUT;DRIVE SCHWEIGHOUSE;550;335
914 MARQUETTE LES PARTISANS DU GOUT;DRIVE ST OMER;70;60
914 MARQUETTE LES PARTISANS DU GOUT;DRIVE ST QUENTIN;111;75
914 MARQUETTE LES PARTISANS DU GOUT;DRIVE TAVERNY;233;155
914 MARQUETTE LES PARTISANS DU GOUT;DUNKERQUE;80;90
914 MARQUETTE LES PARTISANS DU GOUT;DURY;144;95
914 MARQUETTE LES PARTISANS DU GOUT;ENGLOS;12;15
914 MARQUETTE LES PARTISANS DU GOUT;ENT AMIENS BINAT;123;135
914 MARQUETTE LES PARTISANS DU GOUT;ENT AMIENS SAINT SAUVEUR FLEG;152;105
914 MARQUETTE LES PARTISANS DU GOUT;ENT AMIENS SAINT SAUVEUR PF;153;105
914 MARQUETTE LES PARTISANS DU GOUT;ENT AMIENS SUPER POULAINVILLE PGC;126;135
914 MARQUETTE LES PARTISANS DU GOUT;ENT CARVIN FL;29;30
914 MARQUETTE LES PARTISANS DU GOUT;ENT CARVIN PF;29;30
914 MARQUETTE LES PARTISANS DU GOUT;ENT IENA;15;15
914 MARQUETTE LES PARTISANS DU GOUT;ENT IENA1;15;15
914 MARQUETTE LES PARTISANS DU GOUT;ENT IENA2;15;15
914 MARQUETTE LES PARTISANS DU GOUT;ENT MEYZIEU MEDLEY SUD;707;430
914 MARQUETTE LES PARTISANS DU GOUT;ENT SAINGHIN1;18;30
914 MARQUETTE LES PARTISANS DU GOUT;ENT SERRIS 1;240;160
914 MARQUETTE LES PARTISANS DU GOUT;ENT SERRIS 2;239;160
914 MARQUETTE LES PARTISANS DU GOUT;ENT SOCOPAL DIEPPE;230;240
914 MARQUETTE LES PARTISANS DU GOUT;ENT V DHL;204;135
914 MARQUETTE LES PARTISANS DU GOUT;ENT V GEODIS;210;140
914 MARQUETTE LES PARTISANS DU GOUT;FACHES;14;15
914 MARQUETTE LES PARTISANS DU GOUT;FRANQUEVILLE CHRONODRIVE 4475;265;180
914 MARQUETTE LES PARTISANS DU GOUT;HERBLAY CHRONODRIVE 444;236;155
914 MARQUETTE LES PARTISANS DU GOUT;HIRSON;135;125
914 MARQUETTE LES PARTISANS DU GOUT;HOUILLES SUPER 1073;230;155
914 MARQUETTE LES PARTISANS DU GOUT;IFS CHRONODRIVE 4253;391;250
914 MARQUETTE LES PARTISANS DU GOUT;ILLKIRCH;562;345
914 MARQUETTE LES PARTISANS DU GOUT;KIRCHBERG;322;215
914 MARQUETTE LES PARTISANS DU GOUT;LA CLOCHE D'OR;314;205
914 MARQUETTE LES PARTISANS DU GOUT;LA QUEUE LES YVELINES SUPER 1096;268;190
914 MARQUETTE LES PARTISANS DU GOUT;LAXOU;411;280
914 MARQUETTE LES PARTISANS DU GOUT;LE CHESNAY PARLY 2 SUPER 1144;243;170
914 MARQUETTE LES PARTISANS DU GOUT;LE HAVRE;325;210
914 MARQUETTE LES PARTISANS DU GOUT;LEERS;19;30
914 MARQUETTE LES PARTISANS DU GOUT;LES MUREAUX HALLES AUCHAN;256;175
914 MARQUETTE LES PARTISANS DU GOUT;LONGUEIL SAINTE MARIE SUPER 4315;159;105
914 MARQUETTE LES PARTISANS DU GOUT;MAUREPAS SUPER 4492;257;185
914 MARQUETTE LES PARTISANS DU GOUT;MERS LES BAINS;227;160
914 MARQUETTE LES PARTISANS DU GOUT;MERU;226;145
914 MARQUETTE LES PARTISANS DU GOUT;MONT SAINT MARTIN;299;200
914 MARQUETTE LES PARTISANS DU GOUT;MONTIVILLIERS;319;205
914 MARQUETTE LES PARTISANS DU GOUT;NANCY CENTRE;417;290
914 MARQUETTE LES PARTISANS DU GOUT;NOGENT SUR OISE;183;125
914 MARQUETTE LES PARTISANS DU GOUT;NOYELLES GODAULT;35;30
914 MARQUETTE LES PARTISANS DU GOUT;NOYON;144;105
914 MARQUETTE LES PARTISANS DU GOUT;OSNY;241;160
914 MARQUETTE LES PARTISANS DU GOUT;ROISSY;202;130
914 MARQUETTE LES PARTISANS DU GOUT;RONCQ;12;15
914 MARQUETTE LES PARTISANS DU GOUT;SCHWEIGHOUSE;551;335
914 MARQUETTE LES PARTISANS DU GOUT;SEMECOURT;387;240
914 MARQUETTE LES PARTISANS DU GOUT;SOCOPAL;230;240
914 MARQUETTE LES PARTISANS DU GOUT;SOISY;224;155
914 MARQUETTE LES PARTISANS DU GOUT;ST OMER;70;60
914 MARQUETTE LES PARTISANS DU GOUT;STRASBOURG;559;345
914 MARQUETTE LES PARTISANS DU GOUT;TAVERNY;233;150
914 MARQUETTE LES PARTISANS DU GOUT;TOMBLAINE;457;290
914 MARQUETTE LES PARTISANS DU GOUT;VAL DE REUIL SUPER 1209;292;200
914 MARQUETTE LES PARTISANS DU GOUT;VERNEUIL 1 VERGER SUPER 4981;251;170
914 MARQUETTE LES PARTISANS DU GOUT;VILLENEUVE 2;14;15
914 MARQUETTE LES PARTISANS DU GOUT;VIRY NOUREUIL;140;150
ARRAS;1186 ST QUENTIN SCHUMANN SUPER;86;65
ARRAS;1267 CALAIS DELAROCHE SUPER;111;120
ARRAS;1297 HARNES SUPER;31;45
ARRAS;4313 CANTELEU SUPER;190;150
ARRAS;4536 LILLE WAZEMMES MY AUCHAN;56;60
ARRAS;4926 BILLY BERCLAU SUPER;33;45
ARRAS;4977 RUE SUPER;91;85
ARRAS;ARRAS;0;0
ARRAS;AUCHAN CITY TOURCOING;67;75
ARRAS;AUCHAN LUXEMBOURG SUPPLY;365;235
ARRAS;BEAUVAIS;132;135
ARRAS;BETHUNE;36;45
ARRAS;BOULOGNE;113;120
ARRAS;CAEN CHRONO 352;316;225
ARRAS;CALAIS;116;120
ARRAS;CAMBRAI;53;60
ARRAS;CERGY;196;135
ARRAS;CERGY CHRONODRIVE 469;200;135
ARRAS;CHERBOURG;428;435
ARRAS;CHRONO AVELIN 4361;45;45
ARRAS;CHRONO BONDUES 4703;66;75
ARRAS;CHRONO COMPIEGNE 4345;118;120
ARRAS;CHRONO COUDEKERQUE 4242;111;120
ARRAS;CHRONO CROIX 4154;63;75
ARRAS;CHRONO ELEU DIT LEAUWETTE 4462;20;30
ARRAS;CHRONO HALLENNES 4167;49;60
ARRAS;CHRONO IFS;313;220
ARRAS;CHRONO LAMBERSART 4424;58;60
ARRAS;CHRONO MARCQ 4128;62;75
ARRAS;CHRONO VALENCIENNES 4370;76;90
ARRAS;CHRONO WASQUEHAL 4303;62;75
ARRAS;CORMEILLES EN PARISIS CHRONODRIVE 413;190;135
ARRAS;DIEPPE;154;165
ARRAS;DIFFERDANGE;346;230
ARRAS;DOUAI;31;45
ARRAS;DRIVE ARRAS;1;15
ARRAS;DRIVE BETHUNE;36;45
ARRAS;DRIVE BOULOGNE;123;135
ARRAS;DRIVE CAMBRAI;53;60
ARRAS;DRIVE CERGY;195;130
ARRAS;DRIVE CHERBOURG;428;435
ARRAS;DRIVE DIEPPE;176;155
ARRAS;DRIVE DOUAI;31;45
ARRAS;DRIVE DUNKERQUE;118;120
ARRAS;DRIVE DURY;71;75
ARRAS;DRIVE ENGLOS;53;60
ARRAS;DRIVE LE HAVRE;248;185
ARRAS;DRIVE LEERS;67;75
ARRAS;DRIVE LOUVROIL;109;120
ARRAS;DRIVE MONTIVILLIERS;238;180
ARRAS;DRIVE NOGENT SUR OISE;140;100
ARRAS;DRIVE NOYELLES;27;30
ARRAS;DRIVE NOYON;103;105
ARRAS;DRIVE OSNY;199;135
ARRAS;DRIVE PETITE FORET;74;75
ARRAS;DRIVE ROISSY;161;110
ARRAS;DRIVE RONCQ;68;75
ARRAS;DRIVE SCHWEIGHOUSE;521;315
ARRAS;DRIVE ST QUENTIN;82;90
ARRAS;DRIVE TAVERNY;192;130
ARRAS;DRIVE VALENCIENNES;76;90
ARRAS;DRIVE VILLENEUVE D'ASCQ;55;60
ARRAS;DUNKERQUE;119;120
ARRAS;DURY;71;75
ARRAS;ENGLOS;52;60
ARRAS;ENT AMIENS BINAT;64;75
ARRAS;ENT AMIENS SAINT SAUVEUR FLEG;70;75
ARRAS;ENT AMIENS SAINT SAUVEUR PF;70;75
ARRAS;ENT AMIENS SUPER POULAINVILLE PGC;61;75
ARRAS;ENT CARVIN FL;35;45
ARRAS;ENT CARVIN PF;35;45
ARRAS;ENT IENA1;50;40
ARRAS;ENT IENA2;50;40
ARRAS;ENT MEYZIEU MEDLEY SUD;678;410
ARRAS;ENT SERRIS 2;198;140
ARRAS;ENT SOCOPAL DIEPPE;161;165
ARRAS;ENT V DHL;163;115
ARRAS;ENT V GEODIS;169;120
ARRAS;FACHES;49;60
ARRAS;FRANQUEVILLE CHRONODRIVE 4475;187;150
ARRAS;HERBLAY CHRONODRIVE 444;195;135
ARRAS;HIRSON;113;120
ARRAS;HOUILLES SUPER 1073;188;130
ARRAS;IFS CHRONODRIVE 4253;313;220
ARRAS;ILLKIRCH;533;325
ARRAS;KIRCHBERG;361;230
ARRAS;LA CLOCHE D'OR;353;225
ARRAS;LA QUEUE LES YVELINES SUPER 1096;227;165
ARRAS;LAXOU;382;255
ARRAS;LE CHESNAY PARLY 2 SUPER 1144;202;150
ARRAS;LE HAVRE;256;270
ARRAS;LEERS;67;75
ARRAS;LES MUREAUX HALLES AUCHAN;215;150
ARRAS;LONGUEIL SAINTE MARIE SUPER 4315;118;120
ARRAS;LOUVROIL;109;120
ARRAS;MAUREPAS SUPER 4492;216;160
ARRAS;MERS LES BAINS;111;120
ARRAS;MONT SAINT MARTIN;338;220
ARRAS;NANCY CENTRE;387;270
ARRAS;NOYELLES GODAULT;28;30
ARRAS;NOYON;103;105
ARRAS;OSNY;200;135
ARRAS;PETITE FORET;74;75
ARRAS;ROISSY;161;110
ARRAS;RONCQ;68;75
ARRAS;SCHWEIGHOUSE;521;315
ARRAS;SEMECOURT;358;215
ARRAS;SOCOPAL;161;165
ARRAS;SOISY;183;130
ARRAS;ST OMER;75;75
ARRAS;ST QUENTIN;76;90
ARRAS;STRASBOURG;530;320
ARRAS;TAVERNY;191;130
ARRAS;TOMBLAINE;428;270
ARRAS;VAL DE REUIL SUPER 1209;215;175
ARRAS;VALENCIENNES;76;90
ARRAS;VERNEUIL 1 VERGER SUPER 4981;209;150
ARRAS;VILLENEUVE 2;55;60
ARRAS;VIRY NOUREUIL;103;105
AUCHAN CITY TOURCOING;1186 ST QUENTIN SCHUMANN SUPER;120;85
AUCHAN CITY TOURCOING;1267 CALAIS DELAROCHE SUPER;120;120
AUCHAN CITY TOURCOING;1297 HARNES SUPER;40;45
AUCHAN CITY TOURCOING;4313 CANTELEU SUPER;276;180
AUCHAN CITY TOURCOING;4536 LILLE WAZEMMES MY AUCHAN;16;30
AUCHAN CITY TOURCOING;4977 RUE SUPER;158;140
AUCHAN CITY TOURCOING;914 MARQUETTE LES PARTISANS DU GOUT;12;15
AUCHAN CITY TOURCOING;ARRAS;69;75
AUCHAN CITY TOURCOING;AUCHAN CITY TOURCOING;0;0
AUCHAN CITY TOURCOING;AUCHAN LUXEMBOURG SUPPLY;325;215
AUCHAN CITY TOURCOING;BETHUNE;56;60
AUCHAN CITY TOURCOING;BOULOGNE;126;135
AUCHAN CITY TOURCOING;CAEN CHRONO 352;400;255
AUCHAN CITY TOURCOING;CERGY;243;160
AUCHAN CITY TOURCOING;CERGY CHRONODRIVE 469;247;160
AUCHAN CITY TOURCOING;CHERBOURG;516;340
AUCHAN CITY TOURCOING;CHRONO AVELIN 4361;26;30
AUCHAN CITY TOURCOING;CHRONO BONDUES 4703;7;15
AUCHAN CITY TOURCOING;CHRONO COMPIEGNE 4345;168;110
AUCHAN CITY TOURCOING;CHRONO COUDEKERQUE 4242;80;90
AUCHAN CITY TOURCOING;CHRONO CROIX 4154;6;15
AUCHAN CITY TOURCOING;CHRONO ELEU DIT LEAUWETTE 4462;51;60
AUCHAN CITY TOURCOING;CHRONO HALLENNES 4167;23;30
AUCHAN CITY TOURCOING;CHRONO IFS;397;250
AUCHAN CITY TOURCOING;CHRONO LAMBERSART 4424;17;30
AUCHAN CITY TOURCOING;CHRONO MARCQ 4128;8;15
AUCHAN CITY TOURCOING;CHRONO VALENCIENNES 4370;62;75
AUCHAN CITY TOURCOING;CHRONO WASQUEHAL 4303;8;15
AUCHAN CITY TOURCOING;CORMEILLES EN PARISIS CHRONODRIVE 413;237;160
AUCHAN CITY TOURCOING;DIEPPE;259;180
AUCHAN CITY TOURCOING;DIFFERDANGE;307;210
AUCHAN CITY TOURCOING;DOUAI;56;60
AUCHAN CITY TOURCOING;DRIVE ARRAS;70;75
AUCHAN CITY TOURCOING;DRIVE BEAUVAIS;205;135
AUCHAN CITY TOURCOING;DRIVE BETHUNE;56;60
AUCHAN CITY TOURCOING;DRIVE BOULOGNE;128;110
AUCHAN CITY TOURCOING;DRIVE CALAIS;125;90
AUCHAN CITY TOURCOING;DRIVE CERGY;242;160
AUCHAN CITY TOURCOING;DRIVE CHERBOURG;516;340
AUCHAN CITY TOURCOING;DRIVE DIEPPE;259;185
AUCHAN CITY TOURCOING;DRIVE DOUAI;56;60
AUCHAN CITY TOURCOING;DRIVE DUNKERQUE;89;90
AUCHAN CITY TOURCOING;DRIVE DURY;150;100
AUCHAN CITY TOURCOING;DRIVE ENGLOS;22;30
AUCHAN CITY TOURCOING;DRIVE FACHES;22;30
AUCHAN CITY TOURCOING;DRIVE LE HAVRE;331;215
AUCHAN CITY TOURCOING;DRIVE LEERS;9;15
AUCHAN CITY TOURCOING;DRIVE LOUVROIL;96;105
AUCHAN CITY TOURCOING;DRIVE MONTIVILLIERS;325;330
AUCHAN CITY TOURCOING;DRIVE NOGENT SUR OISE;187;125
AUCHAN CITY TOURCOING;DRIVE NOYELLES;43;45
AUCHAN CITY TOURCOING;DRIVE NOYON;149;110
AUCHAN CITY TOURCOING;DRIVE OSNY;247;160
AUCHAN CITY TOURCOING;DRIVE PETITE FORET;56;60
AUCHAN CITY TOURCOING;DRIVE ROISSY;208;135
AUCHAN CITY TOURCOING;DRIVE RONCQ;4;15
AUCHAN CITY TOURCOING;DRIVE SCHWEIGHOUSE;521;335
AUCHAN CITY TOURCOING;DRIVE ST QUENTIN;117;80
AUCHAN CITY TOURCOING;DRIVE TAVERNY;239;155
AUCHAN CITY TOURCOING;DRIVE VALENCIENNES;63;75
AUCHAN CITY TOURCOING;DRIVE VILLENEUVE D'ASCQ;17;30
AUCHAN CITY TOURCOING;DUNKERQUE;89;90
AUCHAN CITY TOURCOING;DURY;135;135
AUCHAN CITY TOURCOING;ENGLOS;22;30
AUCHAN CITY TOURCOING;ENT AMIENS BINAT;131;135
AUCHAN CITY TOURCOING;ENT AMIENS SAINT SAUVEUR FLEG;138;150
AUCHAN CITY TOURCOING;ENT AMIENS SAINT SAUVEUR PF;138;150
AUCHAN CITY TOURCOING;ENT AMIENS SUPER POULAINVILLE PGC;133;135
AUCHAN CITY TOURCOING;ENT CARVIN FL;35;45
AUCHAN CITY TOURCOING;ENT CARVIN PF;35;45
AUCHAN CITY TOURCOING;ENT IENA;23;30
AUCHAN CITY TOURCOING;ENT IENA1;20;30
AUCHAN CITY TOURCOING;ENT IENA2;20;30
AUCHAN CITY TOURCOING;ENT MEYZIEU MEDLEY SUD;713;435
AUCHAN CITY TOURCOING;ENT SAINGHIN1;22;30
AUCHAN CITY TOURCOING;ENT SERRIS 2;245;165
AUCHAN CITY TOURCOING;ENT V DHL;210;140
AUCHAN CITY TOURCOING;ENT V GEODIS;216;145
AUCHAN CITY TOURCOING;FACHES;22;30
AUCHAN CITY TOURCOING;FRANQUEVILLE CHRONODRIVE 4475;271;180
AUCHAN CITY TOURCOING;HERBLAY CHRONODRIVE 444;242;160
AUCHAN CITY TOURCOING;HIRSON;147;150
AUCHAN CITY TOURCOING;HOUILLES SUPER 1073;236;160
AUCHAN CITY TOURCOING;IFS CHRONODRIVE 4253;397;250
AUCHAN CITY TOURCOING;ILLKIRCH;533;345
AUCHAN CITY TOURCOING;KIRCHBERG;322;210
AUCHAN CITY TOURCOING;LA CLOCHE D'OR;314;205
AUCHAN CITY TOURCOING;LA QUEUE LES YVELINES SUPER 1096;274;190
AUCHAN CITY TOURCOING;LAXOU;417;280
AUCHAN CITY TOURCOING;LE CHESNAY PARLY 2 SUPER 1144;249;175
AUCHAN CITY TOURCOING;LE HAVRE;331;345
AUCHAN CITY TOURCOING;LEERS;9;15
AUCHAN CITY TOURCOING;LES MUREAUX HALLES AUCHAN;262;175
AUCHAN CITY TOURCOING;LONGUEIL SAINTE MARIE SUPER 4315;165;110
AUCHAN CITY TOURCOING;LOUVROIL;96;105
AUCHAN CITY TOURCOING;MAUREPAS SUPER 4492;263;185
AUCHAN CITY TOURCOING;MERS LES BAINS;233;165
AUCHAN CITY TOURCOING;MERU;232;150
AUCHAN CITY TOURCOING;MONT SAINT MARTIN;299;200
AUCHAN CITY TOURCOING;MONTIVILLIERS;324;330
AUCHAN CITY TOURCOING;NANCY CENTRE;425;290
AUCHAN CITY TOURCOING;NOGENT SUR OISE;189;125
AUCHAN CITY TOURCOING;NOYELLES GODAULT;44;45
AUCHAN CITY TOURCOING;NOYON;152;165
AUCHAN CITY TOURCOING;OSNY;247;165
AUCHAN CITY TOURCOING;PETITE FORET;56;60
AUCHAN CITY TOURCOING;RONCQ;4;15
AUCHAN CITY TOURCOING;SCHWEIGHOUSE;522;340
AUCHAN CITY TOURCOING;SEMECOURT;393;240
AUCHAN CITY TOURCOING;SOISY;230;155
AUCHAN CITY TOURCOING;ST OMER;79;90
AUCHAN CITY TOURCOING;ST QUENTIN;117;80
AUCHAN CITY TOURCOING;STRASBOURG;530;345
AUCHAN CITY TOURCOING;TAVERNY;239;155
AUCHAN CITY TOURCOING;TOMBLAINE;428;290
AUCHAN CITY TOURCOING;VAL DE REUIL SUPER 1209;298;205
AUCHAN CITY TOURCOING;VALENCIENNES;63;75
AUCHAN CITY TOURCOING;VERNEUIL 1 VERGER SUPER 4981;257;175
AUCHAN CITY TOURCOING;VILLENEUVE 2;16;30
AUCHAN CITY TOURCOING;VIRY NOUREUIL;146;150
AUCHAN LUXEMBOURG SUPPLY;1186 ST QUENTIN SCHUMANN SUPER;308;205
AUCHAN LUXEMBOURG SUPPLY;1267 CALAIS DELAROCHE SUPER;426;280
AUCHAN LUXEMBOURG SUPPLY;1297 HARNES SUPER;337;225
AUCHAN LUXEMBOURG SUPPLY;4313 CANTELEU SUPER;504;320
AUCHAN LUXEMBOURG SUPPLY;4536 LILLE WAZEMMES MY AUCHAN;321;210
AUCHAN LUXEMBOURG SUPPLY;4926 BILLY BERCLAU SUPER;350;230
AUCHAN LUXEMBOURG SUPPLY;4977 RUE SUPER;450;290
AUCHAN LUXEMBOURG SUPPLY;914 MARQUETTE LES PARTISANS DU GOUT;325;220
AUCHAN LUXEMBOURG SUPPLY;ARRAS;365;235
AUCHAN LUXEMBOURG SUPPLY;AUCHAN CITY TOURCOING;325;215
AUCHAN LUXEMBOURG SUPPLY;AUCHAN LUXEMBOURG SUPPLY;0;0
AUCHAN LUXEMBOURG SUPPLY;BEAUVAIS;409;270
AUCHAN LUXEMBOURG SUPPLY;BETHUNE;365;245
AUCHAN LUXEMBOURG SUPPLY;BOULOGNE;453;295
AUCHAN LUXEMBOURG SUPPLY;CAEN CHRONO 352;589;385
AUCHAN LUXEMBOURG SUPPLY;CALAIS;436;285
AUCHAN LUXEMBOURG SUPPLY;CAMBRAI;311;210
AUCHAN LUXEMBOURG SUPPLY;CERGY;379;255
AUCHAN LUXEMBOURG SUPPLY;CERGY CHRONODRIVE 469;383;255
AUCHAN LUXEMBOURG SUPPLY;CHERBOURG;706;465
AUCHAN LUXEMBOURG SUPPLY;CHRONO AVELIN 4361;324;215
AUCHAN LUXEMBOURG SUPPLY;CHRONO BONDUES 4703;329;220
AUCHAN LUXEMBOURG SUPPLY;CHRONO COMPIEGNE 4345;309;240
AUCHAN LUXEMBOURG SUPPLY;CHRONO COUDEKERQUE 4242;392;255
AUCHAN LUXEMBOURG SUPPLY;CHRONO CROIX 4154;322;215
AUCHAN LUXEMBOURG SUPPLY;CHRONO ELEU DIT LEAUWETTE 4462;342;225
AUCHAN LUXEMBOURG SUPPLY;CHRONO HALLENNES 4167;329;220
AUCHAN LUXEMBOURG SUPPLY;CHRONO LAMBERSART 4424;326;220
AUCHAN LUXEMBOURG SUPPLY;CHRONO MARCQ 4128;326;220
AUCHAN LUXEMBOURG SUPPLY;CHRONO VALENCIENNES 4370;280;185
AUCHAN LUXEMBOURG SUPPLY;CHRONO WASQUEHAL 4303;321;215
AUCHAN LUXEMBOURG SUPPLY;CORMEILLES EN PARISIS CHRONODRIVE 413;367;250
AUCHAN LUXEMBOURG SUPPLY;DIEPPE;488;325
AUCHAN LUXEMBOURG SUPPLY;DIFFERDANGE;21;30
AUCHAN LUXEMBOURG SUPPLY;DOUAI;323;215
AUCHAN LUXEMBOURG SUPPLY;DRIVE ARRAS;365;240
AUCHAN LUXEMBOURG SUPPLY;DRIVE BEAUVAIS;409;270
AUCHAN LUXEMBOURG SUPPLY;DRIVE BETHUNE;366;245
AUCHAN LUXEMBOURG SUPPLY;DRIVE BOULOGNE;445;295
AUCHAN LUXEMBOURG SUPPLY;DRIVE CALAIS;436;285
AUCHAN LUXEMBOURG SUPPLY;DRIVE CAMBRAI;311;210
AUCHAN LUXEMBOURG SUPPLY;DRIVE CERGY;379;255
AUCHAN LUXEMBOURG SUPPLY;DRIVE CHERBOURG;706;465
AUCHAN LUXEMBOURG SUPPLY;DRIVE DIEPPE;488;325
AUCHAN LUXEMBOURG SUPPLY;DRIVE DOUAI;323;215
AUCHAN LUXEMBOURG SUPPLY;DRIVE DUNKERQUE;400;260
AUCHAN LUXEMBOURG SUPPLY;DRIVE DURY;379;240
AUCHAN LUXEMBOURG SUPPLY;DRIVE ENGLOS;329;220
AUCHAN LUXEMBOURG SUPPLY;DRIVE FACHES;319;210
AUCHAN LUXEMBOURG SUPPLY;DRIVE LE HAVRE;560;355
AUCHAN LUXEMBOURG SUPPLY;DRIVE LEERS;320;210
AUCHAN LUXEMBOURG SUPPLY;DRIVE LOUVROIL;229;170
AUCHAN LUXEMBOURG SUPPLY;DRIVE MONTIVILLIERS;551;350
AUCHAN LUXEMBOURG SUPPLY;DRIVE NOGENT SUR OISE;353;250
AUCHAN LUXEMBOURG SUPPLY;DRIVE NOYELLES;334;220
AUCHAN LUXEMBOURG SUPPLY;DRIVE NOYON;323;225
AUCHAN LUXEMBOURG SUPPLY;DRIVE OSNY;383;255
AUCHAN LUXEMBOURG SUPPLY;DRIVE PETITE FORET;290;190
AUCHAN LUXEMBOURG SUPPLY;DRIVE ROISSY;347;230
AUCHAN LUXEMBOURG SUPPLY;DRIVE RONCQ;329;220
AUCHAN LUXEMBOURG SUPPLY;DRIVE SCHWEIGHOUSE;206;135
AUCHAN LUXEMBOURG SUPPLY;DRIVE ST OMER;385;265
AUCHAN LUXEMBOURG SUPPLY;DRIVE ST QUENTIN;309;200
AUCHAN LUXEMBOURG SUPPLY;DRIVE TAVERNY;370;250
AUCHAN LUXEMBOURG SUPPLY;DRIVE VALENCIENNES;284;185
AUCHAN LUXEMBOURG SUPPLY;DRIVE VILLENEUVE D'ASCQ;316;210
AUCHAN LUXEMBOURG SUPPLY;DUNKERQUE;400;260
AUCHAN LUXEMBOURG SUPPLY;DURY;379;240
AUCHAN LUXEMBOURG SUPPLY;ENGLOS;328;220
AUCHAN LUXEMBOURG SUPPLY;ENT AMIENS SAINT SAUVEUR FLEG;387;245
AUCHAN LUXEMBOURG SUPPLY;ENT AMIENS SAINT SAUVEUR PF;387;250
AUCHAN LUXEMBOURG SUPPLY;ENT AMIENS SUPER POULAINVILLE PGC;382;245
AUCHAN LUXEMBOURG SUPPLY;ENT CARVIN FL;334;220
AUCHAN LUXEMBOURG SUPPLY;ENT CARVIN PF;334;220
AUCHAN LUXEMBOURG SUPPLY;ENT IENA;319;330
AUCHAN LUXEMBOURG SUPPLY;ENT IENA1;320;210
AUCHAN LUXEMBOURG SUPPLY;ENT IENA2;320;210
AUCHAN LUXEMBOURG SUPPLY;ENT MEYZIEU MEDLEY SUD;519;330
AUCHAN LUXEMBOURG SUPPLY;ENT SERRIS 2;314;200
AUCHAN LUXEMBOURG SUPPLY;ENT SOCOPAL DIEPPE;471;305
AUCHAN LUXEMBOURG SUPPLY;ENT V DHL;342;230
AUCHAN LUXEMBOURG SUPPLY;ENT V GEODIS;349;235
AUCHAN LUXEMBOURG SUPPLY;FACHES;319;210
AUCHAN LUXEMBOURG SUPPLY;FRANQUEVILLE CHRONODRIVE 4475;500;325
AUCHAN LUXEMBOURG SUPPLY;HERBLAY CHRONODRIVE 444;370;245
AUCHAN LUXEMBOURG SUPPLY;HIRSON;213;155
AUCHAN LUXEMBOURG SUPPLY;HOUILLES SUPER 1073;366;245
AUCHAN LUXEMBOURG SUPPLY;IFS CHRONODRIVE 4253;587;380
AUCHAN LUXEMBOURG SUPPLY;ILLKIRCH;217;145
AUCHAN LUXEMBOURG SUPPLY;KIRCHBERG;18;30
AUCHAN LUXEMBOURG SUPPLY;LA CLOCHE D'OR;26;30
AUCHAN LUXEMBOURG SUPPLY;LA QUEUE LES YVELINES SUPER 1096;396;265
AUCHAN LUXEMBOURG SUPPLY;LAXOU;108;80
AUCHAN LUXEMBOURG SUPPLY;LE CHESNAY PARLY 2 SUPER 1144;369;255
AUCHAN LUXEMBOURG SUPPLY;LE HAVRE;560;355
AUCHAN LUXEMBOURG SUPPLY;LEERS;320;210
AUCHAN LUXEMBOURG SUPPLY;LES MUREAUX HALLES AUCHAN;392;265
AUCHAN LUXEMBOURG SUPPLY;LONGUEIL SAINTE MARIE SUPER 4315;317;245
AUCHAN LUXEMBOURG SUPPLY;LOUVROIL;230;170
AUCHAN LUXEMBOURG SUPPLY;MAUREPAS SUPER 4492;386;260
AUCHAN LUXEMBOURG SUPPLY;MERS LES BAINS;462;305
AUCHAN LUXEMBOURG SUPPLY;MERU;386;260
AUCHAN LUXEMBOURG SUPPLY;MONT SAINT MARTIN;29;30
AUCHAN LUXEMBOURG SUPPLY;MONTIVILLIERS;554;350
AUCHAN LUXEMBOURG SUPPLY;NANCY CENTRE;109;90
AUCHAN LUXEMBOURG SUPPLY;NOGENT SUR OISE;353;250
AUCHAN LUXEMBOURG SUPPLY;NOYELLES GODAULT;331;220
AUCHAN LUXEMBOURG SUPPLY;NOYON;323;225
AUCHAN LUXEMBOURG SUPPLY;OSNY;383;260
AUCHAN LUXEMBOURG SUPPLY;PETITE FORET;290;190
AUCHAN LUXEMBOURG SUPPLY;ROISSY;347;230
AUCHAN LUXEMBOURG SUPPLY;RONCQ;328;220
AUCHAN LUXEMBOURG SUPPLY;SCHWEIGHOUSE;206;135
AUCHAN LUXEMBOURG SUPPLY;SEMECOURT;42;45
AUCHAN LUXEMBOURG SUPPLY;SOCOPAL;467;295
AUCHAN LUXEMBOURG SUPPLY;SOISY;362;245
AUCHAN LUXEMBOURG SUPPLY;ST OMER;385;265
AUCHAN LUXEMBOURG SUPPLY;ST QUENTIN;309;200
AUCHAN LUXEMBOURG SUPPLY;STRASBOURG;214;140
AUCHAN LUXEMBOURG SUPPLY;TAVERNY;370;245
AUCHAN LUXEMBOURG SUPPLY;TOMBLAINE;107;120
AUCHAN LUXEMBOURG SUPPLY;VAL DE REUIL SUPER 1209;461;305
AUCHAN LUXEMBOURG SUPPLY;VALENCIENNES;284;185
AUCHAN LUXEMBOURG SUPPLY;VERNEUIL 1 VERGER SUPER 4981;392;270
AUCHAN LUXEMBOURG SUPPLY;VILLENEUVE 2;316;210
AUCHAN LUXEMBOURG SUPPLY;VIRY NOUREUIL;300;200
BEAUVAIS;1186 ST QUENTIN SCHUMANN SUPER;138;150
BEAUVAIS;1267 CALAIS DELAROCHE SUPER;214;130
BEAUVAIS;1297 HARNES SUPER;174;110
BEAUVAIS;4313 CANTELEU SUPER;93;105
BEAUVAIS;4536 LILLE WAZEMMES MY AUCHAN;195;125
BEAUVAIS;4926 BILLY BERCLAU SUPER;187;120
BEAUVAIS;4977 RUE SUPER;129;80
BEAUVAIS;914 MARQUETTE LES PARTISANS DU GOUT;200;130
BEAUVAIS;AUCHAN CITY TOURCOING;206;210
BEAUVAIS;AUCHAN LUXEMBOURG SUPPLY;409;270
BEAUVAIS;BEAUVAIS;0;0
BEAUVAIS;BOULOGNE;197;120
BEAUVAIS;CAEN CHRONO 352;213;175
BEAUVAIS;CALAIS;211;130
BEAUVAIS;CAMBRAI;155;165
BEAUVAIS;CERGY;53;60
BEAUVAIS;CERGY CHRONODRIVE 469;56;60
BEAUVAIS;CHERBOURG;329;255
BEAUVAIS;CHRONO AVELIN 4361;185;115
BEAUVAIS;CHRONO BONDUES 4703;206;135
BEAUVAIS;CHRONO COMPIEGNE 4345;60;60
BEAUVAIS;CHRONO COUDEKERQUE 4242;254;160
BEAUVAIS;CHRONO CROIX 4154;201;130
BEAUVAIS;CHRONO ELEU DIT LEAUWETTE 4462;173;110
BEAUVAIS;CHRONO HALLENNES 4167;195;130
BEAUVAIS;CHRONO IFS;211;170
BEAUVAIS;CHRONO LAMBERSART 4424;201;135
BEAUVAIS;CHRONO MARCQ 4128;201;130
BEAUVAIS;CHRONO VALENCIENNES 4370;182;120
BEAUVAIS;CHRONO WASQUEHAL 4303;199;130
BEAUVAIS;CORMEILLES EN PARISIS CHRONODRIVE 413;71;75
BEAUVAIS;DIEPPE;111;120
BEAUVAIS;DIFFERDANGE;399;280
BEAUVAIS;DOUAI;171;180
BEAUVAIS;DRIVE ARRAS;129;110
BEAUVAIS;DRIVE BEAUVAIS;0;0
BEAUVAIS;DRIVE BOULOGNE;182;195
BEAUVAIS;DRIVE CALAIS;213;225
BEAUVAIS;DRIVE CAMBRAI;155;165
BEAUVAIS;DRIVE CERGY;61;75
BEAUVAIS;DRIVE CHERBOURG;329;255
BEAUVAIS;DRIVE DIEPPE;108;115
BEAUVAIS;DRIVE DOUAI;171;180
BEAUVAIS;DRIVE DUNKERQUE;248;155
BEAUVAIS;DRIVE DURY;57;60
BEAUVAIS;DRIVE ENGLOS;204;135
BEAUVAIS;DRIVE FACHES;189;120
BEAUVAIS;DRIVE LE HAVRE;180;150
BEAUVAIS;DRIVE LEERS;206;210
BEAUVAIS;DRIVE LOUVROIL;214;140
BEAUVAIS;DRIVE MONTIVILLIERS;175;180
BEAUVAIS;DRIVE NOGENT SUR OISE;41;45
BEAUVAIS;DRIVE NOYELLES;167;180
BEAUVAIS;DRIVE OSNY;49;60
BEAUVAIS;DRIVE ROISSY;71;75
BEAUVAIS;DRIVE RONCQ;209;135
BEAUVAIS;DRIVE SCHWEIGHOUSE;545;340
BEAUVAIS;DRIVE ST OMER;231;145
BEAUVAIS;DRIVE TAVERNY;58;60
BEAUVAIS;DUNKERQUE;248;155
BEAUVAIS;DURY;57;60
BEAUVAIS;ENGLOS;203;210
BEAUVAIS;ENT AMIENS SAINT SAUVEUR FLEG;69;75
BEAUVAIS;ENT AMIENS SAINT SAUVEUR PF;69;75
BEAUVAIS;ENT AMIENS SUPER POULAINVILLE PGC;71;75
BEAUVAIS;ENT CARVIN FL;179;180
BEAUVAIS;ENT CARVIN PF;179;180
BEAUVAIS;ENT IENA;190;195
BEAUVAIS;ENT IENA1;190;120
BEAUVAIS;ENT IENA2;190;120
BEAUVAIS;ENT MEYZIEU MEDLEY SUD;568;360
BEAUVAIS;ENT SAINGHIN1;193;195
BEAUVAIS;ENT SERRIS 1;106;120
BEAUVAIS;ENT SERRIS 2;106;80
BEAUVAIS;ENT V DHL;113;120
BEAUVAIS;ENT V GEODIS;113;120
BEAUVAIS;FACHES;188;195
BEAUVAIS;FRANQUEVILLE CHRONODRIVE 4475;90;90
BEAUVAIS;HERBLAY CHRONODRIVE 444;58;60
BEAUVAIS;HIRSON;206;160
BEAUVAIS;HOUILLES SUPER 1073;72;55
BEAUVAIS;IFS CHRONODRIVE 4253;211;170
BEAUVAIS;ILLKIRCH;557;350
BEAUVAIS;KIRCHBERG;427;285
BEAUVAIS;LA CLOCHE D'OR;418;275
BEAUVAIS;LA QUEUE LES YVELINES SUPER 1096;106;90
BEAUVAIS;LAXOU;406;285
BEAUVAIS;LE CHESNAY PARLY 2 SUPER 1144;84;70
BEAUVAIS;LE HAVRE;182;195
BEAUVAIS;LEERS;206;210
BEAUVAIS;LONGUEIL SAINTE MARIE SUPER 4315;54;60
BEAUVAIS;LOUVROIL;214;140
BEAUVAIS;MAUREPAS SUPER 4492;106;120
BEAUVAIS;MERU;30;30
BEAUVAIS;MONT SAINT MARTIN;396;275
BEAUVAIS;NANCY CENTRE;412;295
BEAUVAIS;NOGENT SUR OISE;43;45
BEAUVAIS;NOYELLES GODAULT;168;180
BEAUVAIS;NOYON;80;90
BEAUVAIS;OSNY;49;60
BEAUVAIS;ROISSY;70;75
BEAUVAIS;RONCQ;208;140
BEAUVAIS;SCHWEIGHOUSE;546;340
BEAUVAIS;SEMECOURT;382;245
BEAUVAIS;SOISY;63;75
BEAUVAIS;ST OMER;231;145
BEAUVAIS;ST QUENTIN;134;135
BEAUVAIS;STRASBOURG;554;345
BEAUVAIS;TAVERNY;58;60
BEAUVAIS;TOMBLAINE;453;295
BEAUVAIS;VAL DE REUIL SUPER 1209;91;100
BEAUVAIS;VERNEUIL 1 VERGER SUPER 4981;75;60
BEAUVAIS;VILLENEUVE 2;194;195
BEAUVAIS;VIRY NOUREUIL;103;105
BETHUNE;1186 ST QUENTIN SCHUMANN SUPER;102;70
BETHUNE;1267 CALAIS DELAROCHE SUPER;78;90
BETHUNE;1297 HARNES SUPER;32;45
BETHUNE;4313 CANTELEU SUPER;258;165
BETHUNE;4536 LILLE WAZEMMES MY AUCHAN;43;45
BETHUNE;4926 BILLY BERCLAU SUPER;20;30
BETHUNE;4977 RUE SUPER;110;120
BETHUNE;914 MARQUETTE LES PARTISANS DU GOUT;45;45
BETHUNE;ARRAS;37;45
BETHUNE;AUCHAN CITY TOURCOING;56;60
BETHUNE;AUCHAN LUXEMBOURG SUPPLY;365;245
BETHUNE;BEAUVAIS;187;195
BETHUNE;BETHUNE;0;0
BETHUNE;BOULOGNE;82;90
BETHUNE;CAEN CHRONO 352;381;240
BETHUNE;CALAIS;86;90
BETHUNE;CAMBRAI;70;75
BETHUNE;CERGY;224;145
BETHUNE;CERGY CHRONODRIVE 469;229;145
BETHUNE;CHERBOURG;497;320
BETHUNE;CHRONO AVELIN 4361;41;45
BETHUNE;CHRONO BONDUES 4703;51;60
BETHUNE;CHRONO COMPIEGNE 4345;149;95
BETHUNE;CHRONO COUDEKERQUE 4242;67;75
BETHUNE;CHRONO CROIX 4154;54;60
BETHUNE;CHRONO ELEU DIT LEAUWETTE 4462;23;30
BETHUNE;CHRONO HALLENNES 4167;32;45
BETHUNE;CHRONO IFS;378;235
BETHUNE;CHRONO LAMBERSART 4424;43;45
BETHUNE;CHRONO MARCQ 4128;50;60
BETHUNE;CHRONO VALENCIENNES 4370;82;90
BETHUNE;CHRONO WASQUEHAL 4303;53;60
BETHUNE;CORMEILLES EN PARISIS CHRONODRIVE 413;219;145
BETHUNE;DIEPPE;155;165
BETHUNE;DIFFERDANGE;362;235
BETHUNE;DOUAI;49;60
BETHUNE;DRIVE ARRAS;33;45
BETHUNE;DRIVE BETHUNE;0;0
BETHUNE;DRIVE BOULOGNE;84;60
BETHUNE;DRIVE CALAIS;83;90
BETHUNE;DRIVE CAMBRAI;70;75
BETHUNE;DRIVE CERGY;224;140
BETHUNE;DRIVE CHERBOURG;497;320
BETHUNE;DRIVE DIEPPE;167;165
BETHUNE;DRIVE DOUAI;49;60
BETHUNE;DRIVE DUNKERQUE;75;75
BETHUNE;DRIVE ENGLOS;36;45
BETHUNE;DRIVE FACHES;47;60
BETHUNE;DRIVE LEERS;60;60
BETHUNE;DRIVE LOUVROIL;115;120
BETHUNE;DRIVE NOGENT SUR OISE;169;110
BETHUNE;DRIVE NOYELLES;35;45
BETHUNE;DRIVE NOYON;132;135
BETHUNE;DRIVE OSNY;228;145
BETHUNE;DRIVE PETITE FORET;80;90
BETHUNE;DRIVE RONCQ;56;60
BETHUNE;DRIVE SCHWEIGHOUSE;537;320
BETHUNE;DRIVE ST OMER;44;45
BETHUNE;DRIVE TAVERNY;221;140
BETHUNE;DRIVE VALENCIENNES;82;90
BETHUNE;DRIVE VILLENEUVE D'ASCQ;45;45
BETHUNE;DUNKERQUE;76;90
BETHUNE;DURY;89;90
BETHUNE;ENGLOS;36;45
BETHUNE;ENT AMIENS BINAT;83;90
BETHUNE;ENT AMIENS SAINT SAUVEUR FLEG;119;120
BETHUNE;ENT AMIENS SAINT SAUVEUR PF;119;120
BETHUNE;ENT AMIENS SUPER POULAINVILLE PGC;96;105
BETHUNE;ENT CARVIN FL;37;45
BETHUNE;ENT CARVIN PF;37;45
BETHUNE;ENT IENA;48;60
BETHUNE;ENT IENA1;59;60
BETHUNE;ENT IENA2;59;60
BETHUNE;ENT MEYZIEU MEDLEY SUD;694;415
BETHUNE;ENT SAINGHIN1;52;60
BETHUNE;ENT SERRIS 2;227;150
BETHUNE;ENT SOCOPAL DIEPPE;162;165
BETHUNE;ENT V DHL;191;120
BETHUNE;ENT V GEODIS;197;125
BETHUNE;FACHES;47;60
BETHUNE;FRANQUEVILLE CHRONODRIVE 4475;252;165
BETHUNE;HERBLAY CHRONODRIVE 444;223;140
BETHUNE;HIRSON;144;150
BETHUNE;HOUILLES SUPER 1073;217;140
BETHUNE;IFS CHRONODRIVE 4253;378;235
BETHUNE;ILLKIRCH;549;330
BETHUNE;KIRCHBERG;378;240
BETHUNE;LA CLOCHE D'OR;369;230
BETHUNE;LA QUEUE LES YVELINES SUPER 1096;256;175
BETHUNE;LAXOU;398;265
BETHUNE;LE CHESNAY PARLY 2 SUPER 1144;230;155
BETHUNE;LE HAVRE;312;200
BETHUNE;LEERS;60;60
BETHUNE;LES MUREAUX HALLES AUCHAN;244;160
BETHUNE;LONGUEIL SAINTE MARIE SUPER 4315;147;150
BETHUNE;LOUVROIL;115;120
BETHUNE;MAUREPAS SUPER 4492;245;170
BETHUNE;MERS LES BAINS;120;120
BETHUNE;MERU;213;225
BETHUNE;MONT SAINT MARTIN;354;225
BETHUNE;MONTIVILLIERS;251;255
BETHUNE;NANCY CENTRE;404;275
BETHUNE;NOGENT SUR OISE;170;110
BETHUNE;NOYELLES GODAULT;36;45
BETHUNE;NOYON;132;135
BETHUNE;OSNY;228;145
BETHUNE;PETITE FORET;80;90
BETHUNE;ROISSY;190;120
BETHUNE;RONCQ;56;60
BETHUNE;SCHWEIGHOUSE;538;320
BETHUNE;SEMECOURT;374;220
BETHUNE;SOCOPAL;162;165
BETHUNE;SOISY;212;140
BETHUNE;ST OMER;42;45
BETHUNE;ST QUENTIN;100;105
BETHUNE;STRASBOURG;546;325
BETHUNE;TAVERNY;220;140
BETHUNE;TOMBLAINE;444;275
BETHUNE;VAL DE REUIL SUPER 1209;280;185
BETHUNE;VALENCIENNES;82;90
BETHUNE;VERNEUIL 1 VERGER SUPER 4981;238;160
BETHUNE;VILLENEUVE 2;46;60
BETHUNE;VIRY NOUREUIL;127;135
BOULOGNE;1186 ST QUENTIN SCHUMANN SUPER;198;125
BOULOGNE;1297 HARNES SUPER;109;120
BOULOGNE;4313 CANTELEU SUPER;205;130
BOULOGNE;4536 LILLE WAZEMMES MY AUCHAN;129;90
BOULOGNE;4926 BILLY BERCLAU SUPER;110;120
BOULOGNE;4977 RUE SUPER;82;55
BOULOGNE;914 MARQUETTE LES PARTISANS DU GOUT;116;120
BOULOGNE;ARRAS;114;120
BOULOGNE;AUCHAN CITY TOURCOING;125;135
BOULOGNE;AUCHAN LUXEMBOURG SUPPLY;453;295
BOULOGNE;BEAUVAIS;197;120
BOULOGNE;BETHUNE;82;90
BOULOGNE;BOULOGNE;0;0
BOULOGNE;CAEN CHRONO 352;328;205
BOULOGNE;CALAIS;40;45
BOULOGNE;CAMBRAI;147;150
BOULOGNE;CERGY;254;155
BOULOGNE;CERGY CHRONODRIVE 469;258;160
BOULOGNE;CHERBOURG;444;285
BOULOGNE;CHRONO AVELIN 4361;131;135
BOULOGNE;CHRONO BONDUES 4703;119;120
BOULOGNE;CHRONO COMPIEGNE 4345;226;150
BOULOGNE;CHRONO COUDEKERQUE 4242;79;90
BOULOGNE;CHRONO CROIX 4154;122;135
BOULOGNE;CHRONO ELEU DIT LEAUWETTE 4462;102;105
BOULOGNE;CHRONO HALLENNES 4167;106;120
BOULOGNE;CHRONO IFS;326;200
BOULOGNE;CHRONO LAMBERSART 4424;112;120
BOULOGNE;CHRONO MARCQ 4128;118;120
BOULOGNE;CHRONO VALENCIENNES 4370;163;165
BOULOGNE;CHRONO WASQUEHAL 4303;137;95
BOULOGNE;CORMEILLES EN PARISIS CHRONODRIVE 413;260;165
BOULOGNE;DIEPPE;145;150
BOULOGNE;DIFFERDANGE;429;285
BOULOGNE;DOUAI;129;135
BOULOGNE;DRIVE ARRAS;131;85
BOULOGNE;DRIVE BEAUVAIS;196;120
BOULOGNE;DRIVE BETHUNE;82;90
BOULOGNE;DRIVE BOULOGNE;20;15
BOULOGNE;DRIVE CALAIS;37;45
BOULOGNE;DRIVE CAMBRAI;147;150
BOULOGNE;DRIVE CERGY;253;155
BOULOGNE;DRIVE CHERBOURG;444;285
BOULOGNE;DRIVE DIEPPE;145;150
BOULOGNE;DRIVE DOUAI;129;135
BOULOGNE;DRIVE DUNKERQUE;70;75
BOULOGNE;DRIVE DURY;147;90
BOULOGNE;DRIVE ENGLOS;106;120
BOULOGNE;DRIVE FACHES;119;120
BOULOGNE;DRIVE LE HAVRE;260;165
BOULOGNE;DRIVE LEERS;129;135
BOULOGNE;DRIVE LOUVROIL;195;195
BOULOGNE;DRIVE MONTIVILLIERS;251;155
BOULOGNE;DRIVE NOGENT SUR OISE;231;145
BOULOGNE;DRIVE NOYELLES;116;120
BOULOGNE;DRIVE OSNY;236;155
BOULOGNE;DRIVE PETITE FORET;157;165
BOULOGNE;DRIVE ROISSY;263;165
BOULOGNE;DRIVE RONCQ;126;135
BOULOGNE;DRIVE SCHWEIGHOUSE;633;375
BOULOGNE;DRIVE ST OMER;48;60
BOULOGNE;DRIVE ST QUENTIN;194;120
BOULOGNE;DRIVE TAVERNY;250;155
BOULOGNE;DRIVE VALENCIENNES;163;165
BOULOGNE;DRIVE VILLENEUVE D'ASCQ;117;120
BOULOGNE;DUNKERQUE;71;75
BOULOGNE;DURY;133;135
BOULOGNE;ENGLOS;106;120
BOULOGNE;ENT AMIENS BINAT;137;85
BOULOGNE;ENT AMIENS SAINT SAUVEUR FLEG;122;135
BOULOGNE;ENT AMIENS SAINT SAUVEUR PF;122;135
BOULOGNE;ENT AMIENS SUPER POULAINVILLE PGC;124;135
BOULOGNE;ENT CARVIN FL;114;120
BOULOGNE;ENT CARVIN PF;114;120
BOULOGNE;ENT IENA;138;95
BOULOGNE;ENT IENA1;138;95
BOULOGNE;ENT IENA2;138;95
BOULOGNE;ENT MEYZIEU MEDLEY SUD;789;470
BOULOGNE;ENT SAINGHIN1;140;95
BOULOGNE;ENT SERRIS 2;299;195
BOULOGNE;ENT SOCOPAL DIEPPE;152;165
BOULOGNE;ENT V DHL;264;165
BOULOGNE;ENT V GEODIS;266;170
BOULOGNE;FACHES;119;120
BOULOGNE;FRANQUEVILLE CHRONODRIVE 4475;199;130
BOULOGNE;HERBLAY CHRONODRIVE 444;253;155
BOULOGNE;HIRSON;217;225
BOULOGNE;HOUILLES SUPER 1073;265;170
BOULOGNE;IFS CHRONODRIVE 4253;326;200
BOULOGNE;ILLKIRCH;644;385
BOULOGNE;KIRCHBERG;444;290
BOULOGNE;LA CLOCHE D'OR;436;280
BOULOGNE;LA QUEUE LES YVELINES SUPER 1096;299;200
BOULOGNE;LAXOU;469;480
BOULOGNE;LE CHESNAY PARLY 2 SUPER 1144;277;185
BOULOGNE;LEERS;129;135
BOULOGNE;LES MUREAUX HALLES AUCHAN;276;180
BOULOGNE;LONGUEIL SAINTE MARIE SUPER 4315;223;145
BOULOGNE;LOUVROIL;196;210
BOULOGNE;MAUREPAS SUPER 4492;292;195
BOULOGNE;MERS LES BAINS;109;120
BOULOGNE;MERU;223;135
BOULOGNE;MONT SAINT MARTIN;421;275
BOULOGNE;NANCY CENTRE;499;330
BOULOGNE;NOGENT SUR OISE;231;145
BOULOGNE;NOYELLES GODAULT;116;120
BOULOGNE;NOYON;196;210
BOULOGNE;OSNY;237;155
BOULOGNE;PETITE FORET;157;165
BOULOGNE;ROISSY;264;165
BOULOGNE;RONCQ;126;135
BOULOGNE;SCHWEIGHOUSE;633;380
BOULOGNE;SEMECOURT;469;280
BOULOGNE;SOCOPAL;152;165
BOULOGNE;SOISY;254;165
BOULOGNE;ST OMER;49;60
BOULOGNE;STRASBOURG;641;385
BOULOGNE;TAVERNY;250;150
BOULOGNE;TOMBLAINE;540;335
BOULOGNE;VAL DE REUIL SUPER 1209;227;150
BOULOGNE;VALENCIENNES;163;165
BOULOGNE;VERNEUIL 1 VERGER SUPER 4981;268;175
BOULOGNE;VILLENEUVE 2;118;120
BOULOGNE;VIRY NOUREUIL;204;210
CAEN CHRONO 352;1186 ST QUENTIN SCHUMANN SUPER;332;215
CAEN CHRONO 352;1267 CALAIS DELAROCHE SUPER;346;215
CAEN CHRONO 352;1297 HARNES SUPER;368;235
CAEN CHRONO 352;4313 CANTELEU SUPER;130;90
CAEN CHRONO 352;4536 LILLE WAZEMMES MY AUCHAN;389;245
CAEN CHRONO 352;4926 BILLY BERCLAU SUPER;381;240
CAEN CHRONO 352;4977 RUE SUPER;261;165
CAEN CHRONO 352;914 MARQUETTE LES PARTISANS DU GOUT;394;250
CAEN CHRONO 352;ARRAS;316;225
CAEN CHRONO 352;AUCHAN CITY TOURCOING;400;255
CAEN CHRONO 352;AUCHAN LUXEMBOURG SUPPLY;589;385
CAEN CHRONO 352;BEAUVAIS;213;175
CAEN CHRONO 352;BETHUNE;381;240
CAEN CHRONO 352;BOULOGNE;328;205
CAEN CHRONO 352;CAEN CHRONO 352;0;0
CAEN CHRONO 352;CALAIS;343;215
CAEN CHRONO 352;CAMBRAI;348;220
CAEN CHRONO 352;CERGY CHRONODRIVE 469;215;140
CAEN CHRONO 352;CHERBOURG;127;135
CAEN CHRONO 352;CHRONO AVELIN 4361;379;235
CAEN CHRONO 352;CHRONO BONDUES 4703;400;255
CAEN CHRONO 352;CHRONO COMPIEGNE 4345;304;200
CAEN CHRONO 352;CHRONO COUDEKERQUE 4242;386;245
CAEN CHRONO 352;CHRONO CROIX 4154;395;250
CAEN CHRONO 352;CHRONO ELEU DIT LEAUWETTE 4462;367;230
CAEN CHRONO 352;CHRONO HALLENNES 4167;389;250
CAEN CHRONO 352;CHRONO IFS;2;15
CAEN CHRONO 352;CHRONO LAMBERSART 4424;395;255
CAEN CHRONO 352;CHRONO MARCQ 4128;395;250
CAEN CHRONO 352;CHRONO VALENCIENNES 4370;376;240
CAEN CHRONO 352;CHRONO WASQUEHAL 4303;393;250
CAEN CHRONO 352;CORMEILLES EN PARISIS CHRONODRIVE 413;229;240
CAEN CHRONO 352;DIFFERDANGE;578;390
CAEN CHRONO 352;DOUAI;365;235
CAEN CHRONO 352;DRIVE ARRAS;315;225
CAEN CHRONO 352;DRIVE BEAUVAIS;214;175
CAEN CHRONO 352;DRIVE BETHUNE;383;240
CAEN CHRONO 352;DRIVE BOULOGNE;316;200
CAEN CHRONO 352;DRIVE CALAIS;343;215
CAEN CHRONO 352;DRIVE CAMBRAI;348;220
CAEN CHRONO 352;DRIVE CERGY;221;145
CAEN CHRONO 352;DRIVE CHERBOURG;127;135
CAEN CHRONO 352;DRIVE DIEPPE;186;125
CAEN CHRONO 352;DRIVE DOUAI;365;235
CAEN CHRONO 352;DRIVE DUNKERQUE;380;240
CAEN CHRONO 352;DRIVE DURY;253;160
CAEN CHRONO 352;DRIVE ENGLOS;398;255
CAEN CHRONO 352;DRIVE FACHES;383;240
CAEN CHRONO 352;DRIVE LEERS;400;255
CAEN CHRONO 352;DRIVE LOUVROIL;408;260
CAEN CHRONO 352;DRIVE MONTIVILLIERS;95;70
CAEN CHRONO 352;DRIVE NOGENT SUR OISE;292;195
CAEN CHRONO 352;DRIVE NOYELLES;361;225
CAEN CHRONO 352;DRIVE NOYON;320;215
CAEN CHRONO 352;DRIVE OSNY;224;150
CAEN CHRONO 352;DRIVE PETITE FORET;376;235
CAEN CHRONO 352;DRIVE ROISSY;253;165
CAEN CHRONO 352;DRIVE RONCQ;403;255
CAEN CHRONO 352;DRIVE SCHWEIGHOUSE;725;450
CAEN CHRONO 352;DRIVE ST OMER;363;230
CAEN CHRONO 352;DRIVE ST QUENTIN;328;205
CAEN CHRONO 352;DRIVE TAVERNY;235;160
CAEN CHRONO 352;DRIVE VALENCIENNES;375;235
CAEN CHRONO 352;DRIVE VILLENEUVE D'ASCQ;389;245
CAEN CHRONO 352;DUNKERQUE;380;240
CAEN CHRONO 352;DURY;253;160
CAEN CHRONO 352;ENGLOS;397;255
CAEN CHRONO 352;ENT AMIENS SAINT SAUVEUR FLEG;250;255
CAEN CHRONO 352;ENT AMIENS SAINT SAUVEUR PF;250;255
CAEN CHRONO 352;ENT AMIENS SUPER POULAINVILLE PGC;253;255
CAEN CHRONO 352;ENT CARVIN FL;372;235
CAEN CHRONO 352;ENT CARVIN PF;372;235
CAEN CHRONO 352;ENT IENA;384;240
CAEN CHRONO 352;ENT IENA1;384;240
CAEN CHRONO 352;ENT IENA2;384;240
CAEN CHRONO 352;ENT MEYZIEU MEDLEY SUD;705;440
CAEN CHRONO 352;ENT SERRIS 1;274;285
CAEN CHRONO 352;ENT SERRIS 2;279;185
CAEN CHRONO 352;ENT V DHL;254;170
CAEN CHRONO 352;ENT V GEODIS;271;285
CAEN CHRONO 352;FACHES;383;240
CAEN CHRONO 352;FRANQUEVILLE CHRONODRIVE 4475;135;135
CAEN CHRONO 352;HERBLAY CHRONODRIVE 444;229;155
CAEN CHRONO 352;HIRSON;400;280
CAEN CHRONO 352;HOUILLES SUPER 1073;227;145
CAEN CHRONO 352;IFS CHRONODRIVE 4253;2;15
CAEN CHRONO 352;ILLKIRCH;736;460
CAEN CHRONO 352;KIRCHBERG;603;615
CAEN CHRONO 352;LA CLOCHE D'OR;597;385
CAEN CHRONO 352;LA QUEUE LES YVELINES SUPER 1096;206;140
CAEN CHRONO 352;LAXOU;585;390
CAEN CHRONO 352;LE CHESNAY PARLY 2 SUPER 1144;222;140
CAEN CHRONO 352;LE HAVRE;92;105
CAEN CHRONO 352;LEERS;401;255
CAEN CHRONO 352;LES MUREAUX HALLES AUCHAN;199;125
CAEN CHRONO 352;LONGUEIL SAINTE MARIE SUPER 4315;300;200
CAEN CHRONO 352;LOUVROIL;408;260
CAEN CHRONO 352;MAUREPAS SUPER 4492;234;150
CAEN CHRONO 352;MERS LES BAINS;218;155
CAEN CHRONO 352;MERU;239;175
CAEN CHRONO 352;MONT SAINT MARTIN;575;385
CAEN CHRONO 352;MONTIVILLIERS;94;70
CAEN CHRONO 352;NANCY CENTRE;591;405
CAEN CHRONO 352;NOGENT SUR OISE;293;195
CAEN CHRONO 352;NOYELLES GODAULT;362;225
CAEN CHRONO 352;OSNY;224;150
CAEN CHRONO 352;PETITE FORET;376;235
CAEN CHRONO 352;ROISSY;253;165
CAEN CHRONO 352;RONCQ;402;260
CAEN CHRONO 352;SCHWEIGHOUSE;725;450
CAEN CHRONO 352;SEMECOURT;561;350
CAEN CHRONO 352;SOISY;238;155
CAEN CHRONO 352;ST OMER;363;235
CAEN CHRONO 352;ST QUENTIN;328;205
CAEN CHRONO 352;STRASBOURG;733;455
CAEN CHRONO 352;TAVERNY;234;155
CAEN CHRONO 352;TOMBLAINE;632;405
CAEN CHRONO 352;VAL DE REUIL SUPER 1209;136;90
CAEN CHRONO 352;VALENCIENNES;375;235
CAEN CHRONO 352;VERNEUIL 1 VERGER SUPER 4981;205;135
CAEN CHRONO 352;VILLENEUVE 2;389;245
CAEN CHRONO 352;VIRY NOUREUIL;353;225
CALAIS;1186 ST QUENTIN SCHUMANN SUPER;181;115
CALAIS;1267 CALAIS DELAROCHE SUPER;8;15
CALAIS;1297 HARNES SUPER;117;120
CALAIS;4313 CANTELEU SUPER;218;140
CALAIS;4536 LILLE WAZEMMES MY AUCHAN;113;80
CALAIS;4926 BILLY BERCLAU SUPER;111;75
CALAIS;4977 RUE SUPER;97;105
CALAIS;914 MARQUETTE LES PARTISANS DU GOUT;118;120
CALAIS;ARRAS;118;120
CALAIS;AUCHAN CITY TOURCOING;129;135
CALAIS;AUCHAN LUXEMBOURG SUPPLY;436;285
CALAIS;BEAUVAIS;211;130
CALAIS;BETHUNE;86;90
CALAIS;BOULOGNE;40;45
CALAIS;CAEN CHRONO 352;343;215
CALAIS;CALAIS;0;0
CALAIS;CAMBRAI;148;150
CALAIS;CERGY;267;165
CALAIS;CERGY CHRONODRIVE 469;272;165
CALAIS;CHERBOURG;458;295
CALAIS;CHRONO AVELIN 4361;125;135
CALAIS;CHRONO BONDUES 4703;118;120
CALAIS;CHRONO COUDEKERQUE 4242;51;60
CALAIS;CHRONO CROIX 4154;122;135
CALAIS;CHRONO ELEU DIT LEAUWETTE 4462;104;105
CALAIS;CHRONO HALLENNES 4167;106;120
CALAIS;CHRONO IFS;339;210
CALAIS;CHRONO MARCQ 4128;117;120
CALAIS;CHRONO VALENCIENNES 4370;163;110
CALAIS;CHRONO WASQUEHAL 4303;122;135
CALAIS;CORMEILLES EN PARISIS CHRONODRIVE 413;273;175
CALAIS;DIEPPE;172;180
CALAIS;DIFFERDANGE;412;275
CALAIS;DOUAI;133;135
CALAIS;DRIVE ARRAS;118;120
CALAIS;DRIVE BEAUVAIS;210;130
CALAIS;DRIVE BETHUNE;86;90
CALAIS;DRIVE BOULOGNE;38;45
CALAIS;DRIVE CALAIS;1;15
CALAIS;DRIVE CAMBRAI;148;150
CALAIS;DRIVE CERGY;267;165
CALAIS;DRIVE CHERBOURG;458;295
CALAIS;DRIVE DIEPPE;186;135
CALAIS;DRIVE DOUAI;133;135
CALAIS;DRIVE DUNKERQUE;42;45
CALAIS;DRIVE ENGLOS;106;120
CALAIS;DRIVE LE HAVRE;273;170
CALAIS;DRIVE LEERS;132;135
CALAIS;DRIVE LOUVROIL;213;135
CALAIS;DRIVE MONTIVILLIERS;264;165
CALAIS;DRIVE NOGENT SUR OISE;245;155
CALAIS;DRIVE NOYELLES;117;120
CALAIS;DRIVE NOYON;209;140
CALAIS;DRIVE OSNY;250;165
CALAIS;DRIVE PETITE FORET;160;165
CALAIS;DRIVE ROISSY;268;165
CALAIS;DRIVE RONCQ;129;135
CALAIS;DRIVE SCHWEIGHOUSE;616;365
CALAIS;DRIVE ST OMER;48;60
CALAIS;DRIVE ST QUENTIN;177;110
CALAIS;DRIVE TAVERNY;264;160
CALAIS;DRIVE VALENCIENNES;164;165
CALAIS;DRIVE VILLENEUVE D'ASCQ;117;85
CALAIS;DUNKERQUE;43;45
CALAIS;DURY;160;165
CALAIS;ENGLOS;109;120
CALAIS;ENT AMIENS BINAT;151;95
CALAIS;ENT AMIENS SAINT SAUVEUR FLEG;149;150
CALAIS;ENT AMIENS SAINT SAUVEUR PF;149;150
CALAIS;ENT AMIENS SUPER POULAINVILLE PGC;151;165
CALAIS;ENT CARVIN FL;115;120
CALAIS;ENT CARVIN PF;115;120
CALAIS;ENT IENA1;121;85
CALAIS;ENT IENA2;121;85
CALAIS;ENT MEYZIEU MEDLEY SUD;773;460
CALAIS;ENT SERRIS 2;305;195
CALAIS;ENT V DHL;270;170
CALAIS;ENT V GEODIS;276;175
CALAIS;FACHES;122;135
CALAIS;FRANQUEVILLE CHRONODRIVE 4475;213;140
CALAIS;HERBLAY CHRONODRIVE 444;266;165
CALAIS;HIRSON;221;225
CALAIS;HOUILLES SUPER 1073;279;175
CALAIS;IFS CHRONODRIVE 4253;339;210
CALAIS;ILLKIRCH;627;375
CALAIS;KIRCHBERG;428;280
CALAIS;LA CLOCHE D'OR;419;270
CALAIS;LA QUEUE LES YVELINES SUPER 1096;313;210
CALAIS;LAXOU;476;310
CALAIS;LE CHESNAY PARLY 2 SUPER 1144;291;190
CALAIS;LE HAVRE;281;285
CALAIS;LEERS;132;135
CALAIS;LES MUREAUX HALLES AUCHAN;289;185
CALAIS;LONGUEIL SAINTE MARIE SUPER 4315;225;140
CALAIS;LOUVROIL;197;210
CALAIS;MAUREPAS SUPER 4492;305;205
CALAIS;MERS LES BAINS;143;150
CALAIS;MERU;236;145
CALAIS;MONT SAINT MARTIN;404;265
CALAIS;NANCY CENTRE;482;320
CALAIS;NOGENT SUR OISE;245;155
CALAIS;NOYELLES GODAULT;120;120
CALAIS;NOYON;209;140
CALAIS;OSNY;250;165
CALAIS;PETITE FORET;160;165
CALAIS;ROISSY;268;165
CALAIS;RONCQ;129;135
CALAIS;SCHWEIGHOUSE;616;370
CALAIS;SEMECOURT;452;270
CALAIS;SOISY;268;175
CALAIS;ST OMER;49;60
CALAIS;STRASBOURG;625;375
CALAIS;TAVERNY;263;160
CALAIS;TOMBLAINE;523;320
CALAIS;VAL DE REUIL SUPER 1209;241;160
CALAIS;VALENCIENNES;164;165
CALAIS;VERNEUIL 1 VERGER SUPER 4981;281;180
CALAIS;VILLENEUVE 2;121;135
CALAIS;VIRY NOUREUIL;206;130
CAMBRAI;1186 ST QUENTIN SCHUMANN SUPER;54;60
CAMBRAI;1267 CALAIS DELAROCHE SUPER;148;95
CAMBRAI;1297 HARNES SUPER;58;60
CAMBRAI;4313 CANTELEU SUPER;223;145
CAMBRAI;4536 LILLE WAZEMMES MY AUCHAN;76;60
CAMBRAI;4977 RUE SUPER;168;115
CAMBRAI;914 MARQUETTE LES PARTISANS DU GOUT;79;90
CAMBRAI;ARRAS;52;60
CAMBRAI;AUCHAN CITY TOURCOING;84;90
CAMBRAI;AUCHAN LUXEMBOURG SUPPLY;311;210
CAMBRAI;BEAUVAIS;154;165
CAMBRAI;BETHUNE;68;75
CAMBRAI;BOULOGNE;147;150
CAMBRAI;CAEN CHRONO 352;348;220
CAMBRAI;CAMBRAI;0;0
CAMBRAI;CERGY;191;125
CAMBRAI;CERGY CHRONODRIVE 469;195;125
CAMBRAI;CHERBOURG;463;305
CAMBRAI;CHRONO AVELIN 4361;68;75
CAMBRAI;CHRONO BONDUES 4703;83;90
CAMBRAI;CHRONO COMPIEGNE 4345;109;120
CAMBRAI;CHRONO COUDEKERQUE 4242;145;105
CAMBRAI;CHRONO CROIX 4154;78;90
CAMBRAI;CHRONO ELEU DIT LEAUWETTE 4462;63;75
CAMBRAI;CHRONO HALLENNES 4167;83;90
CAMBRAI;CHRONO IFS;345;220
CAMBRAI;CHRONO LAMBERSART 4424;79;90
CAMBRAI;CHRONO MARCQ 4128;79;90
CAMBRAI;CHRONO VALENCIENNES 4370;29;30
CAMBRAI;CHRONO WASQUEHAL 4303;79;90
CAMBRAI;CORMEILLES EN PARISIS CHRONODRIVE 413;185;125
CAMBRAI;DIEPPE;207;150
CAMBRAI;DIFFERDANGE;291;200
CAMBRAI;DOUAI;25;30
CAMBRAI;DRIVE ARRAS;55;60
CAMBRAI;DRIVE BETHUNE;68;75
CAMBRAI;DRIVE CALAIS;147;150
CAMBRAI;DRIVE CAMBRAI;0;0
CAMBRAI;DRIVE CERGY;190;125
CAMBRAI;DRIVE CHERBOURG;463;305
CAMBRAI;DRIVE DIEPPE;208;210
CAMBRAI;DRIVE DOUAI;25;30
CAMBRAI;DRIVE DURY;98;65
CAMBRAI;DRIVE ENGLOS;82;90
CAMBRAI;DRIVE FACHES;72;75
CAMBRAI;DRIVE LE HAVRE;279;180
CAMBRAI;DRIVE LEERS;82;90
CAMBRAI;DRIVE LOUVROIL;61;75
CAMBRAI;DRIVE MONTIVILLIERS;270;175
CAMBRAI;DRIVE NOGENT SUR OISE;135;90
CAMBRAI;DRIVE NOYELLES;55;60
CAMBRAI;DRIVE OSNY;194;130
CAMBRAI;DRIVE PETITE FORET;31;45
CAMBRAI;DRIVE ROISSY;156;100
CAMBRAI;DRIVE RONCQ;86;90
CAMBRAI;DRIVE SCHWEIGHOUSE;487;295
CAMBRAI;DRIVE ST OMER;116;80
CAMBRAI;DRIVE ST QUENTIN;49;60
CAMBRAI;DRIVE TAVERNY;187;120
CAMBRAI;DRIVE VALENCIENNES;28;30
CAMBRAI;DUNKERQUE;149;150
CAMBRAI;DURY;98;105
CAMBRAI;ENGLOS;82;90
CAMBRAI;ENT AMIENS BINAT;101;105
CAMBRAI;ENT AMIENS SAINT SAUVEUR FLEG;107;120
CAMBRAI;ENT AMIENS SAINT SAUVEUR PF;107;120
CAMBRAI;ENT AMIENS SUPER POULAINVILLE PGC;102;105
CAMBRAI;ENT CARVIN FL;61;75
CAMBRAI;ENT CARVIN PF;61;75
CAMBRAI;ENT IENA1;75;55
CAMBRAI;ENT IENA2;75;55
CAMBRAI;ENT MEYZIEU MEDLEY SUD;644;390
CAMBRAI;ENT SAINGHIN1;68;75
CAMBRAI;ENT SERRIS 2;193;130
CAMBRAI;ENT SOCOPAL DIEPPE;185;195
CAMBRAI;ENT V DHL;158;105
CAMBRAI;ENT V GEODIS;164;110
CAMBRAI;FACHES;73;75
CAMBRAI;FRANQUEVILLE CHRONODRIVE 4475;218;150
CAMBRAI;HERBLAY CHRONODRIVE 444;190;125
CAMBRAI;HIRSON;75;75
CAMBRAI;HOUILLES SUPER 1073;183;125
CAMBRAI;IFS CHRONODRIVE 4253;345;220
CAMBRAI;ILLKIRCH;499;305
CAMBRAI;KIRCHBERG;306;200
CAMBRAI;LA CLOCHE D'OR;298;195
CAMBRAI;LA QUEUE LES YVELINES SUPER 1096;222;155
CAMBRAI;LAXOU;348;240
CAMBRAI;LE CHESNAY PARLY 2 SUPER 1144;197;140
CAMBRAI;LE HAVRE;278;180
CAMBRAI;LEERS;82;90
CAMBRAI;LES MUREAUX HALLES AUCHAN;210;140
CAMBRAI;LONGUEIL SAINTE MARIE SUPER 4315;113;75
CAMBRAI;LOUVROIL;62;75
CAMBRAI;MAUREPAS SUPER 4492;211;150
CAMBRAI;MERS LES BAINS;181;130
CAMBRAI;MERU;180;180
CAMBRAI;MONT SAINT MARTIN;283;190
CAMBRAI;MONTIVILLIERS;273;175
CAMBRAI;NANCY CENTRE;354;250
CAMBRAI;NOGENT SUR OISE;138;150
CAMBRAI;NOYELLES GODAULT;55;60
CAMBRAI;OSNY;194;130
CAMBRAI;PETITE FORET;31;45
CAMBRAI;ROISSY;156;100
CAMBRAI;RONCQ;86;90
CAMBRAI;SCHWEIGHOUSE;488;295
CAMBRAI;SEMECOURT;324;200
CAMBRAI;SOCOPAL;185;195
CAMBRAI;SOISY;178;120
CAMBRAI;ST OMER;111;120
CAMBRAI;ST QUENTIN;50;60
CAMBRAI;STRASBOURG;496;300
CAMBRAI;TAVERNY;186;120
CAMBRAI;TOMBLAINE;395;250
CAMBRAI;VAL DE REUIL SUPER 1209;246;170
CAMBRAI;VALENCIENNES;28;30
CAMBRAI;VERNEUIL 1 VERGER SUPER 4981;204;140
CAMBRAI;VILLENEUVE 2;70;75
CAMBRAI;VIRY NOUREUIL;78;90
CERGY;1186 ST QUENTIN SCHUMANN SUPER;178;120
CERGY;1267 CALAIS DELAROCHE SUPER;272;170
CERGY;1297 HARNES SUPER;212;135
CERGY;4313 CANTELEU SUPER;123;95
CERGY;4536 LILLE WAZEMMES MY AUCHAN;232;150
CERGY;4926 BILLY BERCLAU SUPER;225;145
CERGY;4977 RUE SUPER;187;120
CERGY;914 MARQUETTE LES PARTISANS DU GOUT;237;155
CERGY;ARRAS;196;135
CERGY;AUCHAN CITY TOURCOING;243;160
CERGY;AUCHAN LUXEMBOURG SUPPLY;379;255
CERGY;BEAUVAIS;61;75
CERGY;BETHUNE;224;145
CERGY;BOULOGNE;254;155
CERGY;CAEN CHRONO 352;223;225
CERGY;CALAIS;267;165
CERGY;CAMBRAI;191;125
CERGY;CERGY;0;0
CERGY;CERGY CHRONODRIVE 469;8;15
CERGY;CHERBOURG;338;230
CERGY;CHRONO AVELIN 4361;219;140
CERGY;CHRONO BONDUES 4703;240;160
CERGY;CHRONO COMPIEGNE 4345;92;105
CERGY;CHRONO COUDEKERQUE 4242;310;195
CERGY;CHRONO CROIX 4154;235;155
CERGY;CHRONO ELEU DIT LEAUWETTE 4462;208;135
CERGY;CHRONO HALLENNES 4167;230;155
CERGY;CHRONO IFS;221;225
CERGY;CHRONO LAMBERSART 4424;236;160
CERGY;CHRONO MARCQ 4128;235;155
CERGY;CHRONO VALENCIENNES 4370;217;140
CERGY;CHRONO WASQUEHAL 4303;234;155
CERGY;CORMEILLES EN PARISIS CHRONODRIVE 413;17;30
CERGY;DIEPPE;181;135
CERGY;DIFFERDANGE;368;260
CERGY;DOUAI;206;140
CERGY;DRIVE ARRAS;195;135
CERGY;DRIVE BEAUVAIS;61;75
CERGY;DRIVE BETHUNE;224;145
CERGY;DRIVE BOULOGNE;240;150
CERGY;DRIVE CALAIS;267;165
CERGY;DRIVE CAMBRAI;188;125
CERGY;DRIVE CERGY;2;15
CERGY;DRIVE CHERBOURG;338;230
CERGY;DRIVE DIEPPE;181;135
CERGY;DRIVE DOUAI;206;140
CERGY;DRIVE DUNKERQUE;304;190
CERGY;DRIVE DURY;115;120
CERGY;DRIVE ENGLOS;239;155
CERGY;DRIVE FACHES;223;145
CERGY;DRIVE LE HAVRE;187;130
CERGY;DRIVE LEERS;241;160
CERGY;DRIVE LOUVROIL;249;165
CERGY;DRIVE MONTIVILLIERS;181;125
CERGY;DRIVE NOGENT SUR OISE;57;60
CERGY;DRIVE NOYELLES;201;130
CERGY;DRIVE OSNY;7;15
CERGY;DRIVE PETITE FORET;217;140
CERGY;DRIVE ROISSY;42;45
CERGY;DRIVE RONCQ;244;160
CERGY;DRIVE SCHWEIGHOUSE;514;320
CERGY;DRIVE ST OMER;266;170
CERGY;DRIVE ST QUENTIN;173;115
CERGY;DRIVE TAVERNY;16;30
CERGY;DRIVE VALENCIENNES;215;140
CERGY;DRIVE VILLENEUVE D'ASCQ;230;150
CERGY;DUNKERQUE;305;190
CERGY;DURY;116;120
CERGY;ENGLOS;238;155
CERGY;ENT AMIENS SAINT SAUVEUR FLEG;126;135
CERGY;ENT AMIENS SAINT SAUVEUR PF;126;135
CERGY;ENT AMIENS SUPER POULAINVILLE PGC;128;135
CERGY;ENT CARVIN FL;213;140
CERGY;ENT CARVIN PF;213;140
CERGY;ENT IENA1;225;145
CERGY;ENT IENA2;225;145
CERGY;ENT MEYZIEU MEDLEY SUD;509;335
CERGY;ENT SAINGHIN1;230;240
CERGY;ENT SERRIS 1;69;75
CERGY;ENT SERRIS 2;69;75
CERGY;ENT V DHL;68;75
CERGY;ENT V GEODIS;68;75
CERGY;FACHES;223;145
CERGY;FRANQUEVILLE CHRONODRIVE 4475;84;90
CERGY;HERBLAY CHRONODRIVE 444;10;15
CERGY;HIRSON;210;180
CERGY;HOUILLES SUPER 1073;28;30
CERGY;IFS CHRONODRIVE 4253;220;145
CERGY;ILLKIRCH;525;330
CERGY;KIRCHBERG;395;265
CERGY;LA CLOCHE D'OR;387;255
CERGY;LA QUEUE LES YVELINES SUPER 1096;50;55
CERGY;LAXOU;375;265
CERGY;LE CHESNAY PARLY 2 SUPER 1144;30;30
CERGY;LE HAVRE;188;195
CERGY;LEERS;241;160
CERGY;LES MUREAUX HALLES AUCHAN;23;30
CERGY;LONGUEIL SAINTE MARIE SUPER 4315;82;65
CERGY;LOUVROIL;248;165
CERGY;MAUREPAS SUPER 4492;44;45
CERGY;MERS LES BAINS;199;135
CERGY;MERU;26;30
CERGY;MONT SAINT MARTIN;364;255
CERGY;MONTIVILLIERS;181;195
CERGY;NANCY CENTRE;380;275
CERGY;NOGENT SUR OISE;55;60
CERGY;NOYELLES GODAULT;202;130
CERGY;NOYON;116;120
CERGY;OSNY;7;15
CERGY;PETITE FORET;216;140
CERGY;ROISSY;42;45
CERGY;RONCQ;242;160
CERGY;SCHWEIGHOUSE;514;320
CERGY;SEMECOURT;351;225
CERGY;SOISY;22;30
CERGY;ST OMER;266;170
CERGY;ST QUENTIN;173;115
CERGY;STRASBOURG;523;325
CERGY;TAVERNY;16;30
CERGY;TOMBLAINE;421;275
CERGY;VAL DE REUIL SUPER 1209;96;105
CERGY;VALENCIENNES;215;140
CERGY;VILLENEUVE 2;230;150
CERGY;VIRY NOUREUIL;138;105
CERGY CHRONODRIVE 469;1186 ST QUENTIN SCHUMANN SUPER;182;125
CERGY CHRONODRIVE 469;1267 CALAIS DELAROCHE SUPER;276;170
CERGY CHRONODRIVE 469;1297 HARNES SUPER;216;140
CERGY CHRONODRIVE 469;4536 LILLE WAZEMMES MY AUCHAN;237;150
CERGY CHRONODRIVE 469;4926 BILLY BERCLAU SUPER;229;145
CERGY CHRONODRIVE 469;4977 RUE SUPER;191;120
CERGY CHRONODRIVE 469;914 MARQUETTE LES PARTISANS DU GOUT;241;160
CERGY CHRONODRIVE 469;ARRAS;200;135
CERGY CHRONODRIVE 469;AUCHAN CITY TOURCOING;247;160
CERGY CHRONODRIVE 469;AUCHAN LUXEMBOURG SUPPLY;383;255
CERGY CHRONODRIVE 469;BETHUNE;229;145
CERGY CHRONODRIVE 469;BOULOGNE;258;160
CERGY CHRONODRIVE 469;CAEN CHRONO 352;215;140
CERGY CHRONODRIVE 469;CALAIS;272;165
CERGY CHRONODRIVE 469;CAMBRAI;195;125
CERGY CHRONODRIVE 469;CERGY;6;15
CERGY CHRONODRIVE 469;CERGY CHRONODRIVE 469;0;0
CERGY CHRONODRIVE 469;CHERBOURG;332;225
CERGY CHRONODRIVE 469;CHRONO AVELIN 4361;224;145
CERGY CHRONODRIVE 469;CHRONO BONDUES 4703;245;160
CERGY CHRONODRIVE 469;CHRONO COMPIEGNE 4345;90;65
CERGY CHRONODRIVE 469;CHRONO COUDEKERQUE 4242;315;195
CERGY CHRONODRIVE 469;CHRONO CROIX 4154;240;160
CERGY CHRONODRIVE 469;CHRONO ELEU DIT LEAUWETTE 4462;213;140
CERGY CHRONODRIVE 469;CHRONO HALLENNES 4167;235;155
CERGY CHRONODRIVE 469;CHRONO IFS;213;140
CERGY CHRONODRIVE 469;CHRONO LAMBERSART 4424;241;160
CERGY CHRONODRIVE 469;CHRONO MARCQ 4128;240;160
CERGY CHRONODRIVE 469;CHRONO VALENCIENNES 4370;222;145
CERGY CHRONODRIVE 469;CHRONO WASQUEHAL 4303;239;155
CERGY CHRONODRIVE 469;CORMEILLES EN PARISIS CHRONODRIVE 413;21;30
CERGY CHRONODRIVE 469;DIEPPE;174;130
CERGY CHRONODRIVE 469;DIFFERDANGE;373;260
CERGY CHRONODRIVE 469;DOUAI;211;140
CERGY CHRONODRIVE 469;DRIVE ARRAS;200;135
CERGY CHRONODRIVE 469;DRIVE BETHUNE;228;145
CERGY CHRONODRIVE 469;DRIVE BOULOGNE;245;150
CERGY CHRONODRIVE 469;DRIVE CALAIS;272;170
CERGY CHRONODRIVE 469;DRIVE CAMBRAI;193;130
CERGY CHRONODRIVE 469;DRIVE CERGY;7;15
CERGY CHRONODRIVE 469;DRIVE CHERBOURG;332;225
CERGY CHRONODRIVE 469;DRIVE DIEPPE;174;130
CERGY CHRONODRIVE 469;DRIVE DOUAI;211;140
CERGY CHRONODRIVE 469;DRIVE DUNKERQUE;309;195
CERGY CHRONODRIVE 469;DRIVE DURY;121;80
CERGY CHRONODRIVE 469;DRIVE ENGLOS;243;160
CERGY CHRONODRIVE 469;DRIVE FACHES;228;145
CERGY CHRONODRIVE 469;DRIVE LE HAVRE;180;125
CERGY CHRONODRIVE 469;DRIVE LEERS;246;165
CERGY CHRONODRIVE 469;DRIVE LOUVROIL;254;165
CERGY CHRONODRIVE 469;DRIVE MONTIVILLIERS;174;120
CERGY CHRONODRIVE 469;DRIVE NOYELLES;206;135
CERGY CHRONODRIVE 469;DRIVE NOYON;120;85
CERGY CHRONODRIVE 469;DRIVE PETITE FORET;222;145
CERGY CHRONODRIVE 469;DRIVE ROISSY;47;60
CERGY CHRONODRIVE 469;DRIVE RONCQ;248;165
CERGY CHRONODRIVE 469;DRIVE SCHWEIGHOUSE;519;325
CERGY CHRONODRIVE 469;DRIVE ST OMER;271;175
CERGY CHRONODRIVE 469;DRIVE ST QUENTIN;178;120
CERGY CHRONODRIVE 469;DRIVE TAVERNY;21;30
CERGY CHRONODRIVE 469;DRIVE VALENCIENNES;220;140
CERGY CHRONODRIVE 469;DRIVE VILLENEUVE D'ASCQ;235;150
CERGY CHRONODRIVE 469;DUNKERQUE;309;195
CERGY CHRONODRIVE 469;ENGLOS;243;160
CERGY CHRONODRIVE 469;ENT AMIENS BINAT;133;135
CERGY CHRONODRIVE 469;ENT AMIENS SAINT SAUVEUR FLEG;131;135
CERGY CHRONODRIVE 469;ENT AMIENS SAINT SAUVEUR PF;131;135
CERGY CHRONODRIVE 469;ENT AMIENS SUPER POULAINVILLE PGC;133;135
CERGY CHRONODRIVE 469;ENT CARVIN FL;218;140
CERGY CHRONODRIVE 469;ENT CARVIN PF;218;140
CERGY CHRONODRIVE 469;ENT IENA;230;145
CERGY CHRONODRIVE 469;ENT IENA1;230;145
CERGY CHRONODRIVE 469;ENT IENA2;230;145
CERGY CHRONODRIVE 469;ENT MEYZIEU MEDLEY SUD;514;335
CERGY CHRONODRIVE 469;ENT SERRIS 1;74;75
CERGY CHRONODRIVE 469;ENT SERRIS 2;74;75
CERGY CHRONODRIVE 469;ENT V DHL;72;75
CERGY CHRONODRIVE 469;ENT V GEODIS;73;75
CERGY CHRONODRIVE 469;FACHES;228;145
CERGY CHRONODRIVE 469;FRANQUEVILLE CHRONODRIVE 4475;77;90
CERGY CHRONODRIVE 469;HERBLAY CHRONODRIVE 444;14;15
CERGY CHRONODRIVE 469;HIRSON;215;180
CERGY CHRONODRIVE 469;HOUILLES SUPER 1073;24;30
CERGY CHRONODRIVE 469;IFS CHRONODRIVE 4253;213;140
CERGY CHRONODRIVE 469;ILLKIRCH;530;335
CERGY CHRONODRIVE 469;KIRCHBERG;400;265
CERGY CHRONODRIVE 469;LA CLOCHE D'OR;392;260
CERGY CHRONODRIVE 469;LA QUEUE LES YVELINES SUPER 1096;60;60
CERGY CHRONODRIVE 469;LAXOU;380;265
CERGY CHRONODRIVE 469;LE CHESNAY PARLY 2 SUPER 1144;34;40
CERGY CHRONODRIVE 469;LE HAVRE;179;130
CERGY CHRONODRIVE 469;LEERS;246;165
CERGY CHRONODRIVE 469;LES MUREAUX HALLES AUCHAN;17;30
CERGY CHRONODRIVE 469;LONGUEIL SAINTE MARIE SUPER 4315;87;90
CERGY CHRONODRIVE 469;LOUVROIL;253;165
CERGY CHRONODRIVE 469;MAUREPAS SUPER 4492;49;50
CERGY CHRONODRIVE 469;MERS LES BAINS;204;140
CERGY CHRONODRIVE 469;MONT SAINT MARTIN;369;260
CERGY CHRONODRIVE 469;MONTIVILLIERS;174;120
CERGY CHRONODRIVE 469;NANCY CENTRE;385;280
CERGY CHRONODRIVE 469;NOYELLES GODAULT;207;130
CERGY CHRONODRIVE 469;NOYON;123;135
CERGY CHRONODRIVE 469;OSNY;9;15
CERGY CHRONODRIVE 469;PETITE FORET;221;145
CERGY CHRONODRIVE 469;ROISSY;47;60
CERGY CHRONODRIVE 469;RONCQ;247;165
CERGY CHRONODRIVE 469;SCHWEIGHOUSE;519;325
CERGY CHRONODRIVE 469;SEMECOURT;355;225
CERGY CHRONODRIVE 469;SOISY;26;30
CERGY CHRONODRIVE 469;ST OMER;271;175
CERGY CHRONODRIVE 469;ST QUENTIN;178;120
CERGY CHRONODRIVE 469;STRASBOURG;528;330
CERGY CHRONODRIVE 469;TAVERNY;21;30
CERGY CHRONODRIVE 469;TOMBLAINE;426;280
CERGY CHRONODRIVE 469;VAL DE REUIL SUPER 1209;87;70
CERGY CHRONODRIVE 469;VALENCIENNES;220;140
CERGY CHRONODRIVE 469;VERNEUIL 1 VERGER SUPER 4981;15;15
CERGY CHRONODRIVE 469;VILLENEUVE 2;235;155
CERGY CHRONODRIVE 469;VIRY NOUREUIL;143;110
CHERBOURG;1186 ST QUENTIN SCHUMANN SUPER;448;295
CHERBOURG;1267 CALAIS DELAROCHE SUPER;462;300
CHERBOURG;1297 HARNES SUPER;485;315
CHERBOURG;4313 CANTELEU SUPER;247;170
CHERBOURG;4536 LILLE WAZEMMES MY AUCHAN;505;330
CHERBOURG;4926 BILLY BERCLAU SUPER;498;325
CHERBOURG;4977 RUE SUPER;378;250
CHERBOURG;914 MARQUETTE LES PARTISANS DU GOUT;510;335
CHERBOURG;AUCHAN CITY TOURCOING;516;340
CHERBOURG;AUCHAN LUXEMBOURG SUPPLY;706;465
CHERBOURG;BEAUVAIS;329;255
CHERBOURG;BETHUNE;497;320
CHERBOURG;BOULOGNE;444;285
CHERBOURG;CALAIS;458;295
CHERBOURG;CAMBRAI;463;305
CHERBOURG;CERGY;338;230
CHERBOURG;CERGY CHRONODRIVE 469;332;225
CHERBOURG;CHERBOURG;0;0
CHERBOURG;CHRONO AVELIN 4361;495;320
CHERBOURG;CHRONO BONDUES 4703;516;335
CHERBOURG;CHRONO COMPIEGNE 4345;420;280
CHERBOURG;CHRONO COUDEKERQUE 4242;503;325
CHERBOURG;CHRONO CROIX 4154;511;335
CHERBOURG;CHRONO ELEU DIT LEAUWETTE 4462;484;315
CHERBOURG;CHRONO HALLENNES 4167;506;330
CHERBOURG;CHRONO IFS;125;90
CHERBOURG;CHRONO LAMBERSART 4424;512;335
CHERBOURG;CHRONO MARCQ 4128;511;335
CHERBOURG;CHRONO VALENCIENNES 4370;493;320
CHERBOURG;CHRONO WASQUEHAL 4303;510;330
CHERBOURG;CORMEILLES EN PARISIS CHRONODRIVE 413;347;230
CHERBOURG;DIEPPE;288;300
CHERBOURG;DIFFERDANGE;695;470
CHERBOURG;DOUAI;482;320
CHERBOURG;DRIVE BEAUVAIS;331;255
CHERBOURG;DRIVE BETHUNE;499;325
CHERBOURG;DRIVE BOULOGNE;432;280
CHERBOURG;DRIVE CALAIS;460;300
CHERBOURG;DRIVE CAMBRAI;464;305
CHERBOURG;DRIVE CHERBOURG;0;0
CHERBOURG;DRIVE DIEPPE;302;205
CHERBOURG;DRIVE DOUAI;482;315
CHERBOURG;DRIVE DUNKERQUE;497;320
CHERBOURG;DRIVE DURY;370;240
CHERBOURG;DRIVE ENGLOS;514;335
CHERBOURG;DRIVE FACHES;499;320
CHERBOURG;DRIVE LE HAVRE;217;155
CHERBOURG;DRIVE LEERS;517;340
CHERBOURG;DRIVE LOUVROIL;525;340
CHERBOURG;DRIVE MONTIVILLIERS;211;150
CHERBOURG;DRIVE NOGENT SUR OISE;409;275
CHERBOURG;DRIVE NOYELLES;477;310
CHERBOURG;DRIVE OSNY;341;230
CHERBOURG;DRIVE PETITE FORET;493;320
CHERBOURG;DRIVE ROISSY;369;250
CHERBOURG;DRIVE RONCQ;490;495
CHERBOURG;DRIVE SCHWEIGHOUSE;841;530
CHERBOURG;DRIVE ST QUENTIN;444;290
CHERBOURG;DRIVE TAVERNY;351;240
CHERBOURG;DRIVE VALENCIENNES;491;315
CHERBOURG;DRIVE VILLENEUVE D'ASCQ;476;480
CHERBOURG;DUNKERQUE;497;320
CHERBOURG;ENGLOS;514;335
CHERBOURG;ENT AMIENS BINAT;368;375
CHERBOURG;ENT AMIENS SAINT SAUVEUR FLEG;370;375
CHERBOURG;ENT AMIENS SAINT SAUVEUR PF;370;375
CHERBOURG;ENT AMIENS SUPER POULAINVILLE PGC;373;375
CHERBOURG;ENT IENA;471;480
CHERBOURG;ENT IENA1;501;325
CHERBOURG;ENT IENA2;501;325
CHERBOURG;ENT MEYZIEU MEDLEY SUD;821;520
CHERBOURG;ENT SAINGHIN1;475;480
CHERBOURG;ENT SERRIS 2;396;270
CHERBOURG;ENT SOCOPAL DIEPPE;282;285
CHERBOURG;ENT V DHL;371;250
CHERBOURG;ENT V GEODIS;363;250
CHERBOURG;FACHES;470;480
CHERBOURG;FRANQUEVILLE CHRONODRIVE 4475;250;175
CHERBOURG;HERBLAY CHRONODRIVE 444;346;235
CHERBOURG;HIRSON;516;365
CHERBOURG;HOUILLES SUPER 1073;344;225
CHERBOURG;IFS CHRONODRIVE 4253;125;90
CHERBOURG;ILLKIRCH;853;540
CHERBOURG;KIRCHBERG;722;475
CHERBOURG;LA CLOCHE D'OR;714;470
CHERBOURG;LA QUEUE LES YVELINES SUPER 1096;323;225
CHERBOURG;LAXOU;702;475
CHERBOURG;LE CHESNAY PARLY 2 SUPER 1144;338;220
CHERBOURG;LE HAVRE;212;225
CHERBOURG;LEERS;517;340
CHERBOURG;LES MUREAUX HALLES AUCHAN;316;205
CHERBOURG;LONGUEIL SAINTE MARIE SUPER 4315;417;280
CHERBOURG;LOUVROIL;524;340
CHERBOURG;MAUREPAS SUPER 4492;351;230
CHERBOURG;MERS LES BAINS;322;330
CHERBOURG;MERU;356;255
CHERBOURG;MONT SAINT MARTIN;691;465
CHERBOURG;MONTIVILLIERS;205;210
CHERBOURG;NANCY CENTRE;707;485
CHERBOURG;NOYELLES GODAULT;478;310
CHERBOURG;NOYON;437;300
CHERBOURG;OSNY;341;235
CHERBOURG;PETITE FORET;492;320
CHERBOURG;RONCQ;490;495
CHERBOURG;SCHWEIGHOUSE;841;530
CHERBOURG;SEMECOURT;678;435
CHERBOURG;SOCOPAL;282;285
CHERBOURG;SOISY;354;360
CHERBOURG;ST OMER;480;315
CHERBOURG;ST QUENTIN;444;290
CHERBOURG;STRASBOURG;850;540
CHERBOURG;TAVERNY;351;240
CHERBOURG;TOMBLAINE;748;485
CHERBOURG;VAL DE REUIL SUPER 1209;253;170
CHERBOURG;VALENCIENNES;491;315
CHERBOURG;VERNEUIL 1 VERGER SUPER 4981;321;215
CHERBOURG;VILLENEUVE 2;506;330
CHERBOURG;VIRY NOUREUIL;470;305
CHRONO AVELIN 4361;1186 ST QUENTIN SCHUMANN SUPER;100;105
CHRONO AVELIN 4361;1267 CALAIS DELAROCHE SUPER;120;85
CHRONO AVELIN 4361;4313 CANTELEU SUPER;254;160
CHRONO AVELIN 4361;4536 LILLE WAZEMMES MY AUCHAN;15;15
CHRONO AVELIN 4361;4926 BILLY BERCLAU SUPER;37;45
CHRONO AVELIN 4361;4977 RUE SUPER;136;120
CHRONO AVELIN 4361;914 MARQUETTE LES PARTISANS DU GOUT;19;30
CHRONO AVELIN 4361;ARRAS;45;45
CHRONO AVELIN 4361;AUCHAN CITY TOURCOING;25;30
CHRONO AVELIN 4361;AUCHAN LUXEMBOURG SUPPLY;324;215
CHRONO AVELIN 4361;BEAUVAIS;185;115
CHRONO AVELIN 4361;BETHUNE;52;60
CHRONO AVELIN 4361;BOULOGNE;127;135
CHRONO AVELIN 4361;CAEN CHRONO 352;379;235
CHRONO AVELIN 4361;CALAIS;125;135
CHRONO AVELIN 4361;CAMBRAI;68;75
CHRONO AVELIN 4361;CERGY;219;140
CHRONO AVELIN 4361;CERGY CHRONODRIVE 469;224;145
CHRONO AVELIN 4361;CHERBOURG;495;320
CHRONO AVELIN 4361;CHRONO AVELIN 4361;0;0
CHRONO AVELIN 4361;CHRONO BONDUES 4703;25;30
CHRONO AVELIN 4361;CHRONO COUDEKERQUE 4242;80;90
CHRONO AVELIN 4361;CHRONO CROIX 4154;21;30
CHRONO AVELIN 4361;CHRONO ELEU DIT LEAUWETTE 4462;29;30
CHRONO AVELIN 4361;CHRONO HALLENNES 4167;23;30
CHRONO AVELIN 4361;CHRONO IFS;375;230
CHRONO AVELIN 4361;CHRONO LAMBERSART 4424;19;30
CHRONO AVELIN 4361;CHRONO MARCQ 4128;19;30
CHRONO AVELIN 4361;CHRONO VALENCIENNES 4370;42;45
CHRONO AVELIN 4361;CHRONO WASQUEHAL 4303;20;30
CHRONO AVELIN 4361;CORMEILLES EN PARISIS CHRONODRIVE 413;216;140
CHRONO AVELIN 4361;DIFFERDANGE;305;205
CHRONO AVELIN 4361;DOUAI;34;45
CHRONO AVELIN 4361;DRIVE BEAUVAIS;184;115
CHRONO AVELIN 4361;DRIVE BETHUNE;52;60
CHRONO AVELIN 4361;DRIVE BOULOGNE;132;95
CHRONO AVELIN 4361;DRIVE CAMBRAI;68;75
CHRONO AVELIN 4361;DRIVE CERGY;221;140
CHRONO AVELIN 4361;DRIVE CHERBOURG;494;320
CHRONO AVELIN 4361;DRIVE DIEPPE;238;165
CHRONO AVELIN 4361;DRIVE DOUAI;34;45
CHRONO AVELIN 4361;DRIVE DUNKERQUE;89;65
CHRONO AVELIN 4361;DRIVE DURY;128;80
CHRONO AVELIN 4361;DRIVE FACHES;7;15
CHRONO AVELIN 4361;DRIVE LE HAVRE;310;195
CHRONO AVELIN 4361;DRIVE LEERS;25;30
CHRONO AVELIN 4361;DRIVE LOUVROIL;76;90
CHRONO AVELIN 4361;DRIVE MONTIVILLIERS;300;190
CHRONO AVELIN 4361;DRIVE NOGENT SUR OISE;166;105
CHRONO AVELIN 4361;DRIVE NOYELLES;19;30
CHRONO AVELIN 4361;DRIVE NOYON;129;135
CHRONO AVELIN 4361;DRIVE OSNY;225;140
CHRONO AVELIN 4361;DRIVE PETITE FORET;37;45
CHRONO AVELIN 4361;DRIVE ROISSY;186;115
CHRONO AVELIN 4361;DRIVE RONCQ;27;30
CHRONO AVELIN 4361;DRIVE SCHWEIGHOUSE;534;320
CHRONO AVELIN 4361;DRIVE ST OMER;95;70
CHRONO AVELIN 4361;DRIVE TAVERNY;218;135
CHRONO AVELIN 4361;DRIVE VALENCIENNES;43;45
CHRONO AVELIN 4361;DRIVE VILLENEUVE D'ASCQ;14;15
CHRONO AVELIN 4361;DUNKERQUE;89;90
CHRONO AVELIN 4361;DURY;106;120
CHRONO AVELIN 4361;ENGLOS;22;30
CHRONO AVELIN 4361;ENT AMIENS BINAT;108;120
CHRONO AVELIN 4361;ENT AMIENS SAINT SAUVEUR FLEG;116;120
CHRONO AVELIN 4361;ENT AMIENS SAINT SAUVEUR PF;116;120
CHRONO AVELIN 4361;ENT AMIENS SUPER POULAINVILLE PGC;111;120
CHRONO AVELIN 4361;ENT CARVIN FL;13;15
CHRONO AVELIN 4361;ENT CARVIN PF;13;15
CHRONO AVELIN 4361;ENT IENA;9;15
CHRONO AVELIN 4361;ENT IENA1;9;15
CHRONO AVELIN 4361;ENT IENA2;9;15
CHRONO AVELIN 4361;ENT MEYZIEU MEDLEY SUD;691;415
CHRONO AVELIN 4361;ENT SAINGHIN1;12;15
CHRONO AVELIN 4361;ENT SERRIS 2;224;145
CHRONO AVELIN 4361;ENT SOCOPAL DIEPPE;214;225
CHRONO AVELIN 4361;ENT V DHL;188;120
CHRONO AVELIN 4361;ENT V GEODIS;194;125
CHRONO AVELIN 4361;FACHES;8;15
CHRONO AVELIN 4361;FRANQUEVILLE CHRONODRIVE 4475;249;160
CHRONO AVELIN 4361;HERBLAY CHRONODRIVE 444;220;140
CHRONO AVELIN 4361;HIRSON;127;135
CHRONO AVELIN 4361;HOUILLES SUPER 1073;214;140
CHRONO AVELIN 4361;IFS CHRONODRIVE 4253;375;230
CHRONO AVELIN 4361;ILLKIRCH;546;330
CHRONO AVELIN 4361;KIRCHBERG;320;205
CHRONO AVELIN 4361;LA CLOCHE D'OR;312;200
CHRONO AVELIN 4361;LA QUEUE LES YVELINES SUPER 1096;253;170
CHRONO AVELIN 4361;LAXOU;395;260
CHRONO AVELIN 4361;LE CHESNAY PARLY 2 SUPER 1144;227;155
CHRONO AVELIN 4361;LE HAVRE;309;195
CHRONO AVELIN 4361;LEERS;25;30
CHRONO AVELIN 4361;LES MUREAUX HALLES AUCHAN;240;155
CHRONO AVELIN 4361;LONGUEIL SAINTE MARIE SUPER 4315;144;90
CHRONO AVELIN 4361;LOUVROIL;76;90
CHRONO AVELIN 4361;MAUREPAS SUPER 4492;242;165
CHRONO AVELIN 4361;MERS LES BAINS;152;165
CHRONO AVELIN 4361;MERU;210;210
CHRONO AVELIN 4361;MONT SAINT MARTIN;297;195
CHRONO AVELIN 4361;MONTIVILLIERS;304;190
CHRONO AVELIN 4361;NANCY CENTRE;401;275
CHRONO AVELIN 4361;NOGENT SUR OISE;167;180
CHRONO AVELIN 4361;NOYELLES GODAULT;20;30
CHRONO AVELIN 4361;OSNY;225;145
CHRONO AVELIN 4361;PETITE FORET;37;45
CHRONO AVELIN 4361;ROISSY;187;115
CHRONO AVELIN 4361;RONCQ;27;30
CHRONO AVELIN 4361;SCHWEIGHOUSE;535;320
CHRONO AVELIN 4361;SEMECOURT;371;220
CHRONO AVELIN 4361;SOCOPAL;214;225
CHRONO AVELIN 4361;SOISY;209;135
CHRONO AVELIN 4361;ST OMER;78;90
CHRONO AVELIN 4361;ST QUENTIN;96;105
CHRONO AVELIN 4361;STRASBOURG;543;325
CHRONO AVELIN 4361;TAVERNY;217;135
CHRONO AVELIN 4361;TOMBLAINE;442;275
CHRONO AVELIN 4361;VAL DE REUIL SUPER 1209;277;185
CHRONO AVELIN 4361;VALENCIENNES;43;45
CHRONO AVELIN 4361;VERNEUIL 1 VERGER SUPER 4981;235;155
CHRONO AVELIN 4361;VILLENEUVE 2;13;15
CHRONO AVELIN 4361;VIRY NOUREUIL;125;80
CHRONO BONDUES 4703;1186 ST QUENTIN SCHUMANN SUPER;119;85
CHRONO BONDUES 4703;1267 CALAIS DELAROCHE SUPER;119;80
CHRONO BONDUES 4703;4313 CANTELEU SUPER;275;180
CHRONO BONDUES 4703;4536 LILLE WAZEMMES MY AUCHAN;11;15
CHRONO BONDUES 4703;4926 BILLY BERCLAU SUPER;35;45
CHRONO BONDUES 4703;4977 RUE SUPER;157;135
CHRONO BONDUES 4703;914 MARQUETTE LES PARTISANS DU GOUT;5;15
CHRONO BONDUES 4703;AUCHAN CITY TOURCOING;8;15
CHRONO BONDUES 4703;AUCHAN LUXEMBOURG SUPPLY;329;220
CHRONO BONDUES 4703;BEAUVAIS;206;135
CHRONO BONDUES 4703;BETHUNE;49;60
CHRONO BONDUES 4703;BOULOGNE;120;120
CHRONO BONDUES 4703;CAEN CHRONO 352;400;255
CHRONO BONDUES 4703;CALAIS;118;120
CHRONO BONDUES 4703;CAMBRAI;83;90
CHRONO BONDUES 4703;CERGY;240;160
CHRONO BONDUES 4703;CERGY CHRONODRIVE 469;245;160
CHRONO BONDUES 4703;CHERBOURG;516;335
CHRONO BONDUES 4703;CHRONO AVELIN 4361;22;30
CHRONO BONDUES 4703;CHRONO BONDUES 4703;0;0
CHRONO BONDUES 4703;CHRONO COMPIEGNE 4345;160;165
CHRONO BONDUES 4703;CHRONO COUDEKERQUE 4242;73;75
CHRONO BONDUES 4703;CHRONO CROIX 4154;9;15
CHRONO BONDUES 4703;CHRONO ELEU DIT LEAUWETTE 4462;46;60
CHRONO BONDUES 4703;CHRONO HALLENNES 4167;16;30
CHRONO BONDUES 4703;CHRONO IFS;396;250
CHRONO BONDUES 4703;CHRONO LAMBERSART 4424;10;15
CHRONO BONDUES 4703;CHRONO MARCQ 4128;4;15
CHRONO BONDUES 4703;CHRONO VALENCIENNES 4370;61;75
CHRONO BONDUES 4703;CHRONO WASQUEHAL 4303;8;15
CHRONO BONDUES 4703;CORMEILLES EN PARISIS CHRONODRIVE 413;236;160
CHRONO BONDUES 4703;DIEPPE;258;180
CHRONO BONDUES 4703;DIFFERDANGE;311;210
CHRONO BONDUES 4703;DOUAI;55;60
CHRONO BONDUES 4703;DRIVE ARRAS;69;55
CHRONO BONDUES 4703;DRIVE BEAUVAIS;204;130
CHRONO BONDUES 4703;DRIVE BETHUNE;49;60
CHRONO BONDUES 4703;DRIVE BOULOGNE;125;105
CHRONO BONDUES 4703;DRIVE CAMBRAI;83;90
CHRONO BONDUES 4703;DRIVE CERGY;241;155
CHRONO BONDUES 4703;DRIVE CHERBOURG;515;335
CHRONO BONDUES 4703;DRIVE DIEPPE;258;180
CHRONO BONDUES 4703;DRIVE DOUAI;55;60
CHRONO BONDUES 4703;DRIVE DUNKERQUE;86;60
CHRONO BONDUES 4703;DRIVE DURY;149;100
CHRONO BONDUES 4703;DRIVE ENGLOS;14;15
CHRONO BONDUES 4703;DRIVE FACHES;19;30
CHRONO BONDUES 4703;DRIVE LE HAVRE;330;210
CHRONO BONDUES 4703;DRIVE LEERS;16;30
CHRONO BONDUES 4703;DRIVE MONTIVILLIERS;321;205
CHRONO BONDUES 4703;DRIVE NOGENT SUR OISE;188;195
CHRONO BONDUES 4703;DRIVE NOYELLES;40;45
CHRONO BONDUES 4703;DRIVE NOYON;150;150
CHRONO BONDUES 4703;DRIVE OSNY;246;160
CHRONO BONDUES 4703;DRIVE PETITE FORET;56;60
CHRONO BONDUES 4703;DRIVE ROISSY;207;130
CHRONO BONDUES 4703;DRIVE RONCQ;7;15
CHRONO BONDUES 4703;DRIVE SCHWEIGHOUSE;555;335
CHRONO BONDUES 4703;DRIVE ST QUENTIN;116;80
CHRONO BONDUES 4703;DRIVE TAVERNY;238;155
CHRONO BONDUES 4703;DRIVE VALENCIENNES;63;75
CHRONO BONDUES 4703;DRIVE VILLENEUVE D'ASCQ;16;30
CHRONO BONDUES 4703;DUNKERQUE;82;90
CHRONO BONDUES 4703;DURY;124;135
CHRONO BONDUES 4703;ENGLOS;14;15
CHRONO BONDUES 4703;ENT AMIENS BINAT;131;135
CHRONO BONDUES 4703;ENT AMIENS SAINT SAUVEUR FLEG;137;150
CHRONO BONDUES 4703;ENT AMIENS SAINT SAUVEUR PF;137;150
CHRONO BONDUES 4703;ENT AMIENS SUPER POULAINVILLE PGC;126;135
CHRONO BONDUES 4703;ENT CARVIN FL;34;45
CHRONO BONDUES 4703;ENT CARVIN PF;34;45
CHRONO BONDUES 4703;ENT IENA;17;30
CHRONO BONDUES 4703;ENT IENA1;20;30
CHRONO BONDUES 4703;ENT IENA2;20;30
CHRONO BONDUES 4703;ENT MEYZIEU MEDLEY SUD;712;430
CHRONO BONDUES 4703;ENT SAINGHIN1;21;30
CHRONO BONDUES 4703;ENT SERRIS 2;244;160
CHRONO BONDUES 4703;ENT SOCOPAL DIEPPE;235;240
CHRONO BONDUES 4703;ENT V DHL;209;135
CHRONO BONDUES 4703;ENT V GEODIS;215;140
CHRONO BONDUES 4703;FACHES;17;30
CHRONO BONDUES 4703;FRANQUEVILLE CHRONODRIVE 4475;270;180
CHRONO BONDUES 4703;HERBLAY CHRONODRIVE 444;241;155
CHRONO BONDUES 4703;HIRSON;139;125
CHRONO BONDUES 4703;HOUILLES SUPER 1073;235;155
CHRONO BONDUES 4703;IFS CHRONODRIVE 4253;396;250
CHRONO BONDUES 4703;ILLKIRCH;567;345
CHRONO BONDUES 4703;KIRCHBERG;326;210
CHRONO BONDUES 4703;LA CLOCHE D'OR;318;205
CHRONO BONDUES 4703;LA QUEUE LES YVELINES SUPER 1096;273;190
CHRONO BONDUES 4703;LAXOU;416;280
CHRONO BONDUES 4703;LE CHESNAY PARLY 2 SUPER 1144;248;170
CHRONO BONDUES 4703;LE HAVRE;331;345
CHRONO BONDUES 4703;LEERS;16;30
CHRONO BONDUES 4703;LES MUREAUX HALLES AUCHAN;261;175
CHRONO BONDUES 4703;LONGUEIL SAINTE MARIE SUPER 4315;164;110
CHRONO BONDUES 4703;MAUREPAS SUPER 4492;262;185
CHRONO BONDUES 4703;MERS LES BAINS;232;165
CHRONO BONDUES 4703;MERU;231;150
CHRONO BONDUES 4703;MONT SAINT MARTIN;303;200
CHRONO BONDUES 4703;NANCY CENTRE;430;290
CHRONO BONDUES 4703;NOGENT SUR OISE;188;125
CHRONO BONDUES 4703;NOYELLES GODAULT;41;45
CHRONO BONDUES 4703;NOYON;148;105
CHRONO BONDUES 4703;OSNY;246;160
CHRONO BONDUES 4703;PETITE FORET;56;60
CHRONO BONDUES 4703;ROISSY;207;135
CHRONO BONDUES 4703;RONCQ;7;15
CHRONO BONDUES 4703;SCHWEIGHOUSE;556;335
CHRONO BONDUES 4703;SEMECOURT;392;240
CHRONO BONDUES 4703;SOCOPAL;235;240
CHRONO BONDUES 4703;SOISY;229;155
CHRONO BONDUES 4703;ST OMER;71;75
CHRONO BONDUES 4703;ST QUENTIN;115;120
CHRONO BONDUES 4703;STRASBOURG;564;345
CHRONO BONDUES 4703;TAVERNY;238;155
CHRONO BONDUES 4703;TOMBLAINE;433;290
CHRONO BONDUES 4703;VAL DE REUIL SUPER 1209;297;200
CHRONO BONDUES 4703;VALENCIENNES;63;75
CHRONO BONDUES 4703;VERNEUIL 1 VERGER SUPER 4981;256;175
CHRONO BONDUES 4703;VILLENEUVE 2;15;15
CHRONO BONDUES 4703;VIRY NOUREUIL;145;100
CHRONO COMPIEGNE 4345;1186 ST QUENTIN SCHUMANN SUPER;76;90
CHRONO COMPIEGNE 4345;1297 HARNES SUPER;137;90
CHRONO COMPIEGNE 4345;4313 CANTELEU SUPER;215;145
CHRONO COMPIEGNE 4345;4536 LILLE WAZEMMES MY AUCHAN;157;100
CHRONO COMPIEGNE 4345;4926 BILLY BERCLAU SUPER;150;95
CHRONO COMPIEGNE 4345;4977 RUE SUPER;159;110
CHRONO COMPIEGNE 4345;914 MARQUETTE LES PARTISANS DU GOUT;162;110
CHRONO COMPIEGNE 4345;ARRAS;118;120
CHRONO COMPIEGNE 4345;AUCHAN CITY TOURCOING;168;110
CHRONO COMPIEGNE 4345;AUCHAN LUXEMBOURG SUPPLY;309;240
CHRONO COMPIEGNE 4345;BEAUVAIS;60;60
CHRONO COMPIEGNE 4345;BETHUNE;149;95
CHRONO COMPIEGNE 4345;BOULOGNE;226;150
CHRONO COMPIEGNE 4345;CAEN CHRONO 352;304;200
CHRONO COMPIEGNE 4345;CALAIS;229;240
CHRONO COMPIEGNE 4345;CAMBRAI;109;120
CHRONO COMPIEGNE 4345;CERGY CHRONODRIVE 469;90;65
CHRONO COMPIEGNE 4345;CHERBOURG;420;280
CHRONO COMPIEGNE 4345;CHRONO AVELIN 4361;139;150
CHRONO COMPIEGNE 4345;CHRONO COMPIEGNE 4345;0;0
CHRONO COMPIEGNE 4345;CHRONO COUDEKERQUE 4242;227;150
CHRONO COMPIEGNE 4345;CHRONO CROIX 4154;163;105
CHRONO COMPIEGNE 4345;CHRONO HALLENNES 4167;157;105
CHRONO COMPIEGNE 4345;CHRONO IFS;302;195
CHRONO COMPIEGNE 4345;CHRONO LAMBERSART 4424;163;110
CHRONO COMPIEGNE 4345;CORMEILLES EN PARISIS CHRONODRIVE 413;89;90
CHRONO COMPIEGNE 4345;DIEPPE;199;150
CHRONO COMPIEGNE 4345;DIFFERDANGE;298;245
CHRONO COMPIEGNE 4345;DOUAI;130;135
CHRONO COMPIEGNE 4345;DRIVE ARRAS;122;85
CHRONO COMPIEGNE 4345;DRIVE BEAUVAIS;61;75
CHRONO COMPIEGNE 4345;DRIVE BETHUNE;151;95
CHRONO COMPIEGNE 4345;DRIVE BOULOGNE;214;145
CHRONO COMPIEGNE 4345;DRIVE CALAIS;229;145
CHRONO COMPIEGNE 4345;DRIVE CAMBRAI;109;120
CHRONO COMPIEGNE 4345;DRIVE CERGY;87;60
CHRONO COMPIEGNE 4345;DRIVE CHERBOURG;421;280
CHRONO COMPIEGNE 4345;DRIVE DIEPPE;199;150
CHRONO COMPIEGNE 4345;DRIVE DOUAI;130;135
CHRONO COMPIEGNE 4345;DRIVE DURY;86;90
CHRONO COMPIEGNE 4345;DRIVE ENGLOS;166;110
CHRONO COMPIEGNE 4345;DRIVE FACHES;142;150
CHRONO COMPIEGNE 4345;DRIVE LE HAVRE;271;185
CHRONO COMPIEGNE 4345;DRIVE LEERS;168;110
CHRONO COMPIEGNE 4345;DRIVE LOUVROIL;176;115
CHRONO COMPIEGNE 4345;DRIVE MONTIVILLIERS;262;175
CHRONO COMPIEGNE 4345;DRIVE NOGENT SUR OISE;36;45
CHRONO COMPIEGNE 4345;DRIVE OSNY;91;65
CHRONO COMPIEGNE 4345;DRIVE PETITE FORET;142;150
CHRONO COMPIEGNE 4345;DRIVE ROISSY;53;40
CHRONO COMPIEGNE 4345;DRIVE RONCQ;171;115
CHRONO COMPIEGNE 4345;DRIVE SCHWEIGHOUSE;444;305
CHRONO COMPIEGNE 4345;DRIVE ST OMER;193;125
CHRONO COMPIEGNE 4345;DRIVE ST QUENTIN;76;90
CHRONO COMPIEGNE 4345;DRIVE TAVERNY;84;60
CHRONO COMPIEGNE 4345;DRIVE VALENCIENNES;134;135
CHRONO COMPIEGNE 4345;DRIVE VILLENEUVE D'ASCQ;157;100
CHRONO COMPIEGNE 4345;DUNKERQUE;232;150
CHRONO COMPIEGNE 4345;DURY;86;90
CHRONO COMPIEGNE 4345;ENGLOS;165;110
CHRONO COMPIEGNE 4345;ENT AMIENS BINAT;84;90
CHRONO COMPIEGNE 4345;ENT AMIENS SAINT SAUVEUR FLEG;90;90
CHRONO COMPIEGNE 4345;ENT AMIENS SAINT SAUVEUR PF;90;90
CHRONO COMPIEGNE 4345;ENT AMIENS SUPER POULAINVILLE PGC;85;90
CHRONO COMPIEGNE 4345;ENT CARVIN FL;132;135
CHRONO COMPIEGNE 4345;ENT CARVIN PF;132;135
CHRONO COMPIEGNE 4345;ENT IENA;149;150
CHRONO COMPIEGNE 4345;ENT IENA1;152;95
CHRONO COMPIEGNE 4345;ENT IENA2;152;95
CHRONO COMPIEGNE 4345;ENT MEYZIEU MEDLEY SUD;552;350
CHRONO COMPIEGNE 4345;ENT SAINGHIN1;152;165
CHRONO COMPIEGNE 4345;ENT SERRIS 1;90;90
CHRONO COMPIEGNE 4345;ENT SERRIS 2;90;70
CHRONO COMPIEGNE 4345;ENT V DHL;117;120
CHRONO COMPIEGNE 4345;ENT V GEODIS;117;120
CHRONO COMPIEGNE 4345;FACHES;142;150
CHRONO COMPIEGNE 4345;FRANQUEVILLE CHRONODRIVE 4475;141;135
CHRONO COMPIEGNE 4345;HERBLAY CHRONODRIVE 444;87;65
CHRONO COMPIEGNE 4345;HIRSON;130;135
CHRONO COMPIEGNE 4345;HOUILLES SUPER 1073;81;60
CHRONO COMPIEGNE 4345;IFS CHRONODRIVE 4253;302;195
CHRONO COMPIEGNE 4345;ILLKIRCH;456;315
CHRONO COMPIEGNE 4345;KIRCHBERG;325;245
CHRONO COMPIEGNE 4345;LA CLOCHE D'OR;317;240
CHRONO COMPIEGNE 4345;LA QUEUE LES YVELINES SUPER 1096;119;95
CHRONO COMPIEGNE 4345;LAXOU;305;245
CHRONO COMPIEGNE 4345;LE CHESNAY PARLY 2 SUPER 1144;94;80
CHRONO COMPIEGNE 4345;LE HAVRE;271;185
CHRONO COMPIEGNE 4345;LEERS;168;110
CHRONO COMPIEGNE 4345;LES MUREAUX HALLES AUCHAN;107;80
CHRONO COMPIEGNE 4345;LONGUEIL SAINTE MARIE SUPER 4315;15;15
CHRONO COMPIEGNE 4345;LOUVROIL;167;180
CHRONO COMPIEGNE 4345;MAUREPAS SUPER 4492;108;90
CHRONO COMPIEGNE 4345;MERS LES BAINS;173;135
CHRONO COMPIEGNE 4345;MERU;89;90
CHRONO COMPIEGNE 4345;MONT SAINT MARTIN;294;240
CHRONO COMPIEGNE 4345;MONTIVILLIERS;265;180
CHRONO COMPIEGNE 4345;NANCY CENTRE;311;260
CHRONO COMPIEGNE 4345;NOGENT SUR OISE;38;45
CHRONO COMPIEGNE 4345;NOYELLES GODAULT;122;135
CHRONO COMPIEGNE 4345;NOYON;30;30
CHRONO COMPIEGNE 4345;OSNY;92;65
CHRONO COMPIEGNE 4345;PETITE FORET;142;150
CHRONO COMPIEGNE 4345;ROISSY;53;40
CHRONO COMPIEGNE 4345;RONCQ;170;115
CHRONO COMPIEGNE 4345;SCHWEIGHOUSE;445;305
CHRONO COMPIEGNE 4345;SEMECOURT;281;205
CHRONO COMPIEGNE 4345;SOISY;82;90
CHRONO COMPIEGNE 4345;ST OMER;193;125
CHRONO COMPIEGNE 4345;ST QUENTIN;80;90
CHRONO COMPIEGNE 4345;STRASBOURG;453;310
CHRONO COMPIEGNE 4345;TAVERNY;91;105
CHRONO COMPIEGNE 4345;TOMBLAINE;351;260
CHRONO COMPIEGNE 4345;VAL DE REUIL SUPER 1209;176;125
CHRONO COMPIEGNE 4345;VALENCIENNES;134;135
CHRONO COMPIEGNE 4345;VERNEUIL 1 VERGER SUPER 4981;101;80
CHRONO COMPIEGNE 4345;VILLENEUVE 2;148;150
CHRONO COMPIEGNE 4345;VIRY NOUREUIL;53;60
CHRONO COUDEKERQUE 4242;1186 ST QUENTIN SCHUMANN SUPER;178;125
CHRONO COUDEKERQUE 4242;1297 HARNES SUPER;92;75
CHRONO COUDEKERQUE 4242;4313 CANTELEU SUPER;261;170
CHRONO COUDEKERQUE 4242;4536 LILLE WAZEMMES MY AUCHAN;71;55
CHRONO COUDEKERQUE 4242;4926 BILLY BERCLAU SUPER;83;65
CHRONO COUDEKERQUE 4242;4977 RUE SUPER;139;95
CHRONO COUDEKERQUE 4242;914 MARQUETTE LES PARTISANS DU GOUT;71;75
CHRONO COUDEKERQUE 4242;AUCHAN LUXEMBOURG SUPPLY;392;255
CHRONO COUDEKERQUE 4242;BEAUVAIS;254;160
CHRONO COUDEKERQUE 4242;BETHUNE;67;75
CHRONO COUDEKERQUE 4242;BOULOGNE;80;90
CHRONO COUDEKERQUE 4242;CAEN CHRONO 352;386;245
CHRONO COUDEKERQUE 4242;CALAIS;49;60
CHRONO COUDEKERQUE 4242;CAMBRAI;145;105
CHRONO COUDEKERQUE 4242;CERGY;310;195
CHRONO COUDEKERQUE 4242;CERGY CHRONODRIVE 469;315;195
CHRONO COUDEKERQUE 4242;CHERBOURG;503;325
CHRONO COUDEKERQUE 4242;CHRONO AVELIN 4361;80;90
CHRONO COUDEKERQUE 4242;CHRONO COMPIEGNE 4345;227;150
CHRONO COUDEKERQUE 4242;CHRONO COUDEKERQUE 4242;0;0
CHRONO COUDEKERQUE 4242;CHRONO CROIX 4154;77;90
CHRONO COUDEKERQUE 4242;CHRONO HALLENNES 4167;61;75
CHRONO COUDEKERQUE 4242;CHRONO IFS;382;235
CHRONO COUDEKERQUE 4242;CHRONO LAMBERSART 4424;66;75
CHRONO COUDEKERQUE 4242;CHRONO MARCQ 4128;73;75
CHRONO COUDEKERQUE 4242;CHRONO VALENCIENNES 4370;127;90
CHRONO COUDEKERQUE 4242;CHRONO WASQUEHAL 4303;77;90
CHRONO COUDEKERQUE 4242;CORMEILLES EN PARISIS CHRONODRIVE 413;301;200
CHRONO COUDEKERQUE 4242;DIEPPE;228;160
CHRONO COUDEKERQUE 4242;DIFFERDANGE;376;250
CHRONO COUDEKERQUE 4242;DOUAI;111;120
CHRONO COUDEKERQUE 4242;DRIVE ARRAS;109;120
CHRONO COUDEKERQUE 4242;DRIVE BEAUVAIS;252;155
CHRONO COUDEKERQUE 4242;DRIVE BETHUNE;67;75
CHRONO COUDEKERQUE 4242;DRIVE BOULOGNE;78;90
CHRONO COUDEKERQUE 4242;DRIVE CALAIS;49;60
CHRONO COUDEKERQUE 4242;DRIVE CAMBRAI;150;105
CHRONO COUDEKERQUE 4242;DRIVE CERGY;309;190
CHRONO COUDEKERQUE 4242;DRIVE CHERBOURG;500;325
CHRONO COUDEKERQUE 4242;DRIVE DIEPPE;228;160
CHRONO COUDEKERQUE 4242;DRIVE DOUAI;111;120
CHRONO COUDEKERQUE 4242;DRIVE DUNKERQUE;12;15
CHRONO COUDEKERQUE 4242;DRIVE DURY;203;130
CHRONO COUDEKERQUE 4242;DRIVE FACHES;74;75
CHRONO COUDEKERQUE 4242;DRIVE LE HAVRE;316;200
CHRONO COUDEKERQUE 4242;DRIVE LEERS;86;90
CHRONO COUDEKERQUE 4242;DRIVE LOUVROIL;162;115
CHRONO COUDEKERQUE 4242;DRIVE MONTIVILLIERS;307;195
CHRONO COUDEKERQUE 4242;DRIVE NOGENT SUR OISE;251;160
CHRONO COUDEKERQUE 4242;DRIVE NOYELLES;105;70
CHRONO COUDEKERQUE 4242;DRIVE NOYON;213;145
CHRONO COUDEKERQUE 4242;DRIVE OSNY;292;190
CHRONO COUDEKERQUE 4242;DRIVE ROISSY;272;170
CHRONO COUDEKERQUE 4242;DRIVE RONCQ;82;90
CHRONO COUDEKERQUE 4242;DRIVE SCHWEIGHOUSE;620;375
CHRONO COUDEKERQUE 4242;DRIVE ST OMER;48;60
CHRONO COUDEKERQUE 4242;DRIVE ST QUENTIN;181;115
CHRONO COUDEKERQUE 4242;DRIVE TAVERNY;306;190
CHRONO COUDEKERQUE 4242;DRIVE VALENCIENNES;119;120
CHRONO COUDEKERQUE 4242;DUNKERQUE;13;15
CHRONO COUDEKERQUE 4242;DURY;148;150
CHRONO COUDEKERQUE 4242;ENGLOS;62;75
CHRONO COUDEKERQUE 4242;ENT AMIENS BINAT;142;150
CHRONO COUDEKERQUE 4242;ENT AMIENS SAINT SAUVEUR FLEG;195;195
CHRONO COUDEKERQUE 4242;ENT AMIENS SAINT SAUVEUR PF;195;195
CHRONO COUDEKERQUE 4242;ENT AMIENS SUPER POULAINVILLE PGC;197;210
CHRONO COUDEKERQUE 4242;ENT CARVIN FL;90;90
CHRONO COUDEKERQUE 4242;ENT CARVIN PF;90;90
CHRONO COUDEKERQUE 4242;ENT IENA;76;90
CHRONO COUDEKERQUE 4242;ENT IENA1;85;60
CHRONO COUDEKERQUE 4242;ENT IENA2;85;60
CHRONO COUDEKERQUE 4242;ENT MEYZIEU MEDLEY SUD;777;470
CHRONO COUDEKERQUE 4242;ENT SAINGHIN1;78;90
CHRONO COUDEKERQUE 4242;ENT SERRIS 2;309;200
CHRONO COUDEKERQUE 4242;ENT V DHL;274;175
CHRONO COUDEKERQUE 4242;ENT V GEODIS;280;180
CHRONO COUDEKERQUE 4242;FACHES;79;90
CHRONO COUDEKERQUE 4242;FRANQUEVILLE CHRONODRIVE 4475;255;165
CHRONO COUDEKERQUE 4242;HERBLAY CHRONODRIVE 444;309;195
CHRONO COUDEKERQUE 4242;HOUILLES SUPER 1073;299;195
CHRONO COUDEKERQUE 4242;IFS CHRONODRIVE 4253;382;235
CHRONO COUDEKERQUE 4242;ILLKIRCH;631;385
CHRONO COUDEKERQUE 4242;KIRCHBERG;391;255
CHRONO COUDEKERQUE 4242;LA CLOCHE D'OR;383;245
CHRONO COUDEKERQUE 4242;LA QUEUE LES YVELINES SUPER 1096;338;230
CHRONO COUDEKERQUE 4242;LAXOU;480;320
CHRONO COUDEKERQUE 4242;LE CHESNAY PARLY 2 SUPER 1144;313;210
CHRONO COUDEKERQUE 4242;LEERS;86;90
CHRONO COUDEKERQUE 4242;LES MUREAUX HALLES AUCHAN;326;215
CHRONO COUDEKERQUE 4242;LONGUEIL SAINTE MARIE SUPER 4315;229;145
CHRONO COUDEKERQUE 4242;LOUVROIL;162;110
CHRONO COUDEKERQUE 4242;MAUREPAS SUPER 4492;327;225
CHRONO COUDEKERQUE 4242;MERU;279;170
CHRONO COUDEKERQUE 4242;MONT SAINT MARTIN;368;240
CHRONO COUDEKERQUE 4242;MONTIVILLIERS;310;195
CHRONO COUDEKERQUE 4242;NANCY CENTRE;486;330
CHRONO COUDEKERQUE 4242;NOGENT SUR OISE;252;165
CHRONO COUDEKERQUE 4242;NOYON;213;145
CHRONO COUDEKERQUE 4242;OSNY;293;195
CHRONO COUDEKERQUE 4242;ROISSY;272;170
CHRONO COUDEKERQUE 4242;RONCQ;82;90
CHRONO COUDEKERQUE 4242;SCHWEIGHOUSE;620;375
CHRONO COUDEKERQUE 4242;SEMECOURT;456;280
CHRONO COUDEKERQUE 4242;SOISY;294;195
CHRONO COUDEKERQUE 4242;ST OMER;38;45
CHRONO COUDEKERQUE 4242;STRASBOURG;629;385
CHRONO COUDEKERQUE 4242;TAVERNY;306;190
CHRONO COUDEKERQUE 4242;TOMBLAINE;527;330
CHRONO COUDEKERQUE 4242;VAL DE REUIL SUPER 1209;283;190
CHRONO COUDEKERQUE 4242;VALENCIENNES;119;120
CHRONO COUDEKERQUE 4242;VERNEUIL 1 VERGER SUPER 4981;324;210
CHRONO COUDEKERQUE 4242;VILLENEUVE 2;76;90
CHRONO CROIX 4154;1186 ST QUENTIN SCHUMANN SUPER;114;80
CHRONO CROIX 4154;1267 CALAIS DELAROCHE SUPER;117;85
CHRONO CROIX 4154;1297 HARNES SUPER;34;30
CHRONO CROIX 4154;4313 CANTELEU SUPER;270;175
CHRONO CROIX 4154;4536 LILLE WAZEMMES MY AUCHAN;12;15
CHRONO CROIX 4154;4926 BILLY BERCLAU SUPER;37;35
CHRONO CROIX 4154;4977 RUE SUPER;152;135
CHRONO CROIX 4154;914 MARQUETTE LES PARTISANS DU GOUT;9;15
CHRONO CROIX 4154;AUCHAN CITY TOURCOING;6;15
CHRONO CROIX 4154;AUCHAN LUXEMBOURG SUPPLY;322;215
CHRONO CROIX 4154;BEAUVAIS;201;130
CHRONO CROIX 4154;BOULOGNE;124;135
CHRONO CROIX 4154;CAEN CHRONO 352;395;250
CHRONO CROIX 4154;CALAIS;122;135
CHRONO CROIX 4154;CAMBRAI;78;90
CHRONO CROIX 4154;CERGY;235;155
CHRONO CROIX 4154;CERGY CHRONODRIVE 469;240;160
CHRONO CROIX 4154;CHERBOURG;511;335
CHRONO CROIX 4154;CHRONO AVELIN 4361;22;30
CHRONO CROIX 4154;CHRONO BONDUES 4703;9;15
CHRONO CROIX 4154;CHRONO COMPIEGNE 4345;163;105
CHRONO CROIX 4154;CHRONO CROIX 4154;0;0
CHRONO CROIX 4154;CHRONO ELEU DIT LEAUWETTE 4462;47;60
CHRONO CROIX 4154;CHRONO HALLENNES 4167;20;30
CHRONO CROIX 4154;CHRONO IFS;391;245
CHRONO CROIX 4154;CHRONO LAMBERSART 4424;14;15
CHRONO CROIX 4154;CHRONO MARCQ 4128;7;15
CHRONO CROIX 4154;CHRONO VALENCIENNES 4370;56;60
CHRONO CROIX 4154;CHRONO WASQUEHAL 4303;4;15
CHRONO CROIX 4154;CORMEILLES EN PARISIS CHRONODRIVE 413;232;155
CHRONO CROIX 4154;DIEPPE;253;175
CHRONO CROIX 4154;DIFFERDANGE;304;205
CHRONO CROIX 4154;DRIVE ARRAS;64;50
CHRONO CROIX 4154;DRIVE BEAUVAIS;200;130
CHRONO CROIX 4154;DRIVE BOULOGNE;125;105
CHRONO CROIX 4154;DRIVE CALAIS;123;90
CHRONO CROIX 4154;DRIVE CAMBRAI;78;90
CHRONO CROIX 4154;DRIVE CERGY;237;155
CHRONO CROIX 4154;DRIVE CHERBOURG;510;335
CHRONO CROIX 4154;DRIVE DIEPPE;254;180
CHRONO CROIX 4154;DRIVE DURY;144;95
CHRONO CROIX 4154;DRIVE ENGLOS;18;30
CHRONO CROIX 4154;DRIVE FACHES;16;30
CHRONO CROIX 4154;DRIVE LE HAVRE;326;210
CHRONO CROIX 4154;DRIVE LEERS;7;15
CHRONO CROIX 4154;DRIVE LOUVROIL;90;90
CHRONO CROIX 4154;DRIVE MONTIVILLIERS;316;205
CHRONO CROIX 4154;DRIVE NOGENT SUR OISE;182;120
CHRONO CROIX 4154;DRIVE NOYELLES;37;45
CHRONO CROIX 4154;DRIVE NOYON;144;105
CHRONO CROIX 4154;DRIVE OSNY;241;155
CHRONO CROIX 4154;DRIVE PETITE FORET;52;60
CHRONO CROIX 4154;DRIVE ROISSY;202;130
CHRONO CROIX 4154;DRIVE RONCQ;10;15
CHRONO CROIX 4154;DRIVE SCHWEIGHOUSE;550;335
CHRONO CROIX 4154;DRIVE ST OMER;75;75
CHRONO CROIX 4154;DRIVE ST QUENTIN;112;75
CHRONO CROIX 4154;DRIVE TAVERNY;234;150
CHRONO CROIX 4154;DRIVE VALENCIENNES;58;60
CHRONO CROIX 4154;DUNKERQUE;86;90
CHRONO CROIX 4154;DURY;125;135
CHRONO CROIX 4154;ENGLOS;18;30
CHRONO CROIX 4154;ENT AMIENS BINAT;126;135
CHRONO CROIX 4154;ENT AMIENS SAINT SAUVEUR FLEG;134;135
CHRONO CROIX 4154;ENT AMIENS SAINT SAUVEUR PF;134;135
CHRONO CROIX 4154;ENT AMIENS SUPER POULAINVILLE PGC;127;135
CHRONO CROIX 4154;ENT CARVIN FL;31;45
CHRONO CROIX 4154;ENT CARVIN PF;31;45
CHRONO CROIX 4154;ENT IENA;18;30
CHRONO CROIX 4154;ENT IENA1;15;15
CHRONO CROIX 4154;ENT IENA2;15;15
CHRONO CROIX 4154;ENT MEYZIEU MEDLEY SUD;707;430
CHRONO CROIX 4154;ENT SAINGHIN1;17;30
CHRONO CROIX 4154;ENT SERRIS 2;240;160
CHRONO CROIX 4154;ENT V DHL;204;135
CHRONO CROIX 4154;ENT V GEODIS;210;140
CHRONO CROIX 4154;FACHES;17;30
CHRONO CROIX 4154;FRANQUEVILLE CHRONODRIVE 4475;265;175
CHRONO CROIX 4154;HERBLAY CHRONODRIVE 444;236;155
CHRONO CROIX 4154;HIRSON;141;150
CHRONO CROIX 4154;HOUILLES SUPER 1073;230;155
CHRONO CROIX 4154;IFS CHRONODRIVE 4253;391;245
CHRONO CROIX 4154;ILLKIRCH;562;345
CHRONO CROIX 4154;KIRCHBERG;319;210
CHRONO CROIX 4154;LA CLOCHE D'OR;311;205
CHRONO CROIX 4154;LA QUEUE LES YVELINES SUPER 1096;269;185
CHRONO CROIX 4154;LAXOU;411;275
CHRONO CROIX 4154;LE CHESNAY PARLY 2 SUPER 1144;243;170
CHRONO CROIX 4154;LE HAVRE;325;210
CHRONO CROIX 4154;LEERS;7;15
CHRONO CROIX 4154;LES MUREAUX HALLES AUCHAN;256;170
CHRONO CROIX 4154;LONGUEIL SAINTE MARIE SUPER 4315;160;105
CHRONO CROIX 4154;MAUREPAS SUPER 4492;258;180
CHRONO CROIX 4154;MERS LES BAINS;227;160
CHRONO CROIX 4154;MONT SAINT MARTIN;296;200
CHRONO CROIX 4154;MONTIVILLIERS;320;205
CHRONO CROIX 4154;NANCY CENTRE;422;290
CHRONO CROIX 4154;NOGENT SUR OISE;183;120
CHRONO CROIX 4154;NOYELLES GODAULT;39;45
CHRONO CROIX 4154;NOYON;144;105
CHRONO CROIX 4154;OSNY;241;160
CHRONO CROIX 4154;PETITE FORET;52;60
CHRONO CROIX 4154;ROISSY;203;130
CHRONO CROIX 4154;RONCQ;10;15
CHRONO CROIX 4154;SCHWEIGHOUSE;551;335
CHRONO CROIX 4154;SEMECOURT;387;235
CHRONO CROIX 4154;SOISY;225;150
CHRONO CROIX 4154;ST OMER;75;75
CHRONO CROIX 4154;ST QUENTIN;112;75
CHRONO CROIX 4154;STRASBOURG;559;340
CHRONO CROIX 4154;TAVERNY;233;150
CHRONO CROIX 4154;TOMBLAINE;425;290
CHRONO CROIX 4154;VAL DE REUIL SUPER 1209;293;195
CHRONO CROIX 4154;VALENCIENNES;58;60
CHRONO CROIX 4154;VERNEUIL 1 VERGER SUPER 4981;251;170
CHRONO CROIX 4154;VILLENEUVE 2;11;15
CHRONO CROIX 4154;VIRY NOUREUIL;142;150
CHRONO ELEU DIT LEAUWETTE 4462;1186 ST QUENTIN SCHUMANN SUPER;87;60
CHRONO ELEU DIT LEAUWETTE 4462;1267 CALAIS DELAROCHE SUPER;99;105
CHRONO ELEU DIT LEAUWETTE 4462;1297 HARNES SUPER;12;15
CHRONO ELEU DIT LEAUWETTE 4462;4313 CANTELEU SUPER;243;155
CHRONO ELEU DIT LEAUWETTE 4462;4536 LILLE WAZEMMES MY AUCHAN;39;45
CHRONO ELEU DIT LEAUWETTE 4462;4926 BILLY BERCLAU SUPER;14;15
CHRONO ELEU DIT LEAUWETTE 4462;4977 RUE SUPER;107;100
CHRONO ELEU DIT LEAUWETTE 4462;914 MARQUETTE LES PARTISANS DU GOUT;44;40
CHRONO ELEU DIT LEAUWETTE 4462;ARRAS;20;30
CHRONO ELEU DIT LEAUWETTE 4462;AUCHAN CITY TOURCOING;54;60
CHRONO ELEU DIT LEAUWETTE 4462;AUCHAN LUXEMBOURG SUPPLY;342;225
CHRONO ELEU DIT LEAUWETTE 4462;BEAUVAIS;173;110
CHRONO ELEU DIT LEAUWETTE 4462;BETHUNE;25;30
CHRONO ELEU DIT LEAUWETTE 4462;BOULOGNE;104;105
CHRONO ELEU DIT LEAUWETTE 4462;CAEN CHRONO 352;367;230
CHRONO ELEU DIT LEAUWETTE 4462;CALAIS;104;105
CHRONO ELEU DIT LEAUWETTE 4462;CAMBRAI;63;75
CHRONO ELEU DIT LEAUWETTE 4462;CERGY;208;135
CHRONO ELEU DIT LEAUWETTE 4462;CERGY CHRONODRIVE 469;213;140
CHRONO ELEU DIT LEAUWETTE 4462;CHERBOURG;484;315
CHRONO ELEU DIT LEAUWETTE 4462;CHRONO AVELIN 4361;30;30
CHRONO ELEU DIT LEAUWETTE 4462;CHRONO BONDUES 4703;47;60
CHRONO ELEU DIT LEAUWETTE 4462;CHRONO COMPIEGNE 4345;126;135
CHRONO ELEU DIT LEAUWETTE 4462;CHRONO COUDEKERQUE 4242;92;105
CHRONO ELEU DIT LEAUWETTE 4462;CHRONO CROIX 4154;49;60
CHRONO ELEU DIT LEAUWETTE 4462;CHRONO ELEU DIT LEAUWETTE 4462;0;0
CHRONO ELEU DIT LEAUWETTE 4462;CHRONO HALLENNES 4167;30;30
CHRONO ELEU DIT LEAUWETTE 4462;CHRONO IFS;363;230
CHRONO ELEU DIT LEAUWETTE 4462;CHRONO LAMBERSART 4424;39;45
CHRONO ELEU DIT LEAUWETTE 4462;CHRONO MARCQ 4128;47;60
CHRONO ELEU DIT LEAUWETTE 4462;CHRONO VALENCIENNES 4370;63;75
CHRONO ELEU DIT LEAUWETTE 4462;CHRONO WASQUEHAL 4303;47;60
CHRONO ELEU DIT LEAUWETTE 4462;CORMEILLES EN PARISIS CHRONODRIVE 413;204;135
CHRONO ELEU DIT LEAUWETTE 4462;DIEPPE;225;160
CHRONO ELEU DIT LEAUWETTE 4462;DIFFERDANGE;323;220
CHRONO ELEU DIT LEAUWETTE 4462;DOUAI;30;30
CHRONO ELEU DIT LEAUWETTE 4462;DRIVE ARRAS;20;30
CHRONO ELEU DIT LEAUWETTE 4462;DRIVE BEAUVAIS;171;110
CHRONO ELEU DIT LEAUWETTE 4462;DRIVE BETHUNE;25;30
CHRONO ELEU DIT LEAUWETTE 4462;DRIVE BOULOGNE;105;75
CHRONO ELEU DIT LEAUWETTE 4462;DRIVE CALAIS;104;70
CHRONO ELEU DIT LEAUWETTE 4462;DRIVE CAMBRAI;63;75
CHRONO ELEU DIT LEAUWETTE 4462;DRIVE CERGY;209;135
CHRONO ELEU DIT LEAUWETTE 4462;DRIVE CHERBOURG;482;315
CHRONO ELEU DIT LEAUWETTE 4462;DRIVE DIEPPE;225;160
CHRONO ELEU DIT LEAUWETTE 4462;DRIVE DOUAI;30;30
CHRONO ELEU DIT LEAUWETTE 4462;DRIVE DUNKERQUE;100;75
CHRONO ELEU DIT LEAUWETTE 4462;DRIVE DURY;116;75
CHRONO ELEU DIT LEAUWETTE 4462;DRIVE ENGLOS;34;45
CHRONO ELEU DIT LEAUWETTE 4462;DRIVE FACHES;33;45
CHRONO ELEU DIT LEAUWETTE 4462;DRIVE LE HAVRE;297;190
CHRONO ELEU DIT LEAUWETTE 4462;DRIVE LEERS;51;60
CHRONO ELEU DIT LEAUWETTE 4462;DRIVE MONTIVILLIERS;288;185
CHRONO ELEU DIT LEAUWETTE 4462;DRIVE NOGENT SUR OISE;154;100
CHRONO ELEU DIT LEAUWETTE 4462;DRIVE NOYELLES;15;15
CHRONO ELEU DIT LEAUWETTE 4462;DRIVE NOYON;115;85
CHRONO ELEU DIT LEAUWETTE 4462;DRIVE OSNY;213;140
CHRONO ELEU DIT LEAUWETTE 4462;DRIVE PETITE FORET;64;75
CHRONO ELEU DIT LEAUWETTE 4462;DRIVE ROISSY;174;110
CHRONO ELEU DIT LEAUWETTE 4462;DRIVE RONCQ;55;60
CHRONO ELEU DIT LEAUWETTE 4462;DRIVE SCHWEIGHOUSE;522;315
CHRONO ELEU DIT LEAUWETTE 4462;DRIVE ST QUENTIN;83;55
CHRONO ELEU DIT LEAUWETTE 4462;DRIVE TAVERNY;205;130
CHRONO ELEU DIT LEAUWETTE 4462;DRIVE VALENCIENNES;62;75
CHRONO ELEU DIT LEAUWETTE 4462;DRIVE VILLENEUVE D'ASCQ;40;30
CHRONO ELEU DIT LEAUWETTE 4462;DURY;84;90
CHRONO ELEU DIT LEAUWETTE 4462;ENGLOS;34;45
CHRONO ELEU DIT LEAUWETTE 4462;ENT AMIENS BINAT;80;90
CHRONO ELEU DIT LEAUWETTE 4462;ENT AMIENS SAINT SAUVEUR FLEG;87;90
CHRONO ELEU DIT LEAUWETTE 4462;ENT AMIENS SAINT SAUVEUR PF;87;90
CHRONO ELEU DIT LEAUWETTE 4462;ENT AMIENS SUPER POULAINVILLE PGC;79;90
CHRONO ELEU DIT LEAUWETTE 4462;ENT CARVIN FL;16;30
CHRONO ELEU DIT LEAUWETTE 4462;ENT CARVIN PF;16;30
CHRONO ELEU DIT LEAUWETTE 4462;ENT IENA;36;45
CHRONO ELEU DIT LEAUWETTE 4462;ENT IENA1;35;25
CHRONO ELEU DIT LEAUWETTE 4462;ENT IENA2;35;25
CHRONO ELEU DIT LEAUWETTE 4462;ENT MEYZIEU MEDLEY SUD;679;410
CHRONO ELEU DIT LEAUWETTE 4462;ENT SAINGHIN1;40;45
CHRONO ELEU DIT LEAUWETTE 4462;ENT SERRIS 2;212;140
CHRONO ELEU DIT LEAUWETTE 4462;ENT V DHL;176;115
CHRONO ELEU DIT LEAUWETTE 4462;ENT V GEODIS;182;120
CHRONO ELEU DIT LEAUWETTE 4462;FACHES;35;45
CHRONO ELEU DIT LEAUWETTE 4462;FRANQUEVILLE CHRONODRIVE 4475;237;160
CHRONO ELEU DIT LEAUWETTE 4462;HERBLAY CHRONODRIVE 444;208;135
CHRONO ELEU DIT LEAUWETTE 4462;HIRSON;145;150
CHRONO ELEU DIT LEAUWETTE 4462;HOUILLES SUPER 1073;202;135
CHRONO ELEU DIT LEAUWETTE 4462;IFS CHRONODRIVE 4253;363;230
CHRONO ELEU DIT LEAUWETTE 4462;ILLKIRCH;533;320
CHRONO ELEU DIT LEAUWETTE 4462;KIRCHBERG;338;220
CHRONO ELEU DIT LEAUWETTE 4462;LA CLOCHE D'OR;330;215
CHRONO ELEU DIT LEAUWETTE 4462;LA QUEUE LES YVELINES SUPER 1096;240;165
CHRONO ELEU DIT LEAUWETTE 4462;LAXOU;383;255
CHRONO ELEU DIT LEAUWETTE 4462;LE CHESNAY PARLY 2 SUPER 1144;215;150
CHRONO ELEU DIT LEAUWETTE 4462;LE HAVRE;297;190
CHRONO ELEU DIT LEAUWETTE 4462;LEERS;51;60
CHRONO ELEU DIT LEAUWETTE 4462;LES MUREAUX HALLES AUCHAN;228;150
CHRONO ELEU DIT LEAUWETTE 4462;LONGUEIL SAINTE MARIE SUPER 4315;131;85
CHRONO ELEU DIT LEAUWETTE 4462;LOUVROIL;95;70
CHRONO ELEU DIT LEAUWETTE 4462;MAUREPAS SUPER 4492;230;160
CHRONO ELEU DIT LEAUWETTE 4462;MERS LES BAINS;135;135
CHRONO ELEU DIT LEAUWETTE 4462;MERU;198;125
CHRONO ELEU DIT LEAUWETTE 4462;MONT SAINT MARTIN;315;210
CHRONO ELEU DIT LEAUWETTE 4462;MONTIVILLIERS;291;185
CHRONO ELEU DIT LEAUWETTE 4462;NANCY CENTRE;388;265
CHRONO ELEU DIT LEAUWETTE 4462;NOGENT SUR OISE;155;100
CHRONO ELEU DIT LEAUWETTE 4462;NOYELLES GODAULT;17;30
CHRONO ELEU DIT LEAUWETTE 4462;NOYON;116;85
CHRONO ELEU DIT LEAUWETTE 4462;OSNY;213;140
CHRONO ELEU DIT LEAUWETTE 4462;PETITE FORET;64;75
CHRONO ELEU DIT LEAUWETTE 4462;ROISSY;174;110
CHRONO ELEU DIT LEAUWETTE 4462;RONCQ;55;60
CHRONO ELEU DIT LEAUWETTE 4462;SCHWEIGHOUSE;522;315
CHRONO ELEU DIT LEAUWETTE 4462;SEMECOURT;358;215
CHRONO ELEU DIT LEAUWETTE 4462;SOISY;196;130
CHRONO ELEU DIT LEAUWETTE 4462;ST OMER;68;75
CHRONO ELEU DIT LEAUWETTE 4462;STRASBOURG;531;320
CHRONO ELEU DIT LEAUWETTE 4462;TAVERNY;205;130
CHRONO ELEU DIT LEAUWETTE 4462;TOMBLAINE;429;270
CHRONO ELEU DIT LEAUWETTE 4462;VAL DE REUIL SUPER 1209;264;180
CHRONO ELEU DIT LEAUWETTE 4462;VALENCIENNES;62;75
CHRONO ELEU DIT LEAUWETTE 4462;VERNEUIL 1 VERGER SUPER 4981;223;150
CHRONO ELEU DIT LEAUWETTE 4462;VILLENEUVE 2;39;45
CHRONO ELEU DIT LEAUWETTE 4462;VIRY NOUREUIL;114;120
CHRONO HALLENNES 4167;1186 ST QUENTIN SCHUMANN SUPER;109;80
CHRONO HALLENNES 4167;1267 CALAIS DELAROCHE SUPER;103;105
CHRONO HALLENNES 4167;4313 CANTELEU SUPER;265;175
CHRONO HALLENNES 4167;4536 LILLE WAZEMMES MY AUCHAN;9;15
CHRONO HALLENNES 4167;4977 RUE SUPER;128;120
CHRONO HALLENNES 4167;914 MARQUETTE LES PARTISANS DU GOUT;14;15
CHRONO HALLENNES 4167;ARRAS;50;60
CHRONO HALLENNES 4167;AUCHAN CITY TOURCOING;24;30
CHRONO HALLENNES 4167;AUCHAN LUXEMBOURG SUPPLY;329;220
CHRONO HALLENNES 4167;BEAUVAIS;195;130
CHRONO HALLENNES 4167;BETHUNE;33;45
CHRONO HALLENNES 4167;BOULOGNE;109;120
CHRONO HALLENNES 4167;CAEN CHRONO 352;389;250
CHRONO HALLENNES 4167;CALAIS;107;120
CHRONO HALLENNES 4167;CERGY;230;155
CHRONO HALLENNES 4167;CERGY CHRONODRIVE 469;235;155
CHRONO HALLENNES 4167;CHERBOURG;506;330
CHRONO HALLENNES 4167;CHRONO AVELIN 4361;21;30
CHRONO HALLENNES 4167;CHRONO BONDUES 4703;17;30
CHRONO HALLENNES 4167;CHRONO COMPIEGNE 4345;157;105
CHRONO HALLENNES 4167;CHRONO COUDEKERQUE 4242;62;75
CHRONO HALLENNES 4167;CHRONO CROIX 4154;21;30
CHRONO HALLENNES 4167;CHRONO ELEU DIT LEAUWETTE 4462;31;45
CHRONO HALLENNES 4167;CHRONO HALLENNES 4167;0;0
CHRONO HALLENNES 4167;CHRONO IFS;385;245
CHRONO HALLENNES 4167;CHRONO LAMBERSART 4424;10;15
CHRONO HALLENNES 4167;CHRONO MARCQ 4128;16;30
CHRONO HALLENNES 4167;CHRONO VALENCIENNES 4370;59;60
CHRONO HALLENNES 4167;CHRONO WASQUEHAL 4303;19;30
CHRONO HALLENNES 4167;CORMEILLES EN PARISIS CHRONODRIVE 413;226;155
CHRONO HALLENNES 4167;DIEPPE;247;175
CHRONO HALLENNES 4167;DIFFERDANGE;310;210
CHRONO HALLENNES 4167;DOUAI;52;60
CHRONO HALLENNES 4167;DRIVE BEAUVAIS;194;125
CHRONO HALLENNES 4167;DRIVE BETHUNE;33;45
CHRONO HALLENNES 4167;DRIVE BOULOGNE;128;90
CHRONO HALLENNES 4167;DRIVE CERGY;231;150
CHRONO HALLENNES 4167;DRIVE CHERBOURG;504;330
CHRONO HALLENNES 4167;DRIVE DIEPPE;248;175
CHRONO HALLENNES 4167;DRIVE DOUAI;52;60
CHRONO HALLENNES 4167;DRIVE DUNKERQUE;72;50
CHRONO HALLENNES 4167;DRIVE DURY;138;95
CHRONO HALLENNES 4167;DRIVE FACHES;16;30
CHRONO HALLENNES 4167;DRIVE LE HAVRE;320;205
CHRONO HALLENNES 4167;DRIVE LEERS;27;30
CHRONO HALLENNES 4167;DRIVE MONTIVILLIERS;310;200
CHRONO HALLENNES 4167;DRIVE NOGENT SUR OISE;176;120
CHRONO HALLENNES 4167;DRIVE NOYELLES;37;45
CHRONO HALLENNES 4167;DRIVE OSNY;235;155
CHRONO HALLENNES 4167;DRIVE PETITE FORET;54;60
CHRONO HALLENNES 4167;DRIVE ROISSY;196;125
CHRONO HALLENNES 4167;DRIVE RONCQ;24;30
CHRONO HALLENNES 4167;DRIVE SCHWEIGHOUSE;545;330
CHRONO HALLENNES 4167;DRIVE TAVERNY;228;150
CHRONO HALLENNES 4167;DRIVE VALENCIENNES;61;75
CHRONO HALLENNES 4167;DRIVE VILLENEUVE D'ASCQ;14;15
CHRONO HALLENNES 4167;DUNKERQUE;71;75
CHRONO HALLENNES 4167;DURY;146;150
CHRONO HALLENNES 4167;ENGLOS;3;15
CHRONO HALLENNES 4167;ENT AMIENS BINAT;110;120
CHRONO HALLENNES 4167;ENT AMIENS SAINT SAUVEUR FLEG;133;135
CHRONO HALLENNES 4167;ENT AMIENS SAINT SAUVEUR PF;133;135
CHRONO HALLENNES 4167;ENT AMIENS SUPER POULAINVILLE PGC;111;120
CHRONO HALLENNES 4167;ENT CARVIN FL;31;45
CHRONO HALLENNES 4167;ENT CARVIN PF;31;45
CHRONO HALLENNES 4167;ENT IENA;17;30
CHRONO HALLENNES 4167;ENT IENA1;19;20
CHRONO HALLENNES 4167;ENT IENA2;19;20
CHRONO HALLENNES 4167;ENT MEYZIEU MEDLEY SUD;701;425
CHRONO HALLENNES 4167;ENT SAINGHIN1;21;30
CHRONO HALLENNES 4167;ENT SERRIS 2;234;155
CHRONO HALLENNES 4167;ENT V DHL;198;130
CHRONO HALLENNES 4167;ENT V GEODIS;204;135
CHRONO HALLENNES 4167;FACHES;16;30
CHRONO HALLENNES 4167;FRANQUEVILLE CHRONODRIVE 4475;259;175
CHRONO HALLENNES 4167;HERBLAY CHRONODRIVE 444;230;150
CHRONO HALLENNES 4167;HOUILLES SUPER 1073;224;150
CHRONO HALLENNES 4167;IFS CHRONODRIVE 4253;385;245
CHRONO HALLENNES 4167;ILLKIRCH;556;340
CHRONO HALLENNES 4167;KIRCHBERG;325;210
CHRONO HALLENNES 4167;LA CLOCHE D'OR;317;205
CHRONO HALLENNES 4167;LA QUEUE LES YVELINES SUPER 1096;263;185
CHRONO HALLENNES 4167;LAXOU;405;275
CHRONO HALLENNES 4167;LE CHESNAY PARLY 2 SUPER 1144;237;165
CHRONO HALLENNES 4167;LEERS;27;30
CHRONO HALLENNES 4167;LES MUREAUX HALLES AUCHAN;251;170
CHRONO HALLENNES 4167;LONGUEIL SAINTE MARIE SUPER 4315;154;105
CHRONO HALLENNES 4167;MAUREPAS SUPER 4492;252;180
CHRONO HALLENNES 4167;MERS LES BAINS;156;150
CHRONO HALLENNES 4167;MONT SAINT MARTIN;302;200
CHRONO HALLENNES 4167;MONTIVILLIERS;314;200
CHRONO HALLENNES 4167;NANCY CENTRE;411;285
CHRONO HALLENNES 4167;NOGENT SUR OISE;177;120
CHRONO HALLENNES 4167;NOYELLES GODAULT;38;45
CHRONO HALLENNES 4167;OSNY;235;155
CHRONO HALLENNES 4167;PETITE FORET;54;60
CHRONO HALLENNES 4167;ROISSY;197;130
CHRONO HALLENNES 4167;RONCQ;24;30
CHRONO HALLENNES 4167;SCHWEIGHOUSE;545;330
CHRONO HALLENNES 4167;SEMECOURT;381;235
CHRONO HALLENNES 4167;SOISY;219;150
CHRONO HALLENNES 4167;ST OMER;60;60
CHRONO HALLENNES 4167;STRASBOURG;553;340
CHRONO HALLENNES 4167;TAVERNY;227;150
CHRONO HALLENNES 4167;TOMBLAINE;452;285
CHRONO HALLENNES 4167;VAL DE REUIL SUPER 1209;287;195
CHRONO HALLENNES 4167;VALENCIENNES;61;75
CHRONO HALLENNES 4167;VERNEUIL 1 VERGER SUPER 4981;245;170
CHRONO HALLENNES 4167;VILLENEUVE 2;17;30
CHRONO HALLENNES 4167;VIRY NOUREUIL;135;95
CHRONO IFS;1186 ST QUENTIN SCHUMANN SUPER;330;210
CHRONO IFS;1267 CALAIS DELAROCHE SUPER;344;215
CHRONO IFS;1297 HARNES SUPER;366;230
CHRONO IFS;4536 LILLE WAZEMMES MY AUCHAN;386;245
CHRONO IFS;4926 BILLY BERCLAU SUPER;379;235
CHRONO IFS;4977 RUE SUPER;259;165
CHRONO IFS;914 MARQUETTE LES PARTISANS DU GOUT;391;250
CHRONO IFS;ARRAS;313;220
CHRONO IFS;AUCHAN CITY TOURCOING;397;250
CHRONO IFS;AUCHAN LUXEMBOURG SUPPLY;600;600
CHRONO IFS;BEAUVAIS;211;170
CHRONO IFS;BETHUNE;378;235
CHRONO IFS;BOULOGNE;326;200
CHRONO IFS;CAEN CHRONO 352;3;15
CHRONO IFS;CALAIS;339;210
CHRONO IFS;CAMBRAI;345;220
CHRONO IFS;CERGY CHRONODRIVE 469;213;140
CHRONO IFS;CHERBOURG;125;90
CHRONO IFS;CHRONO AVELIN 4361;375;230
CHRONO IFS;CHRONO BONDUES 4703;396;250
CHRONO IFS;CHRONO COMPIEGNE 4345;302;195
CHRONO IFS;CHRONO COUDEKERQUE 4242;382;235
CHRONO IFS;CHRONO CROIX 4154;391;245
CHRONO IFS;CHRONO ELEU DIT LEAUWETTE 4462;363;230
CHRONO IFS;CHRONO HALLENNES 4167;385;245
CHRONO IFS;CHRONO IFS;0;0
CHRONO IFS;CHRONO LAMBERSART 4424;392;250
CHRONO IFS;CHRONO MARCQ 4128;392;250
CHRONO IFS;CHRONO VALENCIENNES 4370;374;235
CHRONO IFS;CHRONO WASQUEHAL 4303;390;245
CHRONO IFS;CORMEILLES EN PARISIS CHRONODRIVE 413;227;240
CHRONO IFS;DIFFERDANGE;576;385
CHRONO IFS;DOUAI;363;230
CHRONO IFS;DRIVE ARRAS;312;220
CHRONO IFS;DRIVE BEAUVAIS;211;170
CHRONO IFS;DRIVE BETHUNE;380;235
CHRONO IFS;DRIVE BOULOGNE;313;195
CHRONO IFS;DRIVE CALAIS;341;215
CHRONO IFS;DRIVE CAMBRAI;345;220
CHRONO IFS;DRIVE CERGY;218;145
CHRONO IFS;DRIVE CHERBOURG;125;90
CHRONO IFS;DRIVE DIEPPE;183;120
CHRONO IFS;DRIVE DOUAI;362;230
CHRONO IFS;DRIVE DUNKERQUE;378;235
CHRONO IFS;DRIVE DURY;251;155
CHRONO IFS;DRIVE ENGLOS;395;250
CHRONO IFS;DRIVE FACHES;380;235
CHRONO IFS;DRIVE LEERS;398;250
CHRONO IFS;DRIVE LOUVROIL;406;255
CHRONO IFS;DRIVE MONTIVILLIERS;92;65
CHRONO IFS;DRIVE NOGENT SUR OISE;289;190
CHRONO IFS;DRIVE NOYELLES;358;220
CHRONO IFS;DRIVE NOYON;318;210
CHRONO IFS;DRIVE OSNY;222;145
CHRONO IFS;DRIVE PETITE FORET;374;235
CHRONO IFS;DRIVE ROISSY;250;165
CHRONO IFS;DRIVE RONCQ;400;255
CHRONO IFS;DRIVE SCHWEIGHOUSE;722;445
CHRONO IFS;DRIVE ST OMER;360;230
CHRONO IFS;DRIVE ST QUENTIN;325;200
CHRONO IFS;DRIVE TAVERNY;232;155
CHRONO IFS;DRIVE VALENCIENNES;372;230
CHRONO IFS;DRIVE VILLENEUVE D'ASCQ;386;240
CHRONO IFS;DUNKERQUE;378;235
CHRONO IFS;ENGLOS;394;250
CHRONO IFS;ENT AMIENS BINAT;252;255
CHRONO IFS;ENT AMIENS SAINT SAUVEUR FLEG;249;255
CHRONO IFS;ENT AMIENS SAINT SAUVEUR PF;249;255
CHRONO IFS;ENT AMIENS SUPER POULAINVILLE PGC;251;255
CHRONO IFS;ENT CARVIN FL;370;230
CHRONO IFS;ENT CARVIN PF;370;230
CHRONO IFS;ENT IENA;377;390
CHRONO IFS;ENT IENA1;382;235
CHRONO IFS;ENT IENA2;382;235
CHRONO IFS;ENT MEYZIEU MEDLEY SUD;702;435
CHRONO IFS;ENT SAINGHIN1;381;390
CHRONO IFS;ENT SERRIS 1;274;285
CHRONO IFS;ENT SERRIS 2;277;185
CHRONO IFS;ENT V DHL;252;165
CHRONO IFS;ENT V GEODIS;244;165
CHRONO IFS;FACHES;380;235
CHRONO IFS;FRANQUEVILLE CHRONODRIVE 4475;129;135
CHRONO IFS;HERBLAY CHRONODRIVE 444;227;150
CHRONO IFS;HIRSON;397;280
CHRONO IFS;HOUILLES SUPER 1073;224;140
CHRONO IFS;IFS CHRONODRIVE 4253;0;0
CHRONO IFS;ILLKIRCH;733;455
CHRONO IFS;KIRCHBERG;603;390
CHRONO IFS;LA CLOCHE D'OR;595;380
CHRONO IFS;LA QUEUE LES YVELINES SUPER 1096;203;140
CHRONO IFS;LAXOU;583;390
CHRONO IFS;LE CHESNAY PARLY 2 SUPER 1144;219;135
CHRONO IFS;LEERS;398;250
CHRONO IFS;LES MUREAUX HALLES AUCHAN;197;120
CHRONO IFS;LONGUEIL SAINTE MARIE SUPER 4315;298;195
CHRONO IFS;LOUVROIL;405;255
CHRONO IFS;MAUREPAS SUPER 4492;231;145
CHRONO IFS;MERU;237;170
CHRONO IFS;MONT SAINT MARTIN;572;380
CHRONO IFS;NANCY CENTRE;588;400
CHRONO IFS;NOGENT SUR OISE;290;190
CHRONO IFS;NOYELLES GODAULT;359;220
CHRONO IFS;NOYON;318;210
CHRONO IFS;OSNY;222;145
CHRONO IFS;PETITE FORET;373;230
CHRONO IFS;ROISSY;250;160
CHRONO IFS;RONCQ;399;255
CHRONO IFS;SCHWEIGHOUSE;722;445
CHRONO IFS;SEMECOURT;558;350
CHRONO IFS;SOISY;235;155
CHRONO IFS;ST OMER;361;230
CHRONO IFS;ST QUENTIN;325;200
CHRONO IFS;STRASBOURG;731;455
CHRONO IFS;TAVERNY;232;155
CHRONO IFS;TOMBLAINE;629;400
CHRONO IFS;VAL DE REUIL SUPER 1209;134;85
CHRONO IFS;VALENCIENNES;372;230
CHRONO IFS;VERNEUIL 1 VERGER SUPER 4981;202;130
CHRONO IFS;VILLENEUVE 2;387;240
CHRONO IFS;VIRY NOUREUIL;350;220
CHRONO LAMBERSART 4424;1186 ST QUENTIN SCHUMANN SUPER;115;85
CHRONO LAMBERSART 4424;1267 CALAIS DELAROCHE SUPER;106;70
CHRONO LAMBERSART 4424;4313 CANTELEU SUPER;270;180
CHRONO LAMBERSART 4424;4536 LILLE WAZEMMES MY AUCHAN;4;15
CHRONO LAMBERSART 4424;4926 BILLY BERCLAU SUPER;28;30
CHRONO LAMBERSART 4424;4977 RUE SUPER;137;125
CHRONO LAMBERSART 4424;914 MARQUETTE LES PARTISANS DU GOUT;7;15
CHRONO LAMBERSART 4424;AUCHAN CITY TOURCOING;17;30
CHRONO LAMBERSART 4424;AUCHAN LUXEMBOURG SUPPLY;326;220
CHRONO LAMBERSART 4424;BEAUVAIS;201;135
CHRONO LAMBERSART 4424;BOULOGNE;113;120
CHRONO LAMBERSART 4424;CAEN CHRONO 352;395;255
CHRONO LAMBERSART 4424;CALAIS;111;120
CHRONO LAMBERSART 4424;CAMBRAI;80;90
CHRONO LAMBERSART 4424;CERGY;236;160
CHRONO LAMBERSART 4424;CERGY CHRONODRIVE 469;241;160
CHRONO LAMBERSART 4424;CHERBOURG;512;335
CHRONO LAMBERSART 4424;CHRONO AVELIN 4361;20;30
CHRONO LAMBERSART 4424;CHRONO BONDUES 4703;10;15
CHRONO LAMBERSART 4424;CHRONO COMPIEGNE 4345;163;110
CHRONO LAMBERSART 4424;CHRONO CROIX 4154;13;15
CHRONO LAMBERSART 4424;CHRONO ELEU DIT LEAUWETTE 4462;39;45
CHRONO LAMBERSART 4424;CHRONO HALLENNES 4167;9;15
CHRONO LAMBERSART 4424;CHRONO IFS;392;250
CHRONO LAMBERSART 4424;CHRONO LAMBERSART 4424;0;0
CHRONO LAMBERSART 4424;CHRONO MARCQ 4128;9;15
CHRONO LAMBERSART 4424;CHRONO VALENCIENNES 4370;57;60
CHRONO LAMBERSART 4424;CHRONO WASQUEHAL 4303;13;15
CHRONO LAMBERSART 4424;CORMEILLES EN PARISIS CHRONODRIVE 413;232;160
CHRONO LAMBERSART 4424;DIEPPE;253;180
CHRONO LAMBERSART 4424;DIFFERDANGE;307;210
CHRONO LAMBERSART 4424;DOUAI;50;60
CHRONO LAMBERSART 4424;DRIVE ARRAS;55;50
CHRONO LAMBERSART 4424;DRIVE BEAUVAIS;200;130
CHRONO LAMBERSART 4424;DRIVE CALAIS;110;75
CHRONO LAMBERSART 4424;DRIVE CAMBRAI;80;90
CHRONO LAMBERSART 4424;DRIVE CERGY;237;155
CHRONO LAMBERSART 4424;DRIVE CHERBOURG;510;335
CHRONO LAMBERSART 4424;DRIVE DIEPPE;254;180
CHRONO LAMBERSART 4424;DRIVE DOUAI;50;60
CHRONO LAMBERSART 4424;DRIVE DUNKERQUE;74;50
CHRONO LAMBERSART 4424;DRIVE DURY;144;100
CHRONO LAMBERSART 4424;DRIVE ENGLOS;7;15
CHRONO LAMBERSART 4424;DRIVE LE HAVRE;326;210
CHRONO LAMBERSART 4424;DRIVE LEERS;24;30
CHRONO LAMBERSART 4424;DRIVE LOUVROIL;92;75
CHRONO LAMBERSART 4424;DRIVE MONTIVILLIERS;316;205
CHRONO LAMBERSART 4424;DRIVE NOGENT SUR OISE;182;125
CHRONO LAMBERSART 4424;DRIVE NOYELLES;34;45
CHRONO LAMBERSART 4424;DRIVE NOYON;144;105
CHRONO LAMBERSART 4424;DRIVE OSNY;241;160
CHRONO LAMBERSART 4424;DRIVE PETITE FORET;52;60
CHRONO LAMBERSART 4424;DRIVE ROISSY;202;135
CHRONO LAMBERSART 4424;DRIVE RONCQ;18;30
CHRONO LAMBERSART 4424;DRIVE SCHWEIGHOUSE;550;335
CHRONO LAMBERSART 4424;DRIVE ST OMER;63;55
CHRONO LAMBERSART 4424;DRIVE ST QUENTIN;112;80
CHRONO LAMBERSART 4424;DRIVE TAVERNY;234;155
CHRONO LAMBERSART 4424;DRIVE VALENCIENNES;59;60
CHRONO LAMBERSART 4424;DUNKERQUE;75;75
CHRONO LAMBERSART 4424;DURY;121;135
CHRONO LAMBERSART 4424;ENGLOS;7;15
CHRONO LAMBERSART 4424;ENT AMIENS BINAT;126;135
CHRONO LAMBERSART 4424;ENT AMIENS SAINT SAUVEUR FLEG;132;135
CHRONO LAMBERSART 4424;ENT AMIENS SAINT SAUVEUR PF;132;135
CHRONO LAMBERSART 4424;ENT AMIENS SUPER POULAINVILLE PGC;127;135
CHRONO LAMBERSART 4424;ENT CARVIN FL;29;30
CHRONO LAMBERSART 4424;ENT CARVIN PF;29;30
CHRONO LAMBERSART 4424;ENT IENA;14;15
CHRONO LAMBERSART 4424;ENT IENA1;15;20
CHRONO LAMBERSART 4424;ENT IENA2;15;20
CHRONO LAMBERSART 4424;ENT MEYZIEU MEDLEY SUD;707;430
CHRONO LAMBERSART 4424;ENT SAINGHIN1;17;30
CHRONO LAMBERSART 4424;ENT SERRIS 2;240;160
CHRONO LAMBERSART 4424;ENT V DHL;204;135
CHRONO LAMBERSART 4424;ENT V GEODIS;210;140
CHRONO LAMBERSART 4424;FACHES;13;15
CHRONO LAMBERSART 4424;FRANQUEVILLE CHRONODRIVE 4475;265;180
CHRONO LAMBERSART 4424;HERBLAY CHRONODRIVE 444;236;155
CHRONO LAMBERSART 4424;HIRSON;143;150
CHRONO LAMBERSART 4424;HOUILLES SUPER 1073;230;155
CHRONO LAMBERSART 4424;IFS CHRONODRIVE 4253;391;250
CHRONO LAMBERSART 4424;ILLKIRCH;562;345
CHRONO LAMBERSART 4424;KIRCHBERG;322;215
CHRONO LAMBERSART 4424;LA CLOCHE D'OR;314;210
CHRONO LAMBERSART 4424;LA QUEUE LES YVELINES SUPER 1096;269;190
CHRONO LAMBERSART 4424;LAXOU;411;280
CHRONO LAMBERSART 4424;LE CHESNAY PARLY 2 SUPER 1144;243;170
CHRONO LAMBERSART 4424;LE HAVRE;325;215
CHRONO LAMBERSART 4424;LEERS;24;30
CHRONO LAMBERSART 4424;LES MUREAUX HALLES AUCHAN;256;175
CHRONO LAMBERSART 4424;LONGUEIL SAINTE MARIE SUPER 4315;159;110
CHRONO LAMBERSART 4424;MAUREPAS SUPER 4492;258;185
CHRONO LAMBERSART 4424;MERS LES BAINS;164;160
CHRONO LAMBERSART 4424;MERU;226;150
CHRONO LAMBERSART 4424;MONT SAINT MARTIN;299;205
CHRONO LAMBERSART 4424;MONTIVILLIERS;320;210
CHRONO LAMBERSART 4424;NANCY CENTRE;417;290
CHRONO LAMBERSART 4424;NOGENT SUR OISE;183;125
CHRONO LAMBERSART 4424;NOYELLES GODAULT;36;45
CHRONO LAMBERSART 4424;NOYON;144;105
CHRONO LAMBERSART 4424;OSNY;241;160
CHRONO LAMBERSART 4424;PETITE FORET;52;60
CHRONO LAMBERSART 4424;ROISSY;203;135
CHRONO LAMBERSART 4424;RONCQ;18;30
CHRONO LAMBERSART 4424;SCHWEIGHOUSE;551;340
CHRONO LAMBERSART 4424;SEMECOURT;387;240
CHRONO LAMBERSART 4424;SOISY;225;155
CHRONO LAMBERSART 4424;ST OMER;64;75
CHRONO LAMBERSART 4424;ST QUENTIN;112;80
CHRONO LAMBERSART 4424;STRASBOURG;559;345
CHRONO LAMBERSART 4424;TAVERNY;233;155
CHRONO LAMBERSART 4424;TOMBLAINE;458;290
CHRONO LAMBERSART 4424;VAL DE REUIL SUPER 1209;293;200
CHRONO LAMBERSART 4424;VALENCIENNES;59;60
CHRONO LAMBERSART 4424;VERNEUIL 1 VERGER SUPER 4981;251;175
CHRONO LAMBERSART 4424;VILLENEUVE 2;10;15
CHRONO LAMBERSART 4424;VIRY NOUREUIL;140;100
CHRONO MARCQ 4128;1186 ST QUENTIN SCHUMANN SUPER;114;80
CHRONO MARCQ 4128;1267 CALAIS DELAROCHE SUPER;112;75
CHRONO MARCQ 4128;1297 HARNES SUPER;34;35
CHRONO MARCQ 4128;4313 CANTELEU SUPER;270;175
CHRONO MARCQ 4128;4536 LILLE WAZEMMES MY AUCHAN;9;15
CHRONO MARCQ 4128;4926 BILLY BERCLAU SUPER;34;45
CHRONO MARCQ 4128;4977 RUE SUPER;143;135
CHRONO MARCQ 4128;914 MARQUETTE LES PARTISANS DU GOUT;4;15
CHRONO MARCQ 4128;ARRAS;62;75
CHRONO MARCQ 4128;AUCHAN CITY TOURCOING;8;15
CHRONO MARCQ 4128;AUCHAN LUXEMBOURG SUPPLY;326;220
CHRONO MARCQ 4128;BEAUVAIS;201;130
CHRONO MARCQ 4128;BETHUNE;49;60
CHRONO MARCQ 4128;BOULOGNE;118;120
CHRONO MARCQ 4128;CAEN CHRONO 352;395;250
CHRONO MARCQ 4128;CAMBRAI;80;90
CHRONO MARCQ 4128;CERGY;235;155
CHRONO MARCQ 4128;CERGY CHRONODRIVE 469;240;160
CHRONO MARCQ 4128;CHERBOURG;511;335
CHRONO MARCQ 4128;CHRONO AVELIN 4361;22;30
CHRONO MARCQ 4128;CHRONO BONDUES 4703;4;15
CHRONO MARCQ 4128;CHRONO COMPIEGNE 4345;159;165
CHRONO MARCQ 4128;CHRONO COUDEKERQUE 4242;72;75
CHRONO MARCQ 4128;CHRONO CROIX 4154;7;15
CHRONO MARCQ 4128;CHRONO ELEU DIT LEAUWETTE 4462;45;45
CHRONO MARCQ 4128;CHRONO HALLENNES 4167;16;30
CHRONO MARCQ 4128;CHRONO IFS;392;250
CHRONO MARCQ 4128;CHRONO LAMBERSART 4424;10;15
CHRONO MARCQ 4128;CHRONO MARCQ 4128;0;0
CHRONO MARCQ 4128;CHRONO VALENCIENNES 4370;57;60
CHRONO MARCQ 4128;CHRONO WASQUEHAL 4303;3;15
CHRONO MARCQ 4128;CORMEILLES EN PARISIS CHRONODRIVE 413;234;155
CHRONO MARCQ 4128;DIEPPE;256;180
CHRONO MARCQ 4128;DIFFERDANGE;308;210
CHRONO MARCQ 4128;DOUAI;52;60
CHRONO MARCQ 4128;DRIVE ARRAS;67;50
CHRONO MARCQ 4128;DRIVE BEAUVAIS;202;130
CHRONO MARCQ 4128;DRIVE BETHUNE;49;60
CHRONO MARCQ 4128;DRIVE BOULOGNE;119;100
CHRONO MARCQ 4128;DRIVE CALAIS;116;80
CHRONO MARCQ 4128;DRIVE CAMBRAI;80;90
CHRONO MARCQ 4128;DRIVE CERGY;239;155
CHRONO MARCQ 4128;DRIVE CHERBOURG;513;335
CHRONO MARCQ 4128;DRIVE DIEPPE;256;180
CHRONO MARCQ 4128;DRIVE DOUAI;52;60
CHRONO MARCQ 4128;DRIVE DURY;147;95
CHRONO MARCQ 4128;DRIVE ENGLOS;13;15
CHRONO MARCQ 4128;DRIVE FACHES;16;30
CHRONO MARCQ 4128;DRIVE LE HAVRE;328;210
CHRONO MARCQ 4128;DRIVE LEERS;13;15
CHRONO MARCQ 4128;DRIVE MONTIVILLIERS;319;205
CHRONO MARCQ 4128;DRIVE NOGENT SUR OISE;184;120
CHRONO MARCQ 4128;DRIVE NOYELLES;37;45
CHRONO MARCQ 4128;DRIVE NOYON;146;105
CHRONO MARCQ 4128;DRIVE OSNY;244;160
CHRONO MARCQ 4128;DRIVE PETITE FORET;52;60
CHRONO MARCQ 4128;DRIVE ROISSY;205;130
CHRONO MARCQ 4128;DRIVE RONCQ;10;15
CHRONO MARCQ 4128;DRIVE SCHWEIGHOUSE;553;335
CHRONO MARCQ 4128;DRIVE ST QUENTIN;114;75
CHRONO MARCQ 4128;DRIVE TAVERNY;236;150
CHRONO MARCQ 4128;DRIVE VALENCIENNES;59;60
CHRONO MARCQ 4128;DRIVE VILLENEUVE D'ASCQ;12;15
CHRONO MARCQ 4128;DUNKERQUE;81;90
CHRONO MARCQ 4128;DURY;122;135
CHRONO MARCQ 4128;ENGLOS;14;15
CHRONO MARCQ 4128;ENT AMIENS BINAT;123;135
CHRONO MARCQ 4128;ENT AMIENS SAINT SAUVEUR FLEG;134;135
CHRONO MARCQ 4128;ENT AMIENS SAINT SAUVEUR PF;134;135
CHRONO MARCQ 4128;ENT AMIENS SUPER POULAINVILLE PGC;129;135
CHRONO MARCQ 4128;ENT CARVIN FL;31;45
CHRONO MARCQ 4128;ENT CARVIN PF;31;45
CHRONO MARCQ 4128;ENT IENA;15;15
CHRONO MARCQ 4128;ENT IENA1;18;20
CHRONO MARCQ 4128;ENT IENA2;18;20
CHRONO MARCQ 4128;ENT MEYZIEU MEDLEY SUD;710;430
CHRONO MARCQ 4128;ENT SAINGHIN1;18;30
CHRONO MARCQ 4128;ENT SERRIS 2;242;160
CHRONO MARCQ 4128;ENT SOCOPAL DIEPPE;232;240
CHRONO MARCQ 4128;ENT V DHL;207;135
CHRONO MARCQ 4128;ENT V GEODIS;213;140
CHRONO MARCQ 4128;FACHES;14;15
CHRONO MARCQ 4128;FRANQUEVILLE CHRONODRIVE 4475;268;180
CHRONO MARCQ 4128;HERBLAY CHRONODRIVE 444;239;155
CHRONO MARCQ 4128;HIRSON;137;125
CHRONO MARCQ 4128;HOUILLES SUPER 1073;233;155
CHRONO MARCQ 4128;IFS CHRONODRIVE 4253;394;250
CHRONO MARCQ 4128;ILLKIRCH;565;345
CHRONO MARCQ 4128;KIRCHBERG;323;210
CHRONO MARCQ 4128;LA CLOCHE D'OR;315;205
CHRONO MARCQ 4128;LA QUEUE LES YVELINES SUPER 1096;271;185
CHRONO MARCQ 4128;LAXOU;414;275
CHRONO MARCQ 4128;LE CHESNAY PARLY 2 SUPER 1144;246;170
CHRONO MARCQ 4128;LE HAVRE;328;210
CHRONO MARCQ 4128;LEERS;13;15
CHRONO MARCQ 4128;LES MUREAUX HALLES AUCHAN;259;170
CHRONO MARCQ 4128;LONGUEIL SAINTE MARIE SUPER 4315;162;105
CHRONO MARCQ 4128;LOUVROIL;92;105
CHRONO MARCQ 4128;MAUREPAS SUPER 4492;260;180
CHRONO MARCQ 4128;MERU;229;145
CHRONO MARCQ 4128;MONT SAINT MARTIN;300;200
CHRONO MARCQ 4128;MONTIVILLIERS;322;205
CHRONO MARCQ 4128;NANCY CENTRE;419;290
CHRONO MARCQ 4128;NOGENT SUR OISE;186;120
CHRONO MARCQ 4128;NOYELLES GODAULT;38;45
CHRONO MARCQ 4128;NOYON;146;105
CHRONO MARCQ 4128;OSNY;244;160
CHRONO MARCQ 4128;PETITE FORET;52;60
CHRONO MARCQ 4128;ROISSY;205;130
CHRONO MARCQ 4128;RONCQ;10;15
CHRONO MARCQ 4128;SCHWEIGHOUSE;554;335
CHRONO MARCQ 4128;SEMECOURT;390;235
CHRONO MARCQ 4128;SOCOPAL;232;240
CHRONO MARCQ 4128;SOISY;227;150
CHRONO MARCQ 4128;ST OMER;71;75
CHRONO MARCQ 4128;ST QUENTIN;114;75
CHRONO MARCQ 4128;STRASBOURG;562;340
CHRONO MARCQ 4128;TAVERNY;236;150
CHRONO MARCQ 4128;TOMBLAINE;460;290
CHRONO MARCQ 4128;VAL DE REUIL SUPER 1209;295;200
CHRONO MARCQ 4128;VALENCIENNES;59;60
CHRONO MARCQ 4128;VERNEUIL 1 VERGER SUPER 4981;254;170
CHRONO MARCQ 4128;VILLENEUVE 2;11;15
CHRONO MARCQ 4128;VIRY NOUREUIL;140;150
CHRONO VALENCIENNES 4370;1186 ST QUENTIN SCHUMANN SUPER;80;90
CHRONO VALENCIENNES 4370;1267 CALAIS DELAROCHE SUPER;158;110
CHRONO VALENCIENNES 4370;1297 HARNES SUPER;58;50
CHRONO VALENCIENNES 4370;4313 CANTELEU SUPER;251;160
CHRONO VALENCIENNES 4370;4536 LILLE WAZEMMES MY AUCHAN;52;60
CHRONO VALENCIENNES 4370;4977 RUE SUPER;197;130
CHRONO VALENCIENNES 4370;914 MARQUETTE LES PARTISANS DU GOUT;57;50
CHRONO VALENCIENNES 4370;ARRAS;78;90
CHRONO VALENCIENNES 4370;AUCHAN LUXEMBOURG SUPPLY;280;185
CHRONO VALENCIENNES 4370;BEAUVAIS;182;120
CHRONO VALENCIENNES 4370;CAEN CHRONO 352;376;240
CHRONO VALENCIENNES 4370;CALAIS;163;110
CHRONO VALENCIENNES 4370;CAMBRAI;29;30
CHRONO VALENCIENNES 4370;CERGY;217;140
CHRONO VALENCIENNES 4370;CERGY CHRONODRIVE 469;222;145
CHRONO VALENCIENNES 4370;CHERBOURG;493;320
CHRONO VALENCIENNES 4370;CHRONO AVELIN 4361;42;45
CHRONO VALENCIENNES 4370;CHRONO BONDUES 4703;60;60
CHRONO VALENCIENNES 4370;CHRONO COMPIEGNE 4345;140;150
CHRONO VALENCIENNES 4370;CHRONO COUDEKERQUE 4242;127;90
CHRONO VALENCIENNES 4370;CHRONO CROIX 4154;55;60
CHRONO VALENCIENNES 4370;CHRONO ELEU DIT LEAUWETTE 4462;62;75
CHRONO VALENCIENNES 4370;CHRONO HALLENNES 4167;60;60
CHRONO VALENCIENNES 4370;CHRONO IFS;374;235
CHRONO VALENCIENNES 4370;CHRONO LAMBERSART 4424;55;60
CHRONO VALENCIENNES 4370;CHRONO MARCQ 4128;56;60
CHRONO VALENCIENNES 4370;CHRONO VALENCIENNES 4370;0;0
CHRONO VALENCIENNES 4370;CHRONO WASQUEHAL 4303;56;60
CHRONO VALENCIENNES 4370;CORMEILLES EN PARISIS CHRONODRIVE 413;212;140
CHRONO VALENCIENNES 4370;DIEPPE;234;165
CHRONO VALENCIENNES 4370;DIFFERDANGE;260;180
CHRONO VALENCIENNES 4370;DOUAI;42;45
CHRONO VALENCIENNES 4370;DRIVE ARRAS;85;60
CHRONO VALENCIENNES 4370;DRIVE BEAUVAIS;180;115
CHRONO VALENCIENNES 4370;DRIVE BOULOGNE;165;120
CHRONO VALENCIENNES 4370;DRIVE CALAIS;163;115
CHRONO VALENCIENNES 4370;DRIVE CAMBRAI;29;30
CHRONO VALENCIENNES 4370;DRIVE CERGY;217;140
CHRONO VALENCIENNES 4370;DRIVE CHERBOURG;491;320
CHRONO VALENCIENNES 4370;DRIVE DIEPPE;234;165
CHRONO VALENCIENNES 4370;DRIVE DOUAI;42;45
CHRONO VALENCIENNES 4370;DRIVE DUNKERQUE;126;90
CHRONO VALENCIENNES 4370;DRIVE DURY;125;80
CHRONO VALENCIENNES 4370;DRIVE ENGLOS;60;45
CHRONO VALENCIENNES 4370;DRIVE LE HAVRE;306;195
CHRONO VALENCIENNES 4370;DRIVE LEERS;59;60
CHRONO VALENCIENNES 4370;DRIVE LOUVROIL;38;45
CHRONO VALENCIENNES 4370;DRIVE MONTIVILLIERS;297;190
CHRONO VALENCIENNES 4370;DRIVE NOGENT SUR OISE;163;105
CHRONO VALENCIENNES 4370;DRIVE NOYELLES;53;60
CHRONO VALENCIENNES 4370;DRIVE NOYON;124;90
CHRONO VALENCIENNES 4370;DRIVE OSNY;222;145
CHRONO VALENCIENNES 4370;DRIVE PETITE FORET;6;15
CHRONO VALENCIENNES 4370;DRIVE ROISSY;183;115
CHRONO VALENCIENNES 4370;DRIVE RONCQ;63;75
CHRONO VALENCIENNES 4370;DRIVE SCHWEIGHOUSE;475;305
CHRONO VALENCIENNES 4370;DRIVE ST OMER;116;90
CHRONO VALENCIENNES 4370;DRIVE ST QUENTIN;76;50
CHRONO VALENCIENNES 4370;DRIVE TAVERNY;214;135
CHRONO VALENCIENNES 4370;DRIVE VALENCIENNES;2;15
CHRONO VALENCIENNES 4370;DRIVE VILLENEUVE D'ASCQ;46;60
CHRONO VALENCIENNES 4370;DURY;109;120
CHRONO VALENCIENNES 4370;ENGLOS;59;60
CHRONO VALENCIENNES 4370;ENT AMIENS BINAT;110;120
CHRONO VALENCIENNES 4370;ENT AMIENS SAINT SAUVEUR FLEG;133;135
CHRONO VALENCIENNES 4370;ENT AMIENS SAINT SAUVEUR PF;133;135
CHRONO VALENCIENNES 4370;ENT AMIENS SUPER POULAINVILLE PGC;128;135
CHRONO VALENCIENNES 4370;ENT CARVIN FL;64;75
CHRONO VALENCIENNES 4370;ENT CARVIN PF;64;75
CHRONO VALENCIENNES 4370;ENT IENA;47;60
CHRONO VALENCIENNES 4370;ENT IENA1;48;35
CHRONO VALENCIENNES 4370;ENT IENA2;48;35
CHRONO VALENCIENNES 4370;ENT MEYZIEU MEDLEY SUD;672;405
CHRONO VALENCIENNES 4370;ENT SAINGHIN1;45;45
CHRONO VALENCIENNES 4370;ENT SERRIS 2;220;145
CHRONO VALENCIENNES 4370;ENT SOCOPAL DIEPPE;211;225
CHRONO VALENCIENNES 4370;ENT V DHL;185;120
CHRONO VALENCIENNES 4370;ENT V GEODIS;191;125
CHRONO VALENCIENNES 4370;FACHES;49;60
CHRONO VALENCIENNES 4370;FRANQUEVILLE CHRONODRIVE 4475;246;165
CHRONO VALENCIENNES 4370;HERBLAY CHRONODRIVE 444;217;140
CHRONO VALENCIENNES 4370;HIRSON;89;90
CHRONO VALENCIENNES 4370;HOUILLES SUPER 1073;211;140
CHRONO VALENCIENNES 4370;IFS CHRONODRIVE 4253;372;235
CHRONO VALENCIENNES 4370;ILLKIRCH;486;315
CHRONO VALENCIENNES 4370;KIRCHBERG;276;180
CHRONO VALENCIENNES 4370;LA CLOCHE D'OR;267;175
CHRONO VALENCIENNES 4370;LA QUEUE LES YVELINES SUPER 1096;249;175
CHRONO VALENCIENNES 4370;LAXOU;375;255
CHRONO VALENCIENNES 4370;LE CHESNAY PARLY 2 SUPER 1144;224;155
CHRONO VALENCIENNES 4370;LE HAVRE;306;195
CHRONO VALENCIENNES 4370;LEERS;59;60
CHRONO VALENCIENNES 4370;LES MUREAUX HALLES AUCHAN;237;160
CHRONO VALENCIENNES 4370;LONGUEIL SAINTE MARIE SUPER 4315;140;90
CHRONO VALENCIENNES 4370;LOUVROIL;36;45
CHRONO VALENCIENNES 4370;MAUREPAS SUPER 4492;238;165
CHRONO VALENCIENNES 4370;MERS LES BAINS;208;145
CHRONO VALENCIENNES 4370;MERU;207;130
CHRONO VALENCIENNES 4370;MONT SAINT MARTIN;253;170
CHRONO VALENCIENNES 4370;MONTIVILLIERS;299;300
CHRONO VALENCIENNES 4370;NANCY CENTRE;379;260
CHRONO VALENCIENNES 4370;NOGENT SUR OISE;164;110
CHRONO VALENCIENNES 4370;NOYELLES GODAULT;54;60
CHRONO VALENCIENNES 4370;NOYON;124;90
CHRONO VALENCIENNES 4370;OSNY;222;145
CHRONO VALENCIENNES 4370;PETITE FORET;6;15
CHRONO VALENCIENNES 4370;ROISSY;183;115
CHRONO VALENCIENNES 4370;RONCQ;63;75
CHRONO VALENCIENNES 4370;SCHWEIGHOUSE;475;305
CHRONO VALENCIENNES 4370;SEMECOURT;316;210
CHRONO VALENCIENNES 4370;SOCOPAL;211;225
CHRONO VALENCIENNES 4370;SOISY;205;140
CHRONO VALENCIENNES 4370;ST OMER;116;95
CHRONO VALENCIENNES 4370;STRASBOURG;484;310
CHRONO VALENCIENNES 4370;TAVERNY;214;135
CHRONO VALENCIENNES 4370;TOMBLAINE;382;260
CHRONO VALENCIENNES 4370;VAL DE REUIL SUPER 1209;273;185
CHRONO VALENCIENNES 4370;VALENCIENNES;2;15
CHRONO VALENCIENNES 4370;VERNEUIL 1 VERGER SUPER 4981;232;155
CHRONO VALENCIENNES 4370;VILLENEUVE 2;47;60
CHRONO VALENCIENNES 4370;VIRY NOUREUIL;104;105
CHRONO WASQUEHAL 4303;1186 ST QUENTIN SCHUMANN SUPER;113;80
CHRONO WASQUEHAL 4303;1267 CALAIS DELAROCHE SUPER;115;80
CHRONO WASQUEHAL 4303;4313 CANTELEU SUPER;268;175
CHRONO WASQUEHAL 4303;4536 LILLE WAZEMMES MY AUCHAN;11;15
CHRONO WASQUEHAL 4303;4926 BILLY BERCLAU SUPER;39;45
CHRONO WASQUEHAL 4303;4977 RUE SUPER;150;130
CHRONO WASQUEHAL 4303;914 MARQUETTE LES PARTISANS DU GOUT;7;15
CHRONO WASQUEHAL 4303;ARRAS;61;75
CHRONO WASQUEHAL 4303;AUCHAN CITY TOURCOING;8;15
CHRONO WASQUEHAL 4303;AUCHAN LUXEMBOURG SUPPLY;321;215
CHRONO WASQUEHAL 4303;BEAUVAIS;199;130
CHRONO WASQUEHAL 4303;BETHUNE;53;60
CHRONO WASQUEHAL 4303;BOULOGNE;137;95
CHRONO WASQUEHAL 4303;CAEN CHRONO 352;393;250
CHRONO WASQUEHAL 4303;CERGY;234;155
CHRONO WASQUEHAL 4303;CERGY CHRONODRIVE 469;239;155
CHRONO WASQUEHAL 4303;CHERBOURG;510;330
CHRONO WASQUEHAL 4303;CHRONO AVELIN 4361;20;30
CHRONO WASQUEHAL 4303;CHRONO BONDUES 4703;9;15
CHRONO WASQUEHAL 4303;CHRONO COMPIEGNE 4345;155;165
CHRONO WASQUEHAL 4303;CHRONO COUDEKERQUE 4242;77;90
CHRONO WASQUEHAL 4303;CHRONO CROIX 4154;4;15
CHRONO WASQUEHAL 4303;CHRONO ELEU DIT LEAUWETTE 4462;45;45
CHRONO WASQUEHAL 4303;CHRONO HALLENNES 4167;18;30
CHRONO WASQUEHAL 4303;CHRONO IFS;390;245
CHRONO WASQUEHAL 4303;CHRONO LAMBERSART 4424;13;15
CHRONO WASQUEHAL 4303;CHRONO MARCQ 4128;4;15
CHRONO WASQUEHAL 4303;CHRONO VALENCIENNES 4370;54;60
CHRONO WASQUEHAL 4303;CHRONO WASQUEHAL 4303;0;0
CHRONO WASQUEHAL 4303;CORMEILLES EN PARISIS CHRONODRIVE 413;230;155
CHRONO WASQUEHAL 4303;DIEPPE;252;175
CHRONO WASQUEHAL 4303;DIFFERDANGE;301;205
CHRONO WASQUEHAL 4303;DOUAI;47;60
CHRONO WASQUEHAL 4303;DRIVE BEAUVAIS;198;125
CHRONO WASQUEHAL 4303;DRIVE BETHUNE;53;60
CHRONO WASQUEHAL 4303;DRIVE CERGY;235;150
CHRONO WASQUEHAL 4303;DRIVE CHERBOURG;508;330
CHRONO WASQUEHAL 4303;DRIVE DIEPPE;252;175
CHRONO WASQUEHAL 4303;DRIVE DOUAI;47;60
CHRONO WASQUEHAL 4303;DRIVE DURY;143;95
CHRONO WASQUEHAL 4303;DRIVE LE HAVRE;324;205
CHRONO WASQUEHAL 4303;DRIVE LEERS;13;15
CHRONO WASQUEHAL 4303;DRIVE LOUVROIL;87;65
CHRONO WASQUEHAL 4303;DRIVE MONTIVILLIERS;315;200
CHRONO WASQUEHAL 4303;DRIVE NOGENT SUR OISE;180;120
CHRONO WASQUEHAL 4303;DRIVE NOYELLES;34;25
CHRONO WASQUEHAL 4303;DRIVE NOYON;142;100
CHRONO WASQUEHAL 4303;DRIVE OSNY;239;155
CHRONO WASQUEHAL 4303;DRIVE ROISSY;201;125
CHRONO WASQUEHAL 4303;DRIVE RONCQ;12;15
CHRONO WASQUEHAL 4303;DRIVE SCHWEIGHOUSE;549;330
CHRONO WASQUEHAL 4303;DRIVE ST OMER;73;65
CHRONO WASQUEHAL 4303;DRIVE TAVERNY;232;150
CHRONO WASQUEHAL 4303;DRIVE VALENCIENNES;56;60
CHRONO WASQUEHAL 4303;ENGLOS;18;30
CHRONO WASQUEHAL 4303;ENT AMIENS BINAT;124;135
CHRONO WASQUEHAL 4303;ENT AMIENS SAINT SAUVEUR FLEG;151;100
CHRONO WASQUEHAL 4303;ENT AMIENS SAINT SAUVEUR PF;151;105
CHRONO WASQUEHAL 4303;ENT AMIENS SUPER POULAINVILLE PGC;127;135
CHRONO WASQUEHAL 4303;ENT CARVIN FL;29;30
CHRONO WASQUEHAL 4303;ENT CARVIN PF;29;30
CHRONO WASQUEHAL 4303;ENT IENA;16;30
CHRONO WASQUEHAL 4303;ENT IENA1;10;15
CHRONO WASQUEHAL 4303;ENT IENA2;10;15
CHRONO WASQUEHAL 4303;ENT MEYZIEU MEDLEY SUD;706;425
CHRONO WASQUEHAL 4303;ENT SAINGHIN1;14;15
CHRONO WASQUEHAL 4303;ENT SERRIS 2;238;155
CHRONO WASQUEHAL 4303;ENT V DHL;203;130
CHRONO WASQUEHAL 4303;ENT V GEODIS;209;135
CHRONO WASQUEHAL 4303;FACHES;14;15
CHRONO WASQUEHAL 4303;FRANQUEVILLE CHRONODRIVE 4475;263;175
CHRONO WASQUEHAL 4303;HERBLAY CHRONODRIVE 444;234;150
CHRONO WASQUEHAL 4303;HOUILLES SUPER 1073;228;150
CHRONO WASQUEHAL 4303;IFS CHRONODRIVE 4253;390;245
CHRONO WASQUEHAL 4303;ILLKIRCH;560;340
CHRONO WASQUEHAL 4303;KIRCHBERG;316;205
CHRONO WASQUEHAL 4303;LA CLOCHE D'OR;308;200
CHRONO WASQUEHAL 4303;LA QUEUE LES YVELINES SUPER 1096;267;185
CHRONO WASQUEHAL 4303;LAXOU;409;275
CHRONO WASQUEHAL 4303;LE CHESNAY PARLY 2 SUPER 1144;242;165
CHRONO WASQUEHAL 4303;LE HAVRE;323;205
CHRONO WASQUEHAL 4303;LEERS;13;15
CHRONO WASQUEHAL 4303;LES MUREAUX HALLES AUCHAN;255;170
CHRONO WASQUEHAL 4303;LONGUEIL SAINTE MARIE SUPER 4315;158;105
CHRONO WASQUEHAL 4303;MAUREPAS SUPER 4492;256;180
CHRONO WASQUEHAL 4303;MERS LES BAINS;226;160
CHRONO WASQUEHAL 4303;MERU;225;145
CHRONO WASQUEHAL 4303;MONT SAINT MARTIN;293;195
CHRONO WASQUEHAL 4303;MONTIVILLIERS;318;200
CHRONO WASQUEHAL 4303;NANCY CENTRE;419;285
CHRONO WASQUEHAL 4303;NOGENT SUR OISE;181;120
CHRONO WASQUEHAL 4303;NOYELLES GODAULT;36;45
CHRONO WASQUEHAL 4303;NOYON;142;100
CHRONO WASQUEHAL 4303;OSNY;239;155
CHRONO WASQUEHAL 4303;ROISSY;201;130
CHRONO WASQUEHAL 4303;RONCQ;12;15
CHRONO WASQUEHAL 4303;SCHWEIGHOUSE;549;330
CHRONO WASQUEHAL 4303;SEMECOURT;385;235
CHRONO WASQUEHAL 4303;SOISY;223;150
CHRONO WASQUEHAL 4303;ST OMER;74;65
CHRONO WASQUEHAL 4303;STRASBOURG;558;340
CHRONO WASQUEHAL 4303;TAVERNY;231;150
CHRONO WASQUEHAL 4303;TOMBLAINE;423;285
CHRONO WASQUEHAL 4303;VAL DE REUIL SUPER 1209;291;195
CHRONO WASQUEHAL 4303;VALENCIENNES;56;60
CHRONO WASQUEHAL 4303;VERNEUIL 1 VERGER SUPER 4981;249;170
CHRONO WASQUEHAL 4303;VILLENEUVE 2;8;15
CHRONO WASQUEHAL 4303;VIRY NOUREUIL;139;95
CORMEILLES EN PARISIS CHRONODRIVE 413;1186 ST QUENTIN SCHUMANN SUPER;173;125
CORMEILLES EN PARISIS CHRONODRIVE 413;1267 CALAIS DELAROCHE SUPER;278;175
CORMEILLES EN PARISIS CHRONODRIVE 413;1297 HARNES SUPER;206;140
CORMEILLES EN PARISIS CHRONODRIVE 413;4536 LILLE WAZEMMES MY AUCHAN;227;150
CORMEILLES EN PARISIS CHRONODRIVE 413;4926 BILLY BERCLAU SUPER;219;145
CORMEILLES EN PARISIS CHRONODRIVE 413;4977 RUE SUPER;193;125
CORMEILLES EN PARISIS CHRONODRIVE 413;914 MARQUETTE LES PARTISANS DU GOUT;232;160
CORMEILLES EN PARISIS CHRONODRIVE 413;ARRAS;190;135
CORMEILLES EN PARISIS CHRONODRIVE 413;AUCHAN CITY TOURCOING;237;160
CORMEILLES EN PARISIS CHRONODRIVE 413;AUCHAN LUXEMBOURG SUPPLY;367;250
CORMEILLES EN PARISIS CHRONODRIVE 413;BEAUVAIS;69;75
CORMEILLES EN PARISIS CHRONODRIVE 413;BETHUNE;219;145
CORMEILLES EN PARISIS CHRONODRIVE 413;BOULOGNE;260;165
CORMEILLES EN PARISIS CHRONODRIVE 413;CALAIS;273;175
CORMEILLES EN PARISIS CHRONODRIVE 413;CAMBRAI;185;125
CORMEILLES EN PARISIS CHRONODRIVE 413;CERGY CHRONODRIVE 469;20;30
CORMEILLES EN PARISIS CHRONODRIVE 413;CHERBOURG;347;230
CORMEILLES EN PARISIS CHRONODRIVE 413;CHRONO AVELIN 4361;216;140
CORMEILLES EN PARISIS CHRONODRIVE 413;CHRONO BONDUES 4703;236;160
CORMEILLES EN PARISIS CHRONODRIVE 413;CHRONO COUDEKERQUE 4242;301;200
CORMEILLES EN PARISIS CHRONODRIVE 413;CHRONO CROIX 4154;232;155
CORMEILLES EN PARISIS CHRONODRIVE 413;CHRONO ELEU DIT LEAUWETTE 4462;204;135
CORMEILLES EN PARISIS CHRONODRIVE 413;CHRONO HALLENNES 4167;226;155
CORMEILLES EN PARISIS CHRONODRIVE 413;CHRONO IFS;227;240
CORMEILLES EN PARISIS CHRONODRIVE 413;CHRONO LAMBERSART 4424;232;160
CORMEILLES EN PARISIS CHRONODRIVE 413;CHRONO MARCQ 4128;234;155
CORMEILLES EN PARISIS CHRONODRIVE 413;CHRONO VALENCIENNES 4370;212;140
CORMEILLES EN PARISIS CHRONODRIVE 413;CHRONO WASQUEHAL 4303;230;155
CORMEILLES EN PARISIS CHRONODRIVE 413;CORMEILLES EN PARISIS CHRONODRIVE 413;0;0
CORMEILLES EN PARISIS CHRONODRIVE 413;DIEPPE;189;135
CORMEILLES EN PARISIS CHRONODRIVE 413;DIFFERDANGE;357;255
CORMEILLES EN PARISIS CHRONODRIVE 413;DOUAI;202;140
CORMEILLES EN PARISIS CHRONODRIVE 413;DRIVE ARRAS;191;135
CORMEILLES EN PARISIS CHRONODRIVE 413;DRIVE BETHUNE;220;145
CORMEILLES EN PARISIS CHRONODRIVE 413;DRIVE BOULOGNE;246;155
CORMEILLES EN PARISIS CHRONODRIVE 413;DRIVE CALAIS;274;175
CORMEILLES EN PARISIS CHRONODRIVE 413;DRIVE CAMBRAI;185;125
CORMEILLES EN PARISIS CHRONODRIVE 413;DRIVE CHERBOURG;347;230
CORMEILLES EN PARISIS CHRONODRIVE 413;DRIVE DIEPPE;189;135
CORMEILLES EN PARISIS CHRONODRIVE 413;DRIVE DOUAI;202;140
CORMEILLES EN PARISIS CHRONODRIVE 413;DRIVE DUNKERQUE;311;200
CORMEILLES EN PARISIS CHRONODRIVE 413;DRIVE DURY;122;85
CORMEILLES EN PARISIS CHRONODRIVE 413;DRIVE ENGLOS;235;160
CORMEILLES EN PARISIS CHRONODRIVE 413;DRIVE FACHES;219;145
CORMEILLES EN PARISIS CHRONODRIVE 413;DRIVE LE HAVRE;195;130
CORMEILLES EN PARISIS CHRONODRIVE 413;DRIVE LEERS;237;160
CORMEILLES EN PARISIS CHRONODRIVE 413;DRIVE LOUVROIL;245;165
CORMEILLES EN PARISIS CHRONODRIVE 413;DRIVE MONTIVILLIERS;189;125
CORMEILLES EN PARISIS CHRONODRIVE 413;DRIVE NOYELLES;197;130
CORMEILLES EN PARISIS CHRONODRIVE 413;DRIVE NOYON;112;85
CORMEILLES EN PARISIS CHRONODRIVE 413;DRIVE OSNY;19;30
CORMEILLES EN PARISIS CHRONODRIVE 413;DRIVE PETITE FORET;213;140
CORMEILLES EN PARISIS CHRONODRIVE 413;DRIVE ROISSY;33;45
CORMEILLES EN PARISIS CHRONODRIVE 413;DRIVE RONCQ;240;160
CORMEILLES EN PARISIS CHRONODRIVE 413;DRIVE SCHWEIGHOUSE;503;315
CORMEILLES EN PARISIS CHRONODRIVE 413;DRIVE ST OMER;262;170
CORMEILLES EN PARISIS CHRONODRIVE 413;DRIVE ST QUENTIN;169;115
CORMEILLES EN PARISIS CHRONODRIVE 413;DRIVE TAVERNY;11;15
CORMEILLES EN PARISIS CHRONODRIVE 413;DRIVE VALENCIENNES;211;140
CORMEILLES EN PARISIS CHRONODRIVE 413;DRIVE VILLENEUVE D'ASCQ;226;150
CORMEILLES EN PARISIS CHRONODRIVE 413;DUNKERQUE;311;200
CORMEILLES EN PARISIS CHRONODRIVE 413;ENGLOS;234;160
CORMEILLES EN PARISIS CHRONODRIVE 413;ENT AMIENS SAINT SAUVEUR FLEG;134;135
CORMEILLES EN PARISIS CHRONODRIVE 413;ENT AMIENS SAINT SAUVEUR PF;134;135
CORMEILLES EN PARISIS CHRONODRIVE 413;ENT AMIENS SUPER POULAINVILLE PGC;137;150
CORMEILLES EN PARISIS CHRONODRIVE 413;ENT CARVIN FL;212;225
CORMEILLES EN PARISIS CHRONODRIVE 413;ENT CARVIN PF;212;225
CORMEILLES EN PARISIS CHRONODRIVE 413;ENT IENA;221;145
CORMEILLES EN PARISIS CHRONODRIVE 413;ENT IENA1;221;145
CORMEILLES EN PARISIS CHRONODRIVE 413;ENT IENA2;221;145
CORMEILLES EN PARISIS CHRONODRIVE 413;ENT MEYZIEU MEDLEY SUD;499;320
CORMEILLES EN PARISIS CHRONODRIVE 413;ENT SAINGHIN1;224;150
CORMEILLES EN PARISIS CHRONODRIVE 413;ENT SERRIS 1;58;60
CORMEILLES EN PARISIS CHRONODRIVE 413;ENT SERRIS 2;60;60
CORMEILLES EN PARISIS CHRONODRIVE 413;ENT V DHL;56;60
CORMEILLES EN PARISIS CHRONODRIVE 413;ENT V GEODIS;56;60
CORMEILLES EN PARISIS CHRONODRIVE 413;FACHES;220;145
CORMEILLES EN PARISIS CHRONODRIVE 413;FRANQUEVILLE CHRONODRIVE 4475;96;105
CORMEILLES EN PARISIS CHRONODRIVE 413;HERBLAY CHRONODRIVE 444;6;15
CORMEILLES EN PARISIS CHRONODRIVE 413;HIRSON;201;175
CORMEILLES EN PARISIS CHRONODRIVE 413;HOUILLES SUPER 1073;5;15
CORMEILLES EN PARISIS CHRONODRIVE 413;IFS CHRONODRIVE 4253;228;145
CORMEILLES EN PARISIS CHRONODRIVE 413;ILLKIRCH;514;325
CORMEILLES EN PARISIS CHRONODRIVE 413;LA CLOCHE D'OR;376;250
CORMEILLES EN PARISIS CHRONODRIVE 413;LA QUEUE LES YVELINES SUPER 1096;49;45
CORMEILLES EN PARISIS CHRONODRIVE 413;LAXOU;363;260
CORMEILLES EN PARISIS CHRONODRIVE 413;LE HAVRE;194;130
CORMEILLES EN PARISIS CHRONODRIVE 413;LEERS;237;160
CORMEILLES EN PARISIS CHRONODRIVE 413;LES MUREAUX HALLES AUCHAN;35;45
CORMEILLES EN PARISIS CHRONODRIVE 413;LONGUEIL SAINTE MARIE SUPER 4315;79;65
CORMEILLES EN PARISIS CHRONODRIVE 413;LOUVROIL;245;165
CORMEILLES EN PARISIS CHRONODRIVE 413;MAUREPAS SUPER 4492;38;45
CORMEILLES EN PARISIS CHRONODRIVE 413;MERS LES BAINS;205;145
CORMEILLES EN PARISIS CHRONODRIVE 413;MERU;43;45
CORMEILLES EN PARISIS CHRONODRIVE 413;MONT SAINT MARTIN;353;250
CORMEILLES EN PARISIS CHRONODRIVE 413;MONTIVILLIERS;189;125
CORMEILLES EN PARISIS CHRONODRIVE 413;NANCY CENTRE;369;270
CORMEILLES EN PARISIS CHRONODRIVE 413;NOGENT SUR OISE;63;75
CORMEILLES EN PARISIS CHRONODRIVE 413;NOYELLES GODAULT;198;130
CORMEILLES EN PARISIS CHRONODRIVE 413;NOYON;115;120
CORMEILLES EN PARISIS CHRONODRIVE 413;OSNY;19;30
CORMEILLES EN PARISIS CHRONODRIVE 413;PETITE FORET;213;140
CORMEILLES EN PARISIS CHRONODRIVE 413;ROISSY;33;45
CORMEILLES EN PARISIS CHRONODRIVE 413;RONCQ;239;165
CORMEILLES EN PARISIS CHRONODRIVE 413;SCHWEIGHOUSE;503;315
CORMEILLES EN PARISIS CHRONODRIVE 413;SEMECOURT;339;220
CORMEILLES EN PARISIS CHRONODRIVE 413;SOISY;12;15
CORMEILLES EN PARISIS CHRONODRIVE 413;ST QUENTIN;169;115
CORMEILLES EN PARISIS CHRONODRIVE 413;STRASBOURG;512;325
CORMEILLES EN PARISIS CHRONODRIVE 413;TAVERNY;11;15
CORMEILLES EN PARISIS CHRONODRIVE 413;TOMBLAINE;410;270
CORMEILLES EN PARISIS CHRONODRIVE 413;VAL DE REUIL SUPER 1209;102;75
CORMEILLES EN PARISIS CHRONODRIVE 413;VALENCIENNES;211;140
CORMEILLES EN PARISIS CHRONODRIVE 413;VERNEUIL 1 VERGER SUPER 4981;23;30
CORMEILLES EN PARISIS CHRONODRIVE 413;VILLENEUVE 2;226;150
CORMEILLES EN PARISIS CHRONODRIVE 413;VIRY NOUREUIL;134;110
DIEPPE;1186 ST QUENTIN SCHUMANN SUPER;192;140
DIEPPE;1267 CALAIS DELAROCHE SUPER;190;135
DIEPPE;1297 HARNES SUPER;228;160
DIEPPE;4313 CANTELEU SUPER;59;60
DIEPPE;4536 LILLE WAZEMMES MY AUCHAN;248;175
DIEPPE;4926 BILLY BERCLAU SUPER;241;165
DIEPPE;4977 RUE SUPER;77;90
DIEPPE;914 MARQUETTE LES PARTISANS DU GOUT;253;180
DIEPPE;ARRAS;154;165
DIEPPE;AUCHAN CITY TOURCOING;259;180
DIEPPE;AUCHAN LUXEMBOURG SUPPLY;488;325
DIEPPE;BEAUVAIS;110;120
DIEPPE;BOULOGNE;146;150
DIEPPE;CAEN CHRONO 352;184;195
DIEPPE;CALAIS;173;180
DIEPPE;CAMBRAI;207;150
DIEPPE;CERGY;181;135
DIEPPE;CERGY CHRONODRIVE 469;174;130
DIEPPE;CHRONO AVELIN 4361;238;240
DIEPPE;CHRONO BONDUES 4703;258;180
DIEPPE;CHRONO COMPIEGNE 4345;199;150
DIEPPE;CHRONO COUDEKERQUE 4242;228;160
DIEPPE;CHRONO CROIX 4154;253;175
DIEPPE;CHRONO ELEU DIT LEAUWETTE 4462;225;160
DIEPPE;CHRONO HALLENNES 4167;247;175
DIEPPE;CHRONO IFS;182;195
DIEPPE;CHRONO LAMBERSART 4424;253;180
DIEPPE;CHRONO MARCQ 4128;256;180
DIEPPE;CHRONO VALENCIENNES 4370;234;165
DIEPPE;CHRONO WASQUEHAL 4303;252;175
DIEPPE;CORMEILLES EN PARISIS CHRONODRIVE 413;189;135
DIEPPE;DIEPPE;0;0
DIEPPE;DIFFERDANGE;476;330
DIEPPE;DOUAI;224;225
DIEPPE;DRIVE ARRAS;167;150
DIEPPE;DRIVE BEAUVAIS;162;115
DIEPPE;DRIVE BOULOGNE;159;115
DIEPPE;DRIVE CALAIS;186;135
DIEPPE;DRIVE CAMBRAI;207;150
DIEPPE;DRIVE CERGY;179;130
DIEPPE;DRIVE DIEPPE;1;15
DIEPPE;DRIVE DOUAI;224;225
DIEPPE;DRIVE DUNKERQUE;223;160
DIEPPE;DRIVE ENGLOS;257;180
DIEPPE;DRIVE LEERS;260;185
DIEPPE;DRIVE LOUVROIL;268;185
DIEPPE;DRIVE MONTIVILLIERS;111;120
DIEPPE;DRIVE NOGENT SUR OISE;197;140
DIEPPE;DRIVE NOYELLES;220;155
DIEPPE;DRIVE OSNY;183;135
DIEPPE;DRIVE PETITE FORET;236;240
DIEPPE;DRIVE ROISSY;212;150
DIEPPE;DRIVE RONCQ;262;185
DIEPPE;DRIVE SCHWEIGHOUSE;623;390
DIEPPE;DRIVE ST OMER;206;150
DIEPPE;DRIVE TAVERNY;193;145
DIEPPE;DRIVE VALENCIENNES;234;160
DIEPPE;DRIVE VILLENEUVE D'ASCQ;249;170
DIEPPE;DURY;112;120
DIEPPE;ENT AMIENS SAINT SAUVEUR FLEG;115;120
DIEPPE;ENT AMIENS SAINT SAUVEUR PF;115;120
DIEPPE;ENT AMIENS SUPER POULAINVILLE PGC;117;120
DIEPPE;ENT CARVIN FL;180;180
DIEPPE;ENT CARVIN PF;180;180
DIEPPE;ENT IENA1;244;165
DIEPPE;ENT IENA2;244;165
DIEPPE;ENT MEYZIEU MEDLEY SUD;663;425
DIEPPE;ENT SERRIS 2;238;175
DIEPPE;ENT V DHL;213;155
DIEPPE;ENT V GEODIS;205;150
DIEPPE;FACHES;242;255
DIEPPE;FRANQUEVILLE CHRONODRIVE 4475;71;75
DIEPPE;HERBLAY CHRONODRIVE 444;188;140
DIEPPE;HOUILLES SUPER 1073;186;130
DIEPPE;IFS CHRONODRIVE 4253;183;120
DIEPPE;ILLKIRCH;634;400
DIEPPE;KIRCHBERG;504;330
DIEPPE;LA CLOCHE D'OR;495;325
DIEPPE;LA QUEUE LES YVELINES SUPER 1096;165;125
DIEPPE;LAXOU;483;330
DIEPPE;LE CHESNAY PARLY 2 SUPER 1144;180;125
DIEPPE;LE HAVRE;117;120
DIEPPE;LEERS;260;185
DIEPPE;LES MUREAUX HALLES AUCHAN;158;110
DIEPPE;LONGUEIL SAINTE MARIE SUPER 4315;164;165
DIEPPE;LOUVROIL;267;185
DIEPPE;MAUREPAS SUPER 4492;193;135
DIEPPE;MERS LES BAINS;36;45
DIEPPE;MONT SAINT MARTIN;488;325
DIEPPE;MONTIVILLIERS;110;120
DIEPPE;NANCY CENTRE;489;345
DIEPPE;NOGENT SUR OISE;197;140
DIEPPE;NOYON;180;140
DIEPPE;OSNY;183;135
DIEPPE;PETITE FORET;236;240
DIEPPE;RONCQ;261;185
DIEPPE;SCHWEIGHOUSE;623;390
DIEPPE;SEMECOURT;459;290
DIEPPE;SOISY;197;140
DIEPPE;STRASBOURG;631;395
DIEPPE;TAVERNY;193;145
DIEPPE;TOMBLAINE;530;345
DIEPPE;VAL DE REUIL SUPER 1209;95;105
DIEPPE;VALENCIENNES;234;160
DIEPPE;VERNEUIL 1 VERGER SUPER 4981;164;120
DIEPPE;VILLENEUVE 2;249;175
DIEPPE;VIRY NOUREUIL;213;150
DIFFERDANGE;1186 ST QUENTIN SCHUMANN SUPER;296;210
DIFFERDANGE;1267 CALAIS DELAROCHE SUPER;408;270
DIFFERDANGE;1297 HARNES SUPER;318;215
DIFFERDANGE;4313 CANTELEU SUPER;492;325
DIFFERDANGE;4536 LILLE WAZEMMES MY AUCHAN;302;205
DIFFERDANGE;4926 BILLY BERCLAU SUPER;331;225
DIFFERDANGE;4977 RUE SUPER;438;295
DIFFERDANGE;914 MARQUETTE LES PARTISANS DU GOUT;307;210
DIFFERDANGE;ARRAS;346;230
DIFFERDANGE;AUCHAN CITY TOURCOING;307;210
DIFFERDANGE;AUCHAN LUXEMBOURG SUPPLY;20;30
DIFFERDANGE;BEAUVAIS;399;280
DIFFERDANGE;BETHUNE;362;235
DIFFERDANGE;BOULOGNE;429;285
DIFFERDANGE;CAEN CHRONO 352;578;390
DIFFERDANGE;CALAIS;412;275
DIFFERDANGE;CAMBRAI;291;200
DIFFERDANGE;CERGY;368;260
DIFFERDANGE;CERGY CHRONODRIVE 469;373;260
DIFFERDANGE;CHERBOURG;695;470
DIFFERDANGE;CHRONO AVELIN 4361;305;205
DIFFERDANGE;CHRONO BONDUES 4703;311;210
DIFFERDANGE;CHRONO COMPIEGNE 4345;298;245
DIFFERDANGE;CHRONO COUDEKERQUE 4242;376;250
DIFFERDANGE;CHRONO CROIX 4154;304;205
DIFFERDANGE;CHRONO ELEU DIT LEAUWETTE 4462;323;220
DIFFERDANGE;CHRONO HALLENNES 4167;310;210
DIFFERDANGE;CHRONO IFS;576;385
DIFFERDANGE;CHRONO LAMBERSART 4424;307;210
DIFFERDANGE;CHRONO MARCQ 4128;308;210
DIFFERDANGE;CHRONO VALENCIENNES 4370;260;180
DIFFERDANGE;CHRONO WASQUEHAL 4303;301;205
DIFFERDANGE;CORMEILLES EN PARISIS CHRONODRIVE 413;357;255
DIFFERDANGE;DIEPPE;476;330
DIFFERDANGE;DIFFERDANGE;0;0
DIFFERDANGE;DOUAI;303;205
DIFFERDANGE;DRIVE ARRAS;345;230
DIFFERDANGE;DRIVE BEAUVAIS;397;275
DIFFERDANGE;DRIVE BETHUNE;346;235
DIFFERDANGE;DRIVE BOULOGNE;425;290
DIFFERDANGE;DRIVE CALAIS;416;280
DIFFERDANGE;DRIVE CAMBRAI;291;200
DIFFERDANGE;DRIVE CERGY;367;260
DIFFERDANGE;DRIVE CHERBOURG;694;470
DIFFERDANGE;DRIVE DIEPPE;477;330
DIFFERDANGE;DRIVE DOUAI;303;205
DIFFERDANGE;DRIVE DUNKERQUE;380;255
DIFFERDANGE;DRIVE DURY;367;245
DIFFERDANGE;DRIVE ENGLOS;309;215
DIFFERDANGE;DRIVE FACHES;299;205
DIFFERDANGE;DRIVE LE HAVRE;549;360
DIFFERDANGE;DRIVE LEERS;300;205
DIFFERDANGE;DRIVE LOUVROIL;210;165
DIFFERDANGE;DRIVE MONTIVILLIERS;539;355
DIFFERDANGE;DRIVE NOGENT SUR OISE;341;255
DIFFERDANGE;DRIVE NOYELLES;314;215
DIFFERDANGE;DRIVE NOYON;312;230
DIFFERDANGE;DRIVE OSNY;371;260
DIFFERDANGE;DRIVE PETITE FORET;270;185
DIFFERDANGE;DRIVE ROISSY;335;235
DIFFERDANGE;DRIVE RONCQ;309;215
DIFFERDANGE;DRIVE SCHWEIGHOUSE;221;145
DIFFERDANGE;DRIVE ST OMER;365;260
DIFFERDANGE;DRIVE ST QUENTIN;297;205
DIFFERDANGE;DRIVE TAVERNY;359;255
DIFFERDANGE;DRIVE VALENCIENNES;264;180
DIFFERDANGE;DRIVE VILLENEUVE D'ASCQ;296;200
DIFFERDANGE;DUNKERQUE;380;255
DIFFERDANGE;DURY;367;245
DIFFERDANGE;ENGLOS;309;215
DIFFERDANGE;ENT AMIENS SAINT SAUVEUR FLEG;375;255
DIFFERDANGE;ENT AMIENS SAINT SAUVEUR PF;376;255
DIFFERDANGE;ENT AMIENS SUPER POULAINVILLE PGC;371;250
DIFFERDANGE;ENT CARVIN FL;314;215
DIFFERDANGE;ENT CARVIN PF;314;215
DIFFERDANGE;ENT IENA1;301;205
DIFFERDANGE;ENT IENA2;301;205
DIFFERDANGE;ENT MEYZIEU MEDLEY SUD;534;340
DIFFERDANGE;ENT SAINGHIN1;300;205
DIFFERDANGE;ENT SERRIS 2;330;330
DIFFERDANGE;ENT SOCOPAL DIEPPE;459;310
DIFFERDANGE;ENT V DHL;331;235
DIFFERDANGE;ENT V GEODIS;338;240
DIFFERDANGE;FACHES;299;205
DIFFERDANGE;FRANQUEVILLE CHRONODRIVE 4475;488;330
DIFFERDANGE;HERBLAY CHRONODRIVE 444;358;250
DIFFERDANGE;HIRSON;193;150
DIFFERDANGE;HOUILLES SUPER 1073;354;250
DIFFERDANGE;IFS CHRONODRIVE 4253;575;385
DIFFERDANGE;KIRCHBERG;25;30
DIFFERDANGE;LA CLOCHE D'OR;36;45
DIFFERDANGE;LA QUEUE LES YVELINES SUPER 1096;385;270
DIFFERDANGE;LAXOU;122;135
DIFFERDANGE;LE CHESNAY PARLY 2 SUPER 1144;358;260
DIFFERDANGE;LE HAVRE;548;360
DIFFERDANGE;LEERS;300;205
DIFFERDANGE;LES MUREAUX HALLES AUCHAN;381;270
DIFFERDANGE;LONGUEIL SAINTE MARIE SUPER 4315;305;250
DIFFERDANGE;LOUVROIL;210;165
DIFFERDANGE;MAUREPAS SUPER 4492;374;265
DIFFERDANGE;MERS LES BAINS;450;310
DIFFERDANGE;MERU;374;265
DIFFERDANGE;MONT SAINT MARTIN;13;15
DIFFERDANGE;MONTIVILLIERS;543;355
DIFFERDANGE;NANCY CENTRE;124;135
DIFFERDANGE;NOGENT SUR OISE;342;255
DIFFERDANGE;NOYELLES GODAULT;312;215
DIFFERDANGE;NOYON;311;230
DIFFERDANGE;OSNY;372;265
DIFFERDANGE;PETITE FORET;270;185
DIFFERDANGE;ROISSY;336;235
DIFFERDANGE;RONCQ;308;215
DIFFERDANGE;SCHWEIGHOUSE;221;145
DIFFERDANGE;SEMECOURT;61;75
DIFFERDANGE;SOCOPAL;455;300
DIFFERDANGE;SOISY;350;250
DIFFERDANGE;ST OMER;365;260
DIFFERDANGE;ST QUENTIN;297;205
DIFFERDANGE;STRASBOURG;229;240
DIFFERDANGE;TAVERNY;358;255
DIFFERDANGE;TOMBLAINE;124;135
DIFFERDANGE;VAL DE REUIL SUPER 1209;450;310
DIFFERDANGE;VALENCIENNES;264;180
DIFFERDANGE;VERNEUIL 1 VERGER SUPER 4981;380;275
DIFFERDANGE;VILLENEUVE 2;297;200
DIFFERDANGE;VIRY NOUREUIL;288;205
DOUAI;1267 CALAIS DELAROCHE SUPER;128;85
DOUAI;1297 HARNES SUPER;25;30
DOUAI;4313 CANTELEU SUPER;240;160
DOUAI;4536 LILLE WAZEMMES MY AUCHAN;45;40
DOUAI;4926 BILLY BERCLAU SUPER;36;45
DOUAI;4977 RUE SUPER;123;115
DOUAI;914 MARQUETTE LES PARTISANS DU GOUT;48;60
DOUAI;ARRAS;31;45
DOUAI;AUCHAN CITY TOURCOING;55;60
DOUAI;AUCHAN LUXEMBOURG SUPPLY;323;215
DOUAI;BETHUNE;51;60
DOUAI;BOULOGNE;129;135
DOUAI;CAEN CHRONO 352;365;235
DOUAI;CALAIS;133;135
DOUAI;CAMBRAI;26;30
DOUAI;CERGY;206;140
DOUAI;CERGY CHRONODRIVE 469;211;140
DOUAI;CHERBOURG;482;320
DOUAI;CHRONO AVELIN 4361;27;30
DOUAI;CHRONO BONDUES 4703;55;60
DOUAI;CHRONO COUDEKERQUE 4242;109;120
DOUAI;CHRONO CROIX 4154;52;60
DOUAI;CHRONO ELEU DIT LEAUWETTE 4462;30;30
DOUAI;CHRONO HALLENNES 4167;43;45
DOUAI;CHRONO IFS;363;230
DOUAI;CHRONO LAMBERSART 4424;47;60
DOUAI;CHRONO MARCQ 4128;51;60
DOUAI;CHRONO VALENCIENNES 4370;42;45
DOUAI;CHRONO WASQUEHAL 4303;51;60
DOUAI;CORMEILLES EN PARISIS CHRONODRIVE 413;202;140
DOUAI;DIEPPE;224;225
DOUAI;DIFFERDANGE;303;205
DOUAI;DOUAI;0;0
DOUAI;DRIVE ARRAS;32;45
DOUAI;DRIVE BEAUVAIS;170;115
DOUAI;DRIVE BETHUNE;51;60
DOUAI;DRIVE BOULOGNE;132;135
DOUAI;DRIVE CALAIS;130;135
DOUAI;DRIVE CAMBRAI;26;30
DOUAI;DRIVE CERGY;200;210
DOUAI;DRIVE CHERBOURG;481;315
DOUAI;DRIVE DIEPPE;224;160
DOUAI;DRIVE DOUAI;0;0
DOUAI;DRIVE DURY;115;120
DOUAI;DRIVE ENGLOS;52;60
DOUAI;DRIVE FACHES;36;45
DOUAI;DRIVE LE HAVRE;296;195
DOUAI;DRIVE LEERS;52;60
DOUAI;DRIVE LOUVROIL;75;75
DOUAI;DRIVE MONTIVILLIERS;287;190
DOUAI;DRIVE NOGENT SUR OISE;153;105
DOUAI;DRIVE NOYELLES;21;30
DOUAI;DRIVE NOYON;107;120
DOUAI;DRIVE OSNY;212;140
DOUAI;DRIVE PETITE FORET;44;45
DOUAI;DRIVE ROISSY;173;115
DOUAI;DRIVE RONCQ;56;60
DOUAI;DRIVE SCHWEIGHOUSE;505;310
DOUAI;DRIVE ST QUENTIN;66;75
DOUAI;DRIVE TAVERNY;204;135
DOUAI;DRIVE VALENCIENNES;42;45
DOUAI;DRIVE VILLENEUVE D'ASCQ;40;45
DOUAI;DUNKERQUE;118;120
DOUAI;DURY;87;90
DOUAI;ENGLOS;52;60
DOUAI;ENT AMIENS BINAT;83;90
DOUAI;ENT AMIENS SAINT SAUVEUR FLEG;123;135
DOUAI;ENT AMIENS SAINT SAUVEUR PF;123;135
DOUAI;ENT AMIENS SUPER POULAINVILLE PGC;119;120
DOUAI;ENT CARVIN FL;27;30
DOUAI;ENT CARVIN PF;27;30
DOUAI;ENT IENA;37;45
DOUAI;ENT IENA1;38;45
DOUAI;ENT IENA2;38;45
DOUAI;ENT MEYZIEU MEDLEY SUD;662;405
DOUAI;ENT SAINGHIN1;41;45
DOUAI;ENT SERRIS 1;215;225
DOUAI;ENT SERRIS 2;211;145
DOUAI;ENT SOCOPAL DIEPPE;201;210
DOUAI;ENT V DHL;231;240
DOUAI;ENT V GEODIS;231;240
DOUAI;FACHES;36;45
DOUAI;FRANQUEVILLE CHRONODRIVE 4475;236;160
DOUAI;HERBLAY CHRONODRIVE 444;207;140
DOUAI;HIRSON;96;105
DOUAI;HOUILLES SUPER 1073;201;140
DOUAI;IFS CHRONODRIVE 4253;362;230
DOUAI;ILLKIRCH;516;320
DOUAI;KIRCHBERG;319;205
DOUAI;LA CLOCHE D'OR;310;200
DOUAI;LA QUEUE LES YVELINES SUPER 1096;239;170
DOUAI;LAXOU;365;255
DOUAI;LE CHESNAY PARLY 2 SUPER 1144;214;155
DOUAI;LE HAVRE;270;270
DOUAI;LEERS;52;60
DOUAI;LES MUREAUX HALLES AUCHAN;227;155
DOUAI;LONGUEIL SAINTE MARIE SUPER 4315;130;90
DOUAI;LOUVROIL;75;75
DOUAI;MAUREPAS SUPER 4492;229;165
DOUAI;MERS LES BAINS;138;150
DOUAI;MONT SAINT MARTIN;295;195
DOUAI;MONTIVILLIERS;260;270
DOUAI;NANCY CENTRE;371;265
DOUAI;NOGENT SUR OISE;154;165
DOUAI;NOYELLES GODAULT;15;15
DOUAI;NOYON;107;120
DOUAI;OSNY;212;145
DOUAI;PETITE FORET;44;45
DOUAI;RONCQ;56;60
DOUAI;SCHWEIGHOUSE;505;310
DOUAI;SEMECOURT;341;215
DOUAI;SOCOPAL;201;210
DOUAI;SOISY;195;135
DOUAI;ST OMER;90;90
DOUAI;ST QUENTIN;62;75
DOUAI;STRASBOURG;514;320
DOUAI;TAVERNY;204;135
DOUAI;TOMBLAINE;412;265
DOUAI;VAL DE REUIL SUPER 1209;263;180
DOUAI;VALENCIENNES;42;45
DOUAI;VERNEUIL 1 VERGER SUPER 4981;222;155
DOUAI;VILLENEUVE 2;41;45
DOUAI;VIRY NOUREUIL;95;105
DRIVE ARRAS;1186 ST QUENTIN SCHUMANN SUPER;86;60
DRIVE ARRAS;1267 CALAIS DELAROCHE SUPER;110;70
DRIVE ARRAS;1297 HARNES SUPER;28;30
DRIVE ARRAS;4313 CANTELEU SUPER;190;150
DRIVE ARRAS;4536 LILLE WAZEMMES MY AUCHAN;59;45
DRIVE ARRAS;4926 BILLY BERCLAU SUPER;32;30
DRIVE ARRAS;4977 RUE SUPER;90;85
DRIVE ARRAS;914 MARQUETTE LES PARTISANS DU GOUT;64;50
DRIVE ARRAS;ARRAS;1;15
DRIVE ARRAS;AUCHAN CITY TOURCOING;70;75
DRIVE ARRAS;AUCHAN LUXEMBOURG SUPPLY;365;240
DRIVE ARRAS;BEAUVAIS;129;110
DRIVE ARRAS;BETHUNE;36;45
DRIVE ARRAS;BOULOGNE;131;85
DRIVE ARRAS;CAEN CHRONO 352;315;225
DRIVE ARRAS;CALAIS;115;120
DRIVE ARRAS;CAMBRAI;54;60
DRIVE ARRAS;CERGY;195;135
DRIVE ARRAS;CERGY CHRONODRIVE 469;200;135
DRIVE ARRAS;CHERBOURG;428;435
DRIVE ARRAS;CHRONO AVELIN 4361;48;60
DRIVE ARRAS;CHRONO BONDUES 4703;69;55
DRIVE ARRAS;CHRONO COMPIEGNE 4345;122;85
DRIVE ARRAS;CHRONO CROIX 4154;64;50
DRIVE ARRAS;CHRONO ELEU DIT LEAUWETTE 4462;20;30
DRIVE ARRAS;CHRONO HALLENNES 4167;49;60
DRIVE ARRAS;CHRONO IFS;312;220
DRIVE ARRAS;CHRONO LAMBERSART 4424;55;50
DRIVE ARRAS;CHRONO MARCQ 4128;67;50
DRIVE ARRAS;CHRONO VALENCIENNES 4370;85;60
DRIVE ARRAS;CHRONO WASQUEHAL 4303;65;75
DRIVE ARRAS;CORMEILLES EN PARISIS CHRONODRIVE 413;191;135
DRIVE ARRAS;DIEPPE;167;150
DRIVE ARRAS;DIFFERDANGE;345;230
DRIVE ARRAS;DOUAI;32;45
DRIVE ARRAS;DRIVE ARRAS;0;0
DRIVE ARRAS;DRIVE BEAUVAIS;132;135
DRIVE ARRAS;DRIVE BETHUNE;36;45
DRIVE ARRAS;DRIVE BOULOGNE;123;135
DRIVE ARRAS;DRIVE CALAIS;115;120
DRIVE ARRAS;DRIVE CAMBRAI;54;60
DRIVE ARRAS;DRIVE CERGY;196;135
DRIVE ARRAS;DRIVE CHERBOURG;428;435
DRIVE ARRAS;DRIVE DIEPPE;175;150
DRIVE ARRAS;DRIVE DOUAI;32;45
DRIVE ARRAS;DRIVE DUNKERQUE;120;120
DRIVE ARRAS;DRIVE DURY;103;75
DRIVE ARRAS;DRIVE ENGLOS;53;60
DRIVE ARRAS;DRIVE FACHES;52;60
DRIVE ARRAS;DRIVE LE HAVRE;247;185
DRIVE ARRAS;DRIVE LEERS;70;75
DRIVE ARRAS;DRIVE LOUVROIL;117;85
DRIVE ARRAS;DRIVE MONTIVILLIERS;237;175
DRIVE ARRAS;DRIVE NOYELLES;27;30
DRIVE ARRAS;DRIVE NOYON;103;85
DRIVE ARRAS;DRIVE OSNY;200;135
DRIVE ARRAS;DRIVE PETITE FORET;82;90
DRIVE ARRAS;DRIVE ROISSY;161;110
DRIVE ARRAS;DRIVE RONCQ;72;75
DRIVE ARRAS;DRIVE SCHWEIGHOUSE;520;315
DRIVE ARRAS;DRIVE ST OMER;78;55
DRIVE ARRAS;DRIVE TAVERNY;193;130
DRIVE ARRAS;DRIVE VALENCIENNES;76;90
DRIVE ARRAS;DRIVE VILLENEUVE D'ASCQ;58;60
DRIVE ARRAS;DUNKERQUE;114;85
DRIVE ARRAS;DURY;81;90
DRIVE ARRAS;ENGLOS;52;60
DRIVE ARRAS;ENT AMIENS BINAT;64;75
DRIVE ARRAS;ENT AMIENS SAINT SAUVEUR FLEG;69;75
DRIVE ARRAS;ENT AMIENS SAINT SAUVEUR PF;69;75
DRIVE ARRAS;ENT AMIENS SUPER POULAINVILLE PGC;61;75
DRIVE ARRAS;ENT CARVIN FL;34;45
DRIVE ARRAS;ENT CARVIN PF;34;45
DRIVE ARRAS;ENT IENA;50;60
DRIVE ARRAS;ENT IENA1;51;40
DRIVE ARRAS;ENT IENA2;51;40
DRIVE ARRAS;ENT MEYZIEU MEDLEY SUD;677;410
DRIVE ARRAS;ENT SAINGHIN1;54;60
DRIVE ARRAS;ENT SERRIS 2;199;140
DRIVE ARRAS;ENT SOCOPAL DIEPPE;161;165
DRIVE ARRAS;ENT V DHL;163;115
DRIVE ARRAS;ENT V GEODIS;169;120
DRIVE ARRAS;FACHES;52;60
DRIVE ARRAS;FRANQUEVILLE CHRONODRIVE 4475;186;150
DRIVE ARRAS;HERBLAY CHRONODRIVE 444;195;135
DRIVE ARRAS;HIRSON;114;120
DRIVE ARRAS;HOUILLES SUPER 1073;189;135
DRIVE ARRAS;IFS CHRONODRIVE 4253;312;220
DRIVE ARRAS;ILLKIRCH;532;325
DRIVE ARRAS;KIRCHBERG;360;230
DRIVE ARRAS;LA CLOCHE D'OR;352;225
DRIVE ARRAS;LA QUEUE LES YVELINES SUPER 1096;228;165
DRIVE ARRAS;LAXOU;381;255
DRIVE ARRAS;LE CHESNAY PARLY 2 SUPER 1144;202;150
DRIVE ARRAS;LE HAVRE;246;185
DRIVE ARRAS;LEERS;70;75
DRIVE ARRAS;LES MUREAUX HALLES AUCHAN;216;150
DRIVE ARRAS;LONGUEIL SAINTE MARIE SUPER 4315;119;85
DRIVE ARRAS;LOUVROIL;112;120
DRIVE ARRAS;MAUREPAS SUPER 4492;217;160
DRIVE ARRAS;MERS LES BAINS;119;115
DRIVE ARRAS;MERU;155;125
DRIVE ARRAS;MONT SAINT MARTIN;337;220
DRIVE ARRAS;MONTIVILLIERS;241;180
DRIVE ARRAS;NANCY CENTRE;386;265
DRIVE ARRAS;NOGENT SUR OISE;142;100
DRIVE ARRAS;NOYELLES GODAULT;28;30
DRIVE ARRAS;NOYON;103;85
DRIVE ARRAS;OSNY;200;140
DRIVE ARRAS;PETITE FORET;82;90
DRIVE ARRAS;ROISSY;162;110
DRIVE ARRAS;RONCQ;72;75
DRIVE ARRAS;SCHWEIGHOUSE;520;315
DRIVE ARRAS;SEMECOURT;357;215
DRIVE ARRAS;SOCOPAL;161;165
DRIVE ARRAS;SOISY;184;130
DRIVE ARRAS;ST OMER;76;90
DRIVE ARRAS;ST QUENTIN;82;90
DRIVE ARRAS;STRASBOURG;529;320
DRIVE ARRAS;TAVERNY;192;130
DRIVE ARRAS;TOMBLAINE;427;270
DRIVE ARRAS;VAL DE REUIL SUPER 1209;214;170
DRIVE ARRAS;VALENCIENNES;76;90
DRIVE ARRAS;VERNEUIL 1 VERGER SUPER 4981;210;150
DRIVE ARRAS;VILLENEUVE 2;58;60
DRIVE ARRAS;VIRY NOUREUIL;103;105
DRIVE BEAUVAIS;1186 ST QUENTIN SCHUMANN SUPER;138;95
DRIVE BEAUVAIS;1267 CALAIS DELAROCHE SUPER;214;130
DRIVE BEAUVAIS;1297 HARNES SUPER;174;110
DRIVE BEAUVAIS;4313 CANTELEU SUPER;93;105
DRIVE BEAUVAIS;4536 LILLE WAZEMMES MY AUCHAN;195;125
DRIVE BEAUVAIS;4926 BILLY BERCLAU SUPER;187;120
DRIVE BEAUVAIS;4977 RUE SUPER;129;80
DRIVE BEAUVAIS;914 MARQUETTE LES PARTISANS DU GOUT;199;130
DRIVE BEAUVAIS;ARRAS;133;135
DRIVE BEAUVAIS;AUCHAN CITY TOURCOING;205;135
DRIVE BEAUVAIS;AUCHAN LUXEMBOURG SUPPLY;409;270
DRIVE BEAUVAIS;BEAUVAIS;0;0
DRIVE BEAUVAIS;BETHUNE;188;195
DRIVE BEAUVAIS;BOULOGNE;196;120
DRIVE BEAUVAIS;CAEN CHRONO 352;214;175
DRIVE BEAUVAIS;CALAIS;210;130
DRIVE BEAUVAIS;CAMBRAI;155;165
DRIVE BEAUVAIS;CERGY;53;60
DRIVE BEAUVAIS;CERGY CHRONODRIVE 469;56;60
DRIVE BEAUVAIS;CHERBOURG;331;255
DRIVE BEAUVAIS;CHRONO AVELIN 4361;184;115
DRIVE BEAUVAIS;CHRONO BONDUES 4703;204;130
DRIVE BEAUVAIS;CHRONO COMPIEGNE 4345;60;60
DRIVE BEAUVAIS;CHRONO COUDEKERQUE 4242;252;155
DRIVE BEAUVAIS;CHRONO CROIX 4154;200;130
DRIVE BEAUVAIS;CHRONO ELEU DIT LEAUWETTE 4462;171;110
DRIVE BEAUVAIS;CHRONO HALLENNES 4167;194;125
DRIVE BEAUVAIS;CHRONO IFS;211;170
DRIVE BEAUVAIS;CHRONO LAMBERSART 4424;200;130
DRIVE BEAUVAIS;CHRONO MARCQ 4128;202;130
DRIVE BEAUVAIS;CHRONO VALENCIENNES 4370;180;115
DRIVE BEAUVAIS;CHRONO WASQUEHAL 4303;198;125
DRIVE BEAUVAIS;CORMEILLES EN PARISIS CHRONODRIVE 413;71;75
DRIVE BEAUVAIS;DIEPPE;162;115
DRIVE BEAUVAIS;DIFFERDANGE;397;275
DRIVE BEAUVAIS;DOUAI;170;115
DRIVE BEAUVAIS;DRIVE BEAUVAIS;0;0
DRIVE BEAUVAIS;DRIVE BETHUNE;188;195
DRIVE BEAUVAIS;DRIVE BOULOGNE;184;110
DRIVE BEAUVAIS;DRIVE CALAIS;211;130
DRIVE BEAUVAIS;DRIVE CAMBRAI;155;165
DRIVE BEAUVAIS;DRIVE CERGY;61;75
DRIVE BEAUVAIS;DRIVE CHERBOURG;330;255
DRIVE BEAUVAIS;DRIVE DIEPPE;108;115
DRIVE BEAUVAIS;DRIVE DOUAI;171;115
DRIVE BEAUVAIS;DRIVE DUNKERQUE;248;155
DRIVE BEAUVAIS;DRIVE DURY;59;40
DRIVE BEAUVAIS;DRIVE ENGLOS;204;135
DRIVE BEAUVAIS;DRIVE FACHES;189;120
DRIVE BEAUVAIS;DRIVE LE HAVRE;180;145
DRIVE BEAUVAIS;DRIVE LEERS;206;135
DRIVE BEAUVAIS;DRIVE LOUVROIL;214;140
DRIVE BEAUVAIS;DRIVE MONTIVILLIERS;171;140
DRIVE BEAUVAIS;DRIVE NOGENT SUR OISE;41;45
DRIVE BEAUVAIS;DRIVE NOYELLES;167;105
DRIVE BEAUVAIS;DRIVE NOYON;82;90
DRIVE BEAUVAIS;DRIVE OSNY;49;60
DRIVE BEAUVAIS;DRIVE PETITE FORET;183;195
DRIVE BEAUVAIS;DRIVE ROISSY;71;75
DRIVE BEAUVAIS;DRIVE RONCQ;209;210
DRIVE BEAUVAIS;DRIVE SCHWEIGHOUSE;546;340
DRIVE BEAUVAIS;DRIVE ST OMER;231;145
DRIVE BEAUVAIS;DRIVE ST QUENTIN;134;85
DRIVE BEAUVAIS;DRIVE TAVERNY;58;60
DRIVE BEAUVAIS;DRIVE VALENCIENNES;181;115
DRIVE BEAUVAIS;DRIVE VILLENEUVE D'ASCQ;195;125
DRIVE BEAUVAIS;DUNKERQUE;248;155
DRIVE BEAUVAIS;DURY;59;60
DRIVE BEAUVAIS;ENT AMIENS BINAT;72;75
DRIVE BEAUVAIS;ENT AMIENS SAINT SAUVEUR FLEG;69;75
DRIVE BEAUVAIS;ENT AMIENS SAINT SAUVEUR PF;69;75
DRIVE BEAUVAIS;ENT AMIENS SUPER POULAINVILLE PGC;72;75
DRIVE BEAUVAIS;ENT CARVIN FL;179;180
DRIVE BEAUVAIS;ENT CARVIN PF;179;180
DRIVE BEAUVAIS;ENT IENA;190;195
DRIVE BEAUVAIS;ENT IENA1;190;120
DRIVE BEAUVAIS;ENT IENA2;190;120
DRIVE BEAUVAIS;ENT MEYZIEU MEDLEY SUD;569;360
DRIVE BEAUVAIS;ENT SAINGHIN1;193;195
DRIVE BEAUVAIS;ENT SERRIS 1;106;120
DRIVE BEAUVAIS;ENT SERRIS 2;106;80
DRIVE BEAUVAIS;ENT V DHL;113;120
DRIVE BEAUVAIS;ENT V GEODIS;113;120
DRIVE BEAUVAIS;FACHES;189;120
DRIVE BEAUVAIS;FRANQUEVILLE CHRONODRIVE 4475;85;95
DRIVE BEAUVAIS;HERBLAY CHRONODRIVE 444;58;60
DRIVE BEAUVAIS;HIRSON;206;160
DRIVE BEAUVAIS;HOUILLES SUPER 1073;75;75
DRIVE BEAUVAIS;IFS CHRONODRIVE 4253;211;170
DRIVE BEAUVAIS;ILLKIRCH;557;350
DRIVE BEAUVAIS;KIRCHBERG;427;285
DRIVE BEAUVAIS;LA CLOCHE D'OR;418;275
DRIVE BEAUVAIS;LA QUEUE LES YVELINES SUPER 1096;117;120
DRIVE BEAUVAIS;LAXOU;406;285
DRIVE BEAUVAIS;LE CHESNAY PARLY 2 SUPER 1144;84;70
DRIVE BEAUVAIS;LE HAVRE;180;150
DRIVE BEAUVAIS;LEERS;207;135
DRIVE BEAUVAIS;LES MUREAUX HALLES AUCHAN;83;65
DRIVE BEAUVAIS;LONGUEIL SAINTE MARIE SUPER 4315;54;60
DRIVE BEAUVAIS;LOUVROIL;214;140
DRIVE BEAUVAIS;MAUREPAS SUPER 4492;106;120
DRIVE BEAUVAIS;MERS LES BAINS;142;100
DRIVE BEAUVAIS;MERU;31;45
DRIVE BEAUVAIS;MONT SAINT MARTIN;396;275
DRIVE BEAUVAIS;MONTIVILLIERS;174;145
DRIVE BEAUVAIS;NANCY CENTRE;412;295
DRIVE BEAUVAIS;NOGENT SUR OISE;43;45
DRIVE BEAUVAIS;NOYELLES GODAULT;168;105
DRIVE BEAUVAIS;NOYON;80;90
DRIVE BEAUVAIS;OSNY;49;60
DRIVE BEAUVAIS;PETITE FORET;183;195
DRIVE BEAUVAIS;ROISSY;70;75
DRIVE BEAUVAIS;RONCQ;209;210
DRIVE BEAUVAIS;SCHWEIGHOUSE;546;340
DRIVE BEAUVAIS;SEMECOURT;382;240
DRIVE BEAUVAIS;SOISY;63;75
DRIVE BEAUVAIS;ST OMER;231;145
DRIVE BEAUVAIS;ST QUENTIN;134;85
DRIVE BEAUVAIS;STRASBOURG;554;345
DRIVE BEAUVAIS;TAVERNY;58;60
DRIVE BEAUVAIS;TOMBLAINE;453;295
DRIVE BEAUVAIS;VAL DE REUIL SUPER 1209;91;100
DRIVE BEAUVAIS;VALENCIENNES;181;115
DRIVE BEAUVAIS;VERNEUIL 1 VERGER SUPER 4981;75;60
DRIVE BEAUVAIS;VILLENEUVE 2;195;125
DRIVE BEAUVAIS;VIRY NOUREUIL;103;105
DRIVE BETHUNE;1186 ST QUENTIN SCHUMANN SUPER;102;70
DRIVE BETHUNE;1267 CALAIS DELAROCHE SUPER;78;90
DRIVE BETHUNE;1297 HARNES SUPER;32;45
DRIVE BETHUNE;4313 CANTELEU SUPER;258;165
DRIVE BETHUNE;4536 LILLE WAZEMMES MY AUCHAN;43;45
DRIVE BETHUNE;4926 BILLY BERCLAU SUPER;20;30
DRIVE BETHUNE;4977 RUE SUPER;110;120
DRIVE BETHUNE;914 MARQUETTE LES PARTISANS DU GOUT;45;45
DRIVE BETHUNE;ARRAS;37;45
DRIVE BETHUNE;AUCHAN CITY TOURCOING;56;60
DRIVE BETHUNE;AUCHAN LUXEMBOURG SUPPLY;366;245
DRIVE BETHUNE;BEAUVAIS;187;195
DRIVE BETHUNE;BETHUNE;0;0
DRIVE BETHUNE;BOULOGNE;82;90
DRIVE BETHUNE;CAEN CHRONO 352;383;240
DRIVE BETHUNE;CALAIS;86;90
DRIVE BETHUNE;CAMBRAI;70;75
DRIVE BETHUNE;CERGY;224;145
DRIVE BETHUNE;CERGY CHRONODRIVE 469;228;145
DRIVE BETHUNE;CHERBOURG;499;325
DRIVE BETHUNE;CHRONO AVELIN 4361;41;45
DRIVE BETHUNE;CHRONO BONDUES 4703;51;60
DRIVE BETHUNE;CHRONO COMPIEGNE 4345;151;95
DRIVE BETHUNE;CHRONO COUDEKERQUE 4242;67;75
DRIVE BETHUNE;CHRONO CROIX 4154;54;60
DRIVE BETHUNE;CHRONO ELEU DIT LEAUWETTE 4462;23;30
DRIVE BETHUNE;CHRONO HALLENNES 4167;32;45
DRIVE BETHUNE;CHRONO IFS;380;235
DRIVE BETHUNE;CHRONO LAMBERSART 4424;43;45
DRIVE BETHUNE;CHRONO MARCQ 4128;50;60
DRIVE BETHUNE;CHRONO VALENCIENNES 4370;82;90
DRIVE BETHUNE;CHRONO WASQUEHAL 4303;53;60
DRIVE BETHUNE;CORMEILLES EN PARISIS CHRONODRIVE 413;220;145
DRIVE BETHUNE;DIEPPE;155;165
DRIVE BETHUNE;DIFFERDANGE;346;235
DRIVE BETHUNE;DOUAI;49;60
DRIVE BETHUNE;DRIVE ARRAS;33;45
DRIVE BETHUNE;DRIVE BETHUNE;0;0
DRIVE BETHUNE;DRIVE BOULOGNE;84;60
DRIVE BETHUNE;DRIVE CALAIS;83;90
DRIVE BETHUNE;DRIVE CAMBRAI;70;75
DRIVE BETHUNE;DRIVE CERGY;224;140
DRIVE BETHUNE;DRIVE CHERBOURG;498;320
DRIVE BETHUNE;DRIVE DIEPPE;167;165
DRIVE BETHUNE;DRIVE DOUAI;49;60
DRIVE BETHUNE;DRIVE DUNKERQUE;75;75
DRIVE BETHUNE;DRIVE ENGLOS;36;45
DRIVE BETHUNE;DRIVE FACHES;47;60
DRIVE BETHUNE;DRIVE LEERS;60;60
DRIVE BETHUNE;DRIVE LOUVROIL;115;120
DRIVE BETHUNE;DRIVE NOGENT SUR OISE;170;110
DRIVE BETHUNE;DRIVE NOYELLES;35;45
DRIVE BETHUNE;DRIVE NOYON;132;135
DRIVE BETHUNE;DRIVE OSNY;229;145
DRIVE BETHUNE;DRIVE PETITE FORET;80;90
DRIVE BETHUNE;DRIVE RONCQ;56;60
DRIVE BETHUNE;DRIVE SCHWEIGHOUSE;538;320
DRIVE BETHUNE;DRIVE ST OMER;44;45
DRIVE BETHUNE;DRIVE TAVERNY;221;140
DRIVE BETHUNE;DRIVE VALENCIENNES;82;90
DRIVE BETHUNE;DRIVE VILLENEUVE D'ASCQ;45;45
DRIVE BETHUNE;DUNKERQUE;76;90
DRIVE BETHUNE;DURY;89;90
DRIVE BETHUNE;ENGLOS;36;45
DRIVE BETHUNE;ENT AMIENS BINAT;83;90
DRIVE BETHUNE;ENT AMIENS SAINT SAUVEUR FLEG;119;120
DRIVE BETHUNE;ENT AMIENS SAINT SAUVEUR PF;119;120
DRIVE BETHUNE;ENT AMIENS SUPER POULAINVILLE PGC;96;105
DRIVE BETHUNE;ENT CARVIN FL;37;45
DRIVE BETHUNE;ENT CARVIN PF;37;45
DRIVE BETHUNE;ENT IENA;48;60
DRIVE BETHUNE;ENT IENA1;59;60
DRIVE BETHUNE;ENT IENA2;59;60
DRIVE BETHUNE;ENT MEYZIEU MEDLEY SUD;695;415
DRIVE BETHUNE;ENT SAINGHIN1;52;60
DRIVE BETHUNE;ENT SERRIS 2;227;150
DRIVE BETHUNE;ENT SOCOPAL DIEPPE;162;165
DRIVE BETHUNE;ENT V DHL;192;125
DRIVE BETHUNE;ENT V GEODIS;198;130
DRIVE BETHUNE;FACHES;47;60
DRIVE BETHUNE;FRANQUEVILLE CHRONODRIVE 4475;253;165
DRIVE BETHUNE;HERBLAY CHRONODRIVE 444;224;145
DRIVE BETHUNE;HIRSON;144;150
DRIVE BETHUNE;HOUILLES SUPER 1073;218;140
DRIVE BETHUNE;IFS CHRONODRIVE 4253;379;235
DRIVE BETHUNE;ILLKIRCH;549;330
DRIVE BETHUNE;KIRCHBERG;378;240
DRIVE BETHUNE;LA CLOCHE D'OR;370;235
DRIVE BETHUNE;LA QUEUE LES YVELINES SUPER 1096;256;175
DRIVE BETHUNE;LAXOU;398;265
DRIVE BETHUNE;LE CHESNAY PARLY 2 SUPER 1144;231;160
DRIVE BETHUNE;LE HAVRE;313;200
DRIVE BETHUNE;LEERS;60;60
DRIVE BETHUNE;LES MUREAUX HALLES AUCHAN;244;160
DRIVE BETHUNE;LONGUEIL SAINTE MARIE SUPER 4315;147;150
DRIVE BETHUNE;LOUVROIL;115;120
DRIVE BETHUNE;MAUREPAS SUPER 4492;245;170
DRIVE BETHUNE;MERS LES BAINS;120;120
DRIVE BETHUNE;MERU;213;225
DRIVE BETHUNE;MONT SAINT MARTIN;355;230
DRIVE BETHUNE;MONTIVILLIERS;251;255
DRIVE BETHUNE;NANCY CENTRE;404;275
DRIVE BETHUNE;NOGENT SUR OISE;171;110
DRIVE BETHUNE;NOYELLES GODAULT;36;45
DRIVE BETHUNE;NOYON;132;135
DRIVE BETHUNE;OSNY;229;145
DRIVE BETHUNE;PETITE FORET;80;90
DRIVE BETHUNE;ROISSY;190;120
DRIVE BETHUNE;RONCQ;56;60
DRIVE BETHUNE;SCHWEIGHOUSE;538;320
DRIVE BETHUNE;SEMECOURT;374;225
DRIVE BETHUNE;SOCOPAL;162;165
DRIVE BETHUNE;SOISY;212;140
DRIVE BETHUNE;ST OMER;42;45
DRIVE BETHUNE;ST QUENTIN;100;105
DRIVE BETHUNE;STRASBOURG;547;330
DRIVE BETHUNE;TAVERNY;221;140
DRIVE BETHUNE;TOMBLAINE;445;275
DRIVE BETHUNE;VAL DE REUIL SUPER 1209;280;185
DRIVE BETHUNE;VALENCIENNES;82;90
DRIVE BETHUNE;VERNEUIL 1 VERGER SUPER 4981;239;160
DRIVE BETHUNE;VILLENEUVE 2;46;60
DRIVE BETHUNE;VIRY NOUREUIL;127;135
DRIVE BOULOGNE;1186 ST QUENTIN SCHUMANN SUPER;182;120
DRIVE BOULOGNE;1297 HARNES SUPER;110;80
DRIVE BOULOGNE;4313 CANTELEU SUPER;191;120
DRIVE BOULOGNE;4536 LILLE WAZEMMES MY AUCHAN;115;100
DRIVE BOULOGNE;4926 BILLY BERCLAU SUPER;111;80
DRIVE BOULOGNE;4977 RUE SUPER;68;50
DRIVE BOULOGNE;914 MARQUETTE LES PARTISANS DU GOUT;120;100
DRIVE BOULOGNE;AUCHAN CITY TOURCOING;128;110
DRIVE BOULOGNE;AUCHAN LUXEMBOURG SUPPLY;445;295
DRIVE BOULOGNE;BETHUNE;84;60
DRIVE BOULOGNE;BOULOGNE;20;15
DRIVE BOULOGNE;CAEN CHRONO 352;316;200
DRIVE BOULOGNE;CALAIS;41;45
DRIVE BOULOGNE;CAMBRAI;147;150
DRIVE BOULOGNE;CERGY;240;150
DRIVE BOULOGNE;CERGY CHRONODRIVE 469;245;150
DRIVE BOULOGNE;CHERBOURG;432;280
DRIVE BOULOGNE;CHRONO AVELIN 4361;132;95
DRIVE BOULOGNE;CHRONO BONDUES 4703;125;105
DRIVE BOULOGNE;CHRONO COMPIEGNE 4345;214;145
DRIVE BOULOGNE;CHRONO COUDEKERQUE 4242;80;90
DRIVE BOULOGNE;CHRONO CROIX 4154;125;105
DRIVE BOULOGNE;CHRONO ELEU DIT LEAUWETTE 4462;105;75
DRIVE BOULOGNE;CHRONO HALLENNES 4167;128;90
DRIVE BOULOGNE;CHRONO IFS;313;195
DRIVE BOULOGNE;CHRONO LAMBERSART 4424;112;120
DRIVE BOULOGNE;CHRONO MARCQ 4128;119;100
DRIVE BOULOGNE;CHRONO VALENCIENNES 4370;165;120
DRIVE BOULOGNE;CHRONO WASQUEHAL 4303;122;135
DRIVE BOULOGNE;CORMEILLES EN PARISIS CHRONODRIVE 413;246;155
DRIVE BOULOGNE;DIEPPE;159;115
DRIVE BOULOGNE;DIFFERDANGE;425;290
DRIVE BOULOGNE;DOUAI;131;135
DRIVE BOULOGNE;DRIVE BEAUVAIS;184;110
DRIVE BOULOGNE;DRIVE BETHUNE;84;60
DRIVE BOULOGNE;DRIVE BOULOGNE;0;0
DRIVE BOULOGNE;DRIVE CALAIS;34;45
DRIVE BOULOGNE;DRIVE CAMBRAI;147;150
DRIVE BOULOGNE;DRIVE CERGY;240;145
DRIVE BOULOGNE;DRIVE CHERBOURG;431;275
DRIVE BOULOGNE;DRIVE DIEPPE;146;150
DRIVE BOULOGNE;DRIVE DOUAI;131;135
DRIVE BOULOGNE;DRIVE DUNKERQUE;71;75
DRIVE BOULOGNE;DRIVE DURY;133;80
DRIVE BOULOGNE;DRIVE ENGLOS;106;120
DRIVE BOULOGNE;DRIVE LEERS;129;135
DRIVE BOULOGNE;DRIVE NOGENT SUR OISE;217;135
DRIVE BOULOGNE;DRIVE NOYELLES;116;120
DRIVE BOULOGNE;DRIVE NOYON;193;135
DRIVE BOULOGNE;DRIVE OSNY;223;145
DRIVE BOULOGNE;DRIVE PETITE FORET;157;165
DRIVE BOULOGNE;DRIVE ROISSY;250;155
DRIVE BOULOGNE;DRIVE SCHWEIGHOUSE;614;370
DRIVE BOULOGNE;DRIVE ST OMER;48;60
DRIVE BOULOGNE;DRIVE ST QUENTIN;175;110
DRIVE BOULOGNE;DRIVE TAVERNY;237;145
DRIVE BOULOGNE;DRIVE VALENCIENNES;163;165
DRIVE BOULOGNE;DRIVE VILLENEUVE D'ASCQ;117;100
DRIVE BOULOGNE;DUNKERQUE;72;75
DRIVE BOULOGNE;DURY;126;135
DRIVE BOULOGNE;ENT AMIENS BINAT;125;135
DRIVE BOULOGNE;ENT AMIENS SAINT SAUVEUR FLEG;122;135
DRIVE BOULOGNE;ENT AMIENS SAINT SAUVEUR PF;122;135
DRIVE BOULOGNE;ENT AMIENS SUPER POULAINVILLE PGC;125;135
DRIVE BOULOGNE;ENT CARVIN FL;115;120
DRIVE BOULOGNE;ENT CARVIN PF;115;120
DRIVE BOULOGNE;ENT IENA;120;120
DRIVE BOULOGNE;ENT IENA1;136;95
DRIVE BOULOGNE;ENT IENA2;136;95
DRIVE BOULOGNE;ENT MEYZIEU MEDLEY SUD;771;465
DRIVE BOULOGNE;ENT SAINGHIN1;124;135
DRIVE BOULOGNE;ENT SERRIS 2;286;185
DRIVE BOULOGNE;ENT SOCOPAL DIEPPE;152;165
DRIVE BOULOGNE;ENT V DHL;251;160
DRIVE BOULOGNE;ENT V GEODIS;252;160
DRIVE BOULOGNE;FACHES;119;120
DRIVE BOULOGNE;FRANQUEVILLE CHRONODRIVE 4475;186;120
DRIVE BOULOGNE;HERBLAY CHRONODRIVE 444;239;145
DRIVE BOULOGNE;HIRSON;226;180
DRIVE BOULOGNE;HOUILLES SUPER 1073;252;160
DRIVE BOULOGNE;IFS CHRONODRIVE 4253;312;190
DRIVE BOULOGNE;ILLKIRCH;625;380
DRIVE BOULOGNE;KIRCHBERG;454;285
DRIVE BOULOGNE;LA CLOCHE D'OR;446;280
DRIVE BOULOGNE;LA QUEUE LES YVELINES SUPER 1096;285;190
DRIVE BOULOGNE;LAXOU;475;310
DRIVE BOULOGNE;LE CHESNAY PARLY 2 SUPER 1144;263;175
DRIVE BOULOGNE;LEERS;129;135
DRIVE BOULOGNE;LES MUREAUX HALLES AUCHAN;262;170
DRIVE BOULOGNE;LONGUEIL SAINTE MARIE SUPER 4315;210;140
DRIVE BOULOGNE;LOUVROIL;211;140
DRIVE BOULOGNE;MAUREPAS SUPER 4492;278;185
DRIVE BOULOGNE;MERS LES BAINS;110;120
DRIVE BOULOGNE;MERU;209;125
DRIVE BOULOGNE;MONT SAINT MARTIN;431;275
DRIVE BOULOGNE;MONTIVILLIERS;240;150
DRIVE BOULOGNE;NANCY CENTRE;480;325
DRIVE BOULOGNE;NOGENT SUR OISE;218;135
DRIVE BOULOGNE;NOYELLES GODAULT;117;120
DRIVE BOULOGNE;NOYON;193;135
DRIVE BOULOGNE;OSNY;223;150
DRIVE BOULOGNE;PETITE FORET;157;165
DRIVE BOULOGNE;ROISSY;250;155
DRIVE BOULOGNE;SCHWEIGHOUSE;614;370
DRIVE BOULOGNE;SEMECOURT;450;270
DRIVE BOULOGNE;SOCOPAL;152;165
DRIVE BOULOGNE;SOISY;241;155
DRIVE BOULOGNE;ST OMER;49;60
DRIVE BOULOGNE;ST QUENTIN;175;110
DRIVE BOULOGNE;STRASBOURG;623;375
DRIVE BOULOGNE;TAVERNY;236;145
DRIVE BOULOGNE;TOMBLAINE;521;325
DRIVE BOULOGNE;VAL DE REUIL SUPER 1209;213;140
DRIVE BOULOGNE;VALENCIENNES;163;165
DRIVE BOULOGNE;VERNEUIL 1 VERGER SUPER 4981;254;165
DRIVE BOULOGNE;VILLENEUVE 2;118;120
DRIVE BOULOGNE;VIRY NOUREUIL;204;130
DRIVE CALAIS;1186 ST QUENTIN SCHUMANN SUPER;181;115
DRIVE CALAIS;1267 CALAIS DELAROCHE SUPER;5;15
DRIVE CALAIS;1297 HARNES SUPER;109;75
DRIVE CALAIS;4313 CANTELEU SUPER;218;140
DRIVE CALAIS;4536 LILLE WAZEMMES MY AUCHAN;113;80
DRIVE CALAIS;4926 BILLY BERCLAU SUPER;110;75
DRIVE CALAIS;4977 RUE SUPER;96;65
DRIVE CALAIS;914 MARQUETTE LES PARTISANS DU GOUT;116;120
DRIVE CALAIS;ARRAS;115;120
DRIVE CALAIS;AUCHAN CITY TOURCOING;125;90
DRIVE CALAIS;AUCHAN LUXEMBOURG SUPPLY;436;285
DRIVE CALAIS;BETHUNE;83;90
DRIVE CALAIS;BOULOGNE;37;45
DRIVE CALAIS;CAEN CHRONO 352;343;215
DRIVE CALAIS;CALAIS;1;15
DRIVE CALAIS;CAMBRAI;148;150
DRIVE CALAIS;CERGY;267;165
DRIVE CALAIS;CERGY CHRONODRIVE 469;272;170
DRIVE CALAIS;CHERBOURG;460;300
DRIVE CALAIS;CHRONO AVELIN 4361;125;135
DRIVE CALAIS;CHRONO BONDUES 4703;119;120
DRIVE CALAIS;CHRONO COMPIEGNE 4345;229;145
DRIVE CALAIS;CHRONO COUDEKERQUE 4242;49;60
DRIVE CALAIS;CHRONO CROIX 4154;123;90
DRIVE CALAIS;CHRONO ELEU DIT LEAUWETTE 4462;104;70
DRIVE CALAIS;CHRONO HALLENNES 4167;106;120
DRIVE CALAIS;CHRONO IFS;341;215
DRIVE CALAIS;CHRONO LAMBERSART 4424;110;75
DRIVE CALAIS;CHRONO MARCQ 4128;116;80
DRIVE CALAIS;CHRONO VALENCIENNES 4370;163;115
DRIVE CALAIS;CHRONO WASQUEHAL 4303;122;135
DRIVE CALAIS;CORMEILLES EN PARISIS CHRONODRIVE 413;274;175
DRIVE CALAIS;DIEPPE;186;135
DRIVE CALAIS;DIFFERDANGE;416;280
DRIVE CALAIS;DOUAI;132;135
DRIVE CALAIS;DRIVE BEAUVAIS;211;130
DRIVE CALAIS;DRIVE BETHUNE;83;90
DRIVE CALAIS;DRIVE BOULOGNE;36;45
DRIVE CALAIS;DRIVE CALAIS;0;0
DRIVE CALAIS;DRIVE CAMBRAI;148;150
DRIVE CALAIS;DRIVE CERGY;267;165
DRIVE CALAIS;DRIVE CHERBOURG;458;295
DRIVE CALAIS;DRIVE DIEPPE;186;135
DRIVE CALAIS;DRIVE DOUAI;132;135
DRIVE CALAIS;DRIVE DUNKERQUE;39;45
DRIVE CALAIS;DRIVE DURY;160;100
DRIVE CALAIS;DRIVE ENGLOS;106;120
DRIVE CALAIS;DRIVE FACHES;119;85
DRIVE CALAIS;DRIVE LE HAVRE;274;170
DRIVE CALAIS;DRIVE LEERS;131;135
DRIVE CALAIS;DRIVE LOUVROIL;212;135
DRIVE CALAIS;DRIVE NOGENT SUR OISE;245;155
DRIVE CALAIS;DRIVE NOYELLES;117;80
DRIVE CALAIS;DRIVE NOYON;209;135
DRIVE CALAIS;DRIVE OSNY;250;165
DRIVE CALAIS;DRIVE ROISSY;267;165
DRIVE CALAIS;DRIVE RONCQ;126;135
DRIVE CALAIS;DRIVE SCHWEIGHOUSE;615;365
DRIVE CALAIS;DRIVE ST OMER;45;45
DRIVE CALAIS;DRIVE TAVERNY;264;160
DRIVE CALAIS;DRIVE VALENCIENNES;179;110
DRIVE CALAIS;DRIVE VILLENEUVE D'ASCQ;117;80
DRIVE CALAIS;DUNKERQUE;41;45
DRIVE CALAIS;DURY;164;165
DRIVE CALAIS;ENGLOS;107;120
DRIVE CALAIS;ENT AMIENS BINAT;155;165
DRIVE CALAIS;ENT AMIENS SAINT SAUVEUR FLEG;149;150
DRIVE CALAIS;ENT AMIENS SAINT SAUVEUR PF;149;150
DRIVE CALAIS;ENT AMIENS SUPER POULAINVILLE PGC;151;165
DRIVE CALAIS;ENT CARVIN FL;116;120
DRIVE CALAIS;ENT CARVIN PF;116;120
DRIVE CALAIS;ENT IENA;120;120
DRIVE CALAIS;ENT IENA1;121;135
DRIVE CALAIS;ENT IENA2;121;135
DRIVE CALAIS;ENT MEYZIEU MEDLEY SUD;772;460
DRIVE CALAIS;ENT SAINGHIN1;123;135
DRIVE CALAIS;ENT SERRIS 2;305;195
DRIVE CALAIS;ENT SOCOPAL DIEPPE;179;180
DRIVE CALAIS;ENT V DHL;269;170
DRIVE CALAIS;ENT V GEODIS;276;175
DRIVE CALAIS;FACHES;120;120
DRIVE CALAIS;FRANQUEVILLE CHRONODRIVE 4475;213;140
DRIVE CALAIS;HERBLAY CHRONODRIVE 444;266;165
DRIVE CALAIS;HOUILLES SUPER 1073;279;175
DRIVE CALAIS;IFS CHRONODRIVE 4253;339;210
DRIVE CALAIS;ILLKIRCH;627;375
DRIVE CALAIS;KIRCHBERG;427;275
DRIVE CALAIS;LA CLOCHE D'OR;419;270
DRIVE CALAIS;LA QUEUE LES YVELINES SUPER 1096;313;210
DRIVE CALAIS;LAXOU;476;310
DRIVE CALAIS;LE CHESNAY PARLY 2 SUPER 1144;291;190
DRIVE CALAIS;LE HAVRE;273;170
DRIVE CALAIS;LEERS;131;135
DRIVE CALAIS;LES MUREAUX HALLES AUCHAN;289;185
DRIVE CALAIS;LONGUEIL SAINTE MARIE SUPER 4315;225;140
DRIVE CALAIS;LOUVROIL;197;210
DRIVE CALAIS;MAUREPAS SUPER 4492;305;205
DRIVE CALAIS;MERS LES BAINS;136;100
DRIVE CALAIS;MERU;236;145
DRIVE CALAIS;MONT SAINT MARTIN;404;265
DRIVE CALAIS;MONTIVILLIERS;267;165
DRIVE CALAIS;NANCY CENTRE;482;320
DRIVE CALAIS;NOGENT SUR OISE;245;155
DRIVE CALAIS;NOYELLES GODAULT;118;120
DRIVE CALAIS;NOYON;209;140
DRIVE CALAIS;OSNY;250;165
DRIVE CALAIS;ROISSY;268;165
DRIVE CALAIS;RONCQ;126;135
DRIVE CALAIS;SCHWEIGHOUSE;616;365
DRIVE CALAIS;SEMECOURT;452;270
DRIVE CALAIS;SOCOPAL;179;180
DRIVE CALAIS;SOISY;268;175
DRIVE CALAIS;ST OMER;46;60
DRIVE CALAIS;ST QUENTIN;176;105
DRIVE CALAIS;STRASBOURG;624;375
DRIVE CALAIS;TAVERNY;263;160
DRIVE CALAIS;TOMBLAINE;523;320
DRIVE CALAIS;VAL DE REUIL SUPER 1209;241;160
DRIVE CALAIS;VALENCIENNES;179;110
DRIVE CALAIS;VERNEUIL 1 VERGER SUPER 4981;281;180
DRIVE CALAIS;VILLENEUVE 2;120;120
DRIVE CALAIS;VIRY NOUREUIL;205;130
DRIVE CAMBRAI;1186 ST QUENTIN SCHUMANN SUPER;54;60
DRIVE CAMBRAI;1267 CALAIS DELAROCHE SUPER;148;95
DRIVE CAMBRAI;1297 HARNES SUPER;58;60
DRIVE CAMBRAI;4313 CANTELEU SUPER;223;145
DRIVE CAMBRAI;4536 LILLE WAZEMMES MY AUCHAN;76;60
DRIVE CAMBRAI;4977 RUE SUPER;168;115
DRIVE CAMBRAI;914 MARQUETTE LES PARTISANS DU GOUT;79;90
DRIVE CAMBRAI;ARRAS;52;60
DRIVE CAMBRAI;AUCHAN CITY TOURCOING;84;90
DRIVE CAMBRAI;AUCHAN LUXEMBOURG SUPPLY;311;210
DRIVE CAMBRAI;BEAUVAIS;154;165
DRIVE CAMBRAI;BETHUNE;68;75
DRIVE CAMBRAI;BOULOGNE;147;150
DRIVE CAMBRAI;CAEN CHRONO 352;348;220
DRIVE CAMBRAI;CAMBRAI;0;0
DRIVE CAMBRAI;CERGY;188;125
DRIVE CAMBRAI;CERGY CHRONODRIVE 469;193;130
DRIVE CAMBRAI;CHERBOURG;464;305
DRIVE CAMBRAI;CHRONO AVELIN 4361;68;75
DRIVE CAMBRAI;CHRONO BONDUES 4703;83;90
DRIVE CAMBRAI;CHRONO COMPIEGNE 4345;109;120
DRIVE CAMBRAI;CHRONO COUDEKERQUE 4242;150;105
DRIVE CAMBRAI;CHRONO CROIX 4154;78;90
DRIVE CAMBRAI;CHRONO ELEU DIT LEAUWETTE 4462;63;75
DRIVE CAMBRAI;CHRONO HALLENNES 4167;83;90
DRIVE CAMBRAI;CHRONO IFS;345;220
DRIVE CAMBRAI;CHRONO LAMBERSART 4424;79;90
DRIVE CAMBRAI;CHRONO MARCQ 4128;79;90
DRIVE CAMBRAI;CHRONO VALENCIENNES 4370;29;30
DRIVE CAMBRAI;CHRONO WASQUEHAL 4303;79;90
DRIVE CAMBRAI;CORMEILLES EN PARISIS CHRONODRIVE 413;185;125
DRIVE CAMBRAI;DIEPPE;207;150
DRIVE CAMBRAI;DIFFERDANGE;291;200
DRIVE CAMBRAI;DOUAI;25;30
DRIVE CAMBRAI;DRIVE ARRAS;55;60
DRIVE CAMBRAI;DRIVE BETHUNE;68;75
DRIVE CAMBRAI;DRIVE CALAIS;147;150
DRIVE CAMBRAI;DRIVE CAMBRAI;0;0
DRIVE CAMBRAI;DRIVE CERGY;190;125
DRIVE CAMBRAI;DRIVE CHERBOURG;463;305
DRIVE CAMBRAI;DRIVE DIEPPE;208;210
DRIVE CAMBRAI;DRIVE DOUAI;25;30
DRIVE CAMBRAI;DRIVE DURY;98;65
DRIVE CAMBRAI;DRIVE ENGLOS;82;90
DRIVE CAMBRAI;DRIVE FACHES;72;75
DRIVE CAMBRAI;DRIVE LE HAVRE;279;180
DRIVE CAMBRAI;DRIVE LEERS;82;90
DRIVE CAMBRAI;DRIVE LOUVROIL;61;75
DRIVE CAMBRAI;DRIVE MONTIVILLIERS;270;175
DRIVE CAMBRAI;DRIVE NOGENT SUR OISE;135;90
DRIVE CAMBRAI;DRIVE NOYELLES;55;60
DRIVE CAMBRAI;DRIVE OSNY;194;130
DRIVE CAMBRAI;DRIVE PETITE FORET;31;45
DRIVE CAMBRAI;DRIVE ROISSY;155;100
DRIVE CAMBRAI;DRIVE RONCQ;86;90
DRIVE CAMBRAI;DRIVE SCHWEIGHOUSE;487;295
DRIVE CAMBRAI;DRIVE ST OMER;116;80
DRIVE CAMBRAI;DRIVE ST QUENTIN;49;60
DRIVE CAMBRAI;DRIVE TAVERNY;187;120
DRIVE CAMBRAI;DRIVE VALENCIENNES;28;30
DRIVE CAMBRAI;DUNKERQUE;149;150
DRIVE CAMBRAI;DURY;98;105
DRIVE CAMBRAI;ENGLOS;82;90
DRIVE CAMBRAI;ENT AMIENS BINAT;101;105
DRIVE CAMBRAI;ENT AMIENS SAINT SAUVEUR FLEG;107;120
DRIVE CAMBRAI;ENT AMIENS SAINT SAUVEUR PF;107;120
DRIVE CAMBRAI;ENT AMIENS SUPER POULAINVILLE PGC;102;105
DRIVE CAMBRAI;ENT CARVIN FL;61;75
DRIVE CAMBRAI;ENT CARVIN PF;61;75
DRIVE CAMBRAI;ENT IENA1;75;55
DRIVE CAMBRAI;ENT IENA2;75;55
DRIVE CAMBRAI;ENT MEYZIEU MEDLEY SUD;644;390
DRIVE CAMBRAI;ENT SAINGHIN1;68;75
DRIVE CAMBRAI;ENT SERRIS 2;193;130
DRIVE CAMBRAI;ENT SOCOPAL DIEPPE;185;195
DRIVE CAMBRAI;ENT V DHL;157;105
DRIVE CAMBRAI;ENT V GEODIS;164;110
DRIVE CAMBRAI;FACHES;73;75
DRIVE CAMBRAI;FRANQUEVILLE CHRONODRIVE 4475;218;150
DRIVE CAMBRAI;HERBLAY CHRONODRIVE 444;189;125
DRIVE CAMBRAI;HIRSON;75;75
DRIVE CAMBRAI;HOUILLES SUPER 1073;183;125
DRIVE CAMBRAI;IFS CHRONODRIVE 4253;345;220
DRIVE CAMBRAI;ILLKIRCH;499;305
DRIVE CAMBRAI;KIRCHBERG;308;200
DRIVE CAMBRAI;LA CLOCHE D'OR;300;195
DRIVE CAMBRAI;LA QUEUE LES YVELINES SUPER 1096;222;155
DRIVE CAMBRAI;LAXOU;348;240
DRIVE CAMBRAI;LE CHESNAY PARLY 2 SUPER 1144;197;140
DRIVE CAMBRAI;LE HAVRE;278;180
DRIVE CAMBRAI;LEERS;82;90
DRIVE CAMBRAI;LES MUREAUX HALLES AUCHAN;210;140
DRIVE CAMBRAI;LONGUEIL SAINTE MARIE SUPER 4315;113;75
DRIVE CAMBRAI;LOUVROIL;62;75
DRIVE CAMBRAI;MAUREPAS SUPER 4492;211;150
DRIVE CAMBRAI;MERS LES BAINS;180;130
DRIVE CAMBRAI;MERU;180;180
DRIVE CAMBRAI;MONT SAINT MARTIN;285;190
DRIVE CAMBRAI;MONTIVILLIERS;273;175
DRIVE CAMBRAI;NANCY CENTRE;354;250
DRIVE CAMBRAI;NOGENT SUR OISE;138;150
DRIVE CAMBRAI;NOYELLES GODAULT;55;60
DRIVE CAMBRAI;OSNY;194;130
DRIVE CAMBRAI;PETITE FORET;31;45
DRIVE CAMBRAI;ROISSY;156;100
DRIVE CAMBRAI;RONCQ;86;90
DRIVE CAMBRAI;SCHWEIGHOUSE;488;295
DRIVE CAMBRAI;SEMECOURT;324;195
DRIVE CAMBRAI;SOCOPAL;185;195
DRIVE CAMBRAI;SOISY;178;120
DRIVE CAMBRAI;ST OMER;111;120
DRIVE CAMBRAI;ST QUENTIN;50;60
DRIVE CAMBRAI;STRASBOURG;496;300
DRIVE CAMBRAI;TAVERNY;186;120
DRIVE CAMBRAI;TOMBLAINE;394;250
DRIVE CAMBRAI;VAL DE REUIL SUPER 1209;246;170
DRIVE CAMBRAI;VALENCIENNES;28;30
DRIVE CAMBRAI;VERNEUIL 1 VERGER SUPER 4981;204;140
DRIVE CAMBRAI;VILLENEUVE 2;70;75
DRIVE CAMBRAI;VIRY NOUREUIL;78;90
DRIVE CERGY;1186 ST QUENTIN SCHUMANN SUPER;178;120
DRIVE CERGY;1267 CALAIS DELAROCHE SUPER;271;170
DRIVE CERGY;1297 HARNES SUPER;211;135
DRIVE CERGY;4313 CANTELEU SUPER;122;90
DRIVE CERGY;4536 LILLE WAZEMMES MY AUCHAN;232;150
DRIVE CERGY;4926 BILLY BERCLAU SUPER;224;145
DRIVE CERGY;4977 RUE SUPER;186;120
DRIVE CERGY;914 MARQUETTE LES PARTISANS DU GOUT;236;155
DRIVE CERGY;ARRAS;195;130
DRIVE CERGY;AUCHAN CITY TOURCOING;242;160
DRIVE CERGY;AUCHAN LUXEMBOURG SUPPLY;379;255
DRIVE CERGY;BEAUVAIS;61;75
DRIVE CERGY;BETHUNE;224;140
DRIVE CERGY;BOULOGNE;253;155
DRIVE CERGY;CAEN CHRONO 352;221;145
DRIVE CERGY;CALAIS;267;165
DRIVE CERGY;CAMBRAI;190;125
DRIVE CERGY;CERGY;1;15
DRIVE CERGY;CERGY CHRONODRIVE 469;6;15
DRIVE CERGY;CHERBOURG;340;345
DRIVE CERGY;CHRONO AVELIN 4361;221;140
DRIVE CERGY;CHRONO BONDUES 4703;241;155
DRIVE CERGY;CHRONO COMPIEGNE 4345;87;60
DRIVE CERGY;CHRONO COUDEKERQUE 4242;309;190
DRIVE CERGY;CHRONO CROIX 4154;237;155
DRIVE CERGY;CHRONO ELEU DIT LEAUWETTE 4462;209;135
DRIVE CERGY;CHRONO HALLENNES 4167;231;150
DRIVE CERGY;CHRONO IFS;218;145
DRIVE CERGY;CHRONO LAMBERSART 4424;237;155
DRIVE CERGY;CHRONO MARCQ 4128;239;155
DRIVE CERGY;CHRONO VALENCIENNES 4370;217;140
DRIVE CERGY;CHRONO WASQUEHAL 4303;235;150
DRIVE CERGY;CORMEILLES EN PARISIS CHRONODRIVE 413;16;30
DRIVE CERGY;DIEPPE;179;130
DRIVE CERGY;DIFFERDANGE;367;260
DRIVE CERGY;DRIVE ARRAS;196;135
DRIVE CERGY;DRIVE BETHUNE;224;140
DRIVE CERGY;DRIVE BOULOGNE;240;145
DRIVE CERGY;DRIVE CALAIS;267;165
DRIVE CERGY;DRIVE CAMBRAI;190;125
DRIVE CERGY;DRIVE CERGY;0;0
DRIVE CERGY;DRIVE CHERBOURG;340;345
DRIVE CERGY;DRIVE DIEPPE;180;130
DRIVE CERGY;DRIVE DUNKERQUE;304;190
DRIVE CERGY;DRIVE DURY;116;75
DRIVE CERGY;DRIVE ENGLOS;238;155
DRIVE CERGY;DRIVE FACHES;223;145
DRIVE CERGY;DRIVE LE HAVRE;186;130
DRIVE CERGY;DRIVE LEERS;241;160
DRIVE CERGY;DRIVE LOUVROIL;249;165
DRIVE CERGY;DRIVE MONTIVILLIERS;180;125
DRIVE CERGY;DRIVE NOGENT SUR OISE;57;60
DRIVE CERGY;DRIVE NOYELLES;201;130
DRIVE CERGY;DRIVE NOYON;118;120
DRIVE CERGY;DRIVE OSNY;6;15
DRIVE CERGY;DRIVE PETITE FORET;217;140
DRIVE CERGY;DRIVE ROISSY;42;45
DRIVE CERGY;DRIVE RONCQ;243;160
DRIVE CERGY;DRIVE SCHWEIGHOUSE;514;320
DRIVE CERGY;DRIVE ST OMER;266;170
DRIVE CERGY;DRIVE ST QUENTIN;173;115
DRIVE CERGY;DRIVE TAVERNY;16;30
DRIVE CERGY;DRIVE VALENCIENNES;215;140
DRIVE CERGY;DRIVE VILLENEUVE D'ASCQ;230;150
DRIVE CERGY;DUNKERQUE;304;190
DRIVE CERGY;DURY;115;120
DRIVE CERGY;ENGLOS;237;155
DRIVE CERGY;ENT AMIENS SAINT SAUVEUR FLEG;126;135
DRIVE CERGY;ENT AMIENS SAINT SAUVEUR PF;126;135
DRIVE CERGY;ENT AMIENS SUPER POULAINVILLE PGC;128;135
DRIVE CERGY;ENT CARVIN FL;213;140
DRIVE CERGY;ENT CARVIN PF;213;140
DRIVE CERGY;ENT IENA;225;145
DRIVE CERGY;ENT IENA1;225;145
DRIVE CERGY;ENT IENA2;225;145
DRIVE CERGY;ENT MEYZIEU MEDLEY SUD;509;335
DRIVE CERGY;ENT SAINGHIN1;228;150
DRIVE CERGY;ENT SERRIS 1;69;75
DRIVE CERGY;ENT SERRIS 2;69;75
DRIVE CERGY;ENT V DHL;68;75
DRIVE CERGY;ENT V GEODIS;68;75
DRIVE CERGY;FACHES;223;145
DRIVE CERGY;FRANQUEVILLE CHRONODRIVE 4475;82;90
DRIVE CERGY;HERBLAY CHRONODRIVE 444;10;15
DRIVE CERGY;HIRSON;210;180
DRIVE CERGY;HOUILLES SUPER 1073;28;30
DRIVE CERGY;IFS CHRONODRIVE 4253;219;145
DRIVE CERGY;ILLKIRCH;525;330
DRIVE CERGY;KIRCHBERG;395;260
DRIVE CERGY;LA CLOCHE D'OR;387;255
DRIVE CERGY;LA QUEUE LES YVELINES SUPER 1096;55;60
DRIVE CERGY;LAXOU;374;265
DRIVE CERGY;LE CHESNAY PARLY 2 SUPER 1144;30;30
DRIVE CERGY;LE HAVRE;185;130
DRIVE CERGY;LEERS;241;160
DRIVE CERGY;LES MUREAUX HALLES AUCHAN;22;30
DRIVE CERGY;LONGUEIL SAINTE MARIE SUPER 4315;82;65
DRIVE CERGY;LOUVROIL;248;165
DRIVE CERGY;MAUREPAS SUPER 4492;44;45
DRIVE CERGY;MERU;25;30
DRIVE CERGY;MONT SAINT MARTIN;364;255
DRIVE CERGY;MONTIVILLIERS;180;125
DRIVE CERGY;NANCY CENTRE;380;275
DRIVE CERGY;NOGENT SUR OISE;55;60
DRIVE CERGY;NOYELLES GODAULT;202;130
DRIVE CERGY;NOYON;118;120
DRIVE CERGY;OSNY;6;15
DRIVE CERGY;PETITE FORET;216;140
DRIVE CERGY;ROISSY;42;45
DRIVE CERGY;RONCQ;242;160
DRIVE CERGY;SCHWEIGHOUSE;514;320
DRIVE CERGY;SEMECOURT;350;220
DRIVE CERGY;SOISY;22;30
DRIVE CERGY;ST OMER;266;170
DRIVE CERGY;ST QUENTIN;173;115
DRIVE CERGY;STRASBOURG;523;325
DRIVE CERGY;TAVERNY;16;30
DRIVE CERGY;TOMBLAINE;421;275
DRIVE CERGY;VAL DE REUIL SUPER 1209;95;105
DRIVE CERGY;VALENCIENNES;215;140
DRIVE CERGY;VERNEUIL 1 VERGER SUPER 4981;20;30
DRIVE CERGY;VILLENEUVE 2;230;150
DRIVE CERGY;VIRY NOUREUIL;138;105
DRIVE CHERBOURG;1186 ST QUENTIN SCHUMANN SUPER;448;295
DRIVE CHERBOURG;1267 CALAIS DELAROCHE SUPER;462;300
DRIVE CHERBOURG;1297 HARNES SUPER;485;315
DRIVE CHERBOURG;4313 CANTELEU SUPER;247;170
DRIVE CHERBOURG;4536 LILLE WAZEMMES MY AUCHAN;505;330
DRIVE CHERBOURG;4926 BILLY BERCLAU SUPER;498;325
DRIVE CHERBOURG;4977 RUE SUPER;378;250
DRIVE CHERBOURG;914 MARQUETTE LES PARTISANS DU GOUT;510;335
DRIVE CHERBOURG;AUCHAN CITY TOURCOING;516;340
DRIVE CHERBOURG;AUCHAN LUXEMBOURG SUPPLY;706;465
DRIVE CHERBOURG;BEAUVAIS;329;255
DRIVE CHERBOURG;BETHUNE;497;320
DRIVE CHERBOURG;BOULOGNE;444;285
DRIVE CHERBOURG;CALAIS;458;295
DRIVE CHERBOURG;CAMBRAI;463;305
DRIVE CHERBOURG;CERGY;338;230
DRIVE CHERBOURG;CERGY CHRONODRIVE 469;332;225
DRIVE CHERBOURG;CHERBOURG;0;0
DRIVE CHERBOURG;CHRONO AVELIN 4361;494;320
DRIVE CHERBOURG;CHRONO BONDUES 4703;515;335
DRIVE CHERBOURG;CHRONO COMPIEGNE 4345;421;280
DRIVE CHERBOURG;CHRONO COUDEKERQUE 4242;500;325
DRIVE CHERBOURG;CHRONO CROIX 4154;510;335
DRIVE CHERBOURG;CHRONO ELEU DIT LEAUWETTE 4462;482;315
DRIVE CHERBOURG;CHRONO HALLENNES 4167;504;330
DRIVE CHERBOURG;CHRONO IFS;125;90
DRIVE CHERBOURG;CHRONO LAMBERSART 4424;510;335
DRIVE CHERBOURG;CHRONO MARCQ 4128;513;335
DRIVE CHERBOURG;CHRONO VALENCIENNES 4370;491;320
DRIVE CHERBOURG;CHRONO WASQUEHAL 4303;508;330
DRIVE CHERBOURG;CORMEILLES EN PARISIS CHRONODRIVE 413;347;230
DRIVE CHERBOURG;DIEPPE;288;300
DRIVE CHERBOURG;DIFFERDANGE;694;470
DRIVE CHERBOURG;DOUAI;481;315
DRIVE CHERBOURG;DRIVE BEAUVAIS;330;255
DRIVE CHERBOURG;DRIVE BETHUNE;498;320
DRIVE CHERBOURG;DRIVE BOULOGNE;431;275
DRIVE CHERBOURG;DRIVE CALAIS;458;295
DRIVE CHERBOURG;DRIVE CAMBRAI;463;305
DRIVE CHERBOURG;DRIVE CHERBOURG;0;0
DRIVE CHERBOURG;DRIVE DIEPPE;302;205
DRIVE CHERBOURG;DRIVE DOUAI;482;315
DRIVE CHERBOURG;DRIVE DUNKERQUE;497;320
DRIVE CHERBOURG;DRIVE DURY;370;240
DRIVE CHERBOURG;DRIVE ENGLOS;514;335
DRIVE CHERBOURG;DRIVE FACHES;499;320
DRIVE CHERBOURG;DRIVE LE HAVRE;217;155
DRIVE CHERBOURG;DRIVE LEERS;517;340
DRIVE CHERBOURG;DRIVE LOUVROIL;525;340
DRIVE CHERBOURG;DRIVE MONTIVILLIERS;211;150
DRIVE CHERBOURG;DRIVE NOGENT SUR OISE;409;275
DRIVE CHERBOURG;DRIVE NOYELLES;477;310
DRIVE CHERBOURG;DRIVE OSNY;341;230
DRIVE CHERBOURG;DRIVE PETITE FORET;493;320
DRIVE CHERBOURG;DRIVE ROISSY;369;250
DRIVE CHERBOURG;DRIVE RONCQ;490;495
DRIVE CHERBOURG;DRIVE SCHWEIGHOUSE;841;530
DRIVE CHERBOURG;DRIVE ST QUENTIN;444;290
DRIVE CHERBOURG;DRIVE TAVERNY;351;240
DRIVE CHERBOURG;DRIVE VALENCIENNES;491;315
DRIVE CHERBOURG;DRIVE VILLENEUVE D'ASCQ;476;480
DRIVE CHERBOURG;DUNKERQUE;497;320
DRIVE CHERBOURG;ENGLOS;513;335
DRIVE CHERBOURG;ENT AMIENS BINAT;368;375
DRIVE CHERBOURG;ENT AMIENS SAINT SAUVEUR FLEG;370;375
DRIVE CHERBOURG;ENT AMIENS SAINT SAUVEUR PF;370;375
DRIVE CHERBOURG;ENT AMIENS SUPER POULAINVILLE PGC;373;375
DRIVE CHERBOURG;ENT IENA;471;480
DRIVE CHERBOURG;ENT IENA1;501;325
DRIVE CHERBOURG;ENT IENA2;501;325
DRIVE CHERBOURG;ENT MEYZIEU MEDLEY SUD;821;520
DRIVE CHERBOURG;ENT SAINGHIN1;475;480
DRIVE CHERBOURG;ENT SERRIS 2;396;270
DRIVE CHERBOURG;ENT SOCOPAL DIEPPE;282;285
DRIVE CHERBOURG;ENT V DHL;371;250
DRIVE CHERBOURG;ENT V GEODIS;363;250
DRIVE CHERBOURG;FACHES;470;480
DRIVE CHERBOURG;FRANQUEVILLE CHRONODRIVE 4475;250;175
DRIVE CHERBOURG;HERBLAY CHRONODRIVE 444;346;235
DRIVE CHERBOURG;HIRSON;516;365
DRIVE CHERBOURG;HOUILLES SUPER 1073;344;225
DRIVE CHERBOURG;IFS CHRONODRIVE 4253;125;90
DRIVE CHERBOURG;ILLKIRCH;853;540
DRIVE CHERBOURG;KIRCHBERG;722;475
DRIVE CHERBOURG;LA CLOCHE D'OR;714;470
DRIVE CHERBOURG;LA QUEUE LES YVELINES SUPER 1096;322;225
DRIVE CHERBOURG;LAXOU;702;475
DRIVE CHERBOURG;LE CHESNAY PARLY 2 SUPER 1144;338;220
DRIVE CHERBOURG;LE HAVRE;212;225
DRIVE CHERBOURG;LEERS;517;340
DRIVE CHERBOURG;LES MUREAUX HALLES AUCHAN;316;205
DRIVE CHERBOURG;LONGUEIL SAINTE MARIE SUPER 4315;417;280
DRIVE CHERBOURG;LOUVROIL;524;340
DRIVE CHERBOURG;MAUREPAS SUPER 4492;351;230
DRIVE CHERBOURG;MERS LES BAINS;322;330
DRIVE CHERBOURG;MERU;356;255
DRIVE CHERBOURG;MONT SAINT MARTIN;691;465
DRIVE CHERBOURG;MONTIVILLIERS;205;210
DRIVE CHERBOURG;NANCY CENTRE;707;485
DRIVE CHERBOURG;NOYELLES GODAULT;478;310
DRIVE CHERBOURG;NOYON;437;300
DRIVE CHERBOURG;OSNY;341;235
DRIVE CHERBOURG;PETITE FORET;492;320
DRIVE CHERBOURG;RONCQ;490;495
DRIVE CHERBOURG;SCHWEIGHOUSE;841;530
DRIVE CHERBOURG;SEMECOURT;678;435
DRIVE CHERBOURG;SOCOPAL;282;285
DRIVE CHERBOURG;SOISY;354;360
DRIVE CHERBOURG;ST OMER;480;315
DRIVE CHERBOURG;ST QUENTIN;444;290
DRIVE CHERBOURG;STRASBOURG;850;540
DRIVE CHERBOURG;TAVERNY;351;240
DRIVE CHERBOURG;TOMBLAINE;748;485
DRIVE CHERBOURG;VAL DE REUIL SUPER 1209;253;170
DRIVE CHERBOURG;VALENCIENNES;491;315
DRIVE CHERBOURG;VERNEUIL 1 VERGER SUPER 4981;321;215
DRIVE CHERBOURG;VILLENEUVE 2;506;330
DRIVE CHERBOURG;VIRY NOUREUIL;469;305
DRIVE DIEPPE;1186 ST QUENTIN SCHUMANN SUPER;192;140
DRIVE DIEPPE;1267 CALAIS DELAROCHE SUPER;190;140
DRIVE DIEPPE;1297 HARNES SUPER;228;160
DRIVE DIEPPE;4313 CANTELEU SUPER;61;75
DRIVE DIEPPE;4536 LILLE WAZEMMES MY AUCHAN;249;175
DRIVE DIEPPE;4926 BILLY BERCLAU SUPER;241;170
DRIVE DIEPPE;4977 RUE SUPER;76;90
DRIVE DIEPPE;914 MARQUETTE LES PARTISANS DU GOUT;253;180
DRIVE DIEPPE;ARRAS;176;155
DRIVE DIEPPE;AUCHAN CITY TOURCOING;259;185
DRIVE DIEPPE;AUCHAN LUXEMBOURG SUPPLY;488;325
DRIVE DIEPPE;BEAUVAIS;108;115
DRIVE DIEPPE;BETHUNE;167;165
DRIVE DIEPPE;CAEN CHRONO 352;186;125
DRIVE DIEPPE;CALAIS;186;135
DRIVE DIEPPE;CERGY;181;135
DRIVE DIEPPE;CERGY CHRONODRIVE 469;174;130
DRIVE DIEPPE;CHERBOURG;302;205
DRIVE DIEPPE;CHRONO AVELIN 4361;238;165
DRIVE DIEPPE;CHRONO BONDUES 4703;258;180
DRIVE DIEPPE;CHRONO COMPIEGNE 4345;199;150
DRIVE DIEPPE;CHRONO COUDEKERQUE 4242;228;160
DRIVE DIEPPE;CHRONO CROIX 4154;254;180
DRIVE DIEPPE;CHRONO ELEU DIT LEAUWETTE 4462;225;160
DRIVE DIEPPE;CHRONO HALLENNES 4167;248;175
DRIVE DIEPPE;CHRONO IFS;183;120
DRIVE DIEPPE;CHRONO LAMBERSART 4424;254;180
DRIVE DIEPPE;CHRONO MARCQ 4128;256;180
DRIVE DIEPPE;CHRONO VALENCIENNES 4370;234;165
DRIVE DIEPPE;CHRONO WASQUEHAL 4303;252;175
DRIVE DIEPPE;CORMEILLES EN PARISIS CHRONODRIVE 413;189;135
DRIVE DIEPPE;DIEPPE;3;15
DRIVE DIEPPE;DIFFERDANGE;477;330
DRIVE DIEPPE;DOUAI;224;160
DRIVE DIEPPE;DRIVE ARRAS;175;150
DRIVE DIEPPE;DRIVE BEAUVAIS;108;115
DRIVE DIEPPE;DRIVE BETHUNE;167;165
DRIVE DIEPPE;DRIVE BOULOGNE;143;150
DRIVE DIEPPE;DRIVE CALAIS;186;135
DRIVE DIEPPE;DRIVE CERGY;180;130
DRIVE DIEPPE;DRIVE CHERBOURG;302;205
DRIVE DIEPPE;DRIVE DIEPPE;0;0
DRIVE DIEPPE;DRIVE DOUAI;225;160
DRIVE DIEPPE;DRIVE DUNKERQUE;223;160
DRIVE DIEPPE;DRIVE DURY;113;85
DRIVE DIEPPE;DRIVE ENGLOS;258;180
DRIVE DIEPPE;DRIVE FACHES;242;165
DRIVE DIEPPE;DRIVE LE HAVRE;117;120
DRIVE DIEPPE;DRIVE LEERS;260;185
DRIVE DIEPPE;DRIVE LOUVROIL;268;185
DRIVE DIEPPE;DRIVE MONTIVILLIERS;113;120
DRIVE DIEPPE;DRIVE NOGENT SUR OISE;197;140
DRIVE DIEPPE;DRIVE NOYELLES;220;155
DRIVE DIEPPE;DRIVE NOYON;180;145
DRIVE DIEPPE;DRIVE OSNY;183;135
DRIVE DIEPPE;DRIVE PETITE FORET;236;165
DRIVE DIEPPE;DRIVE ROISSY;212;150
DRIVE DIEPPE;DRIVE RONCQ;265;270
DRIVE DIEPPE;DRIVE SCHWEIGHOUSE;623;390
DRIVE DIEPPE;DRIVE ST OMER;206;155
DRIVE DIEPPE;DRIVE ST QUENTIN;188;135
DRIVE DIEPPE;DRIVE TAVERNY;194;145
DRIVE DIEPPE;DRIVE VALENCIENNES;236;240
DRIVE DIEPPE;DRIVE VILLENEUVE D'ASCQ;249;175
DRIVE DIEPPE;DUNKERQUE;224;160
DRIVE DIEPPE;DURY;115;120
DRIVE DIEPPE;ENGLOS;257;180
DRIVE DIEPPE;ENT AMIENS BINAT;120;120
DRIVE DIEPPE;ENT AMIENS SAINT SAUVEUR FLEG;117;120
DRIVE DIEPPE;ENT AMIENS SAINT SAUVEUR PF;117;120
DRIVE DIEPPE;ENT AMIENS SUPER POULAINVILLE PGC;119;120
DRIVE DIEPPE;ENT CARVIN FL;179;180
DRIVE DIEPPE;ENT CARVIN PF;179;180
DRIVE DIEPPE;ENT IENA1;244;170
DRIVE DIEPPE;ENT IENA2;244;170
DRIVE DIEPPE;ENT MEYZIEU MEDLEY SUD;664;425
DRIVE DIEPPE;ENT SERRIS 2;238;175
DRIVE DIEPPE;ENT V DHL;213;155
DRIVE DIEPPE;ENT V GEODIS;205;150
DRIVE DIEPPE;FACHES;243;165
DRIVE DIEPPE;FRANQUEVILLE CHRONODRIVE 4475;73;75
DRIVE DIEPPE;HERBLAY CHRONODRIVE 444;188;140
DRIVE DIEPPE;HIRSON;259;210
DRIVE DIEPPE;HOUILLES SUPER 1073;186;130
DRIVE DIEPPE;IFS CHRONODRIVE 4253;184;120
DRIVE DIEPPE;ILLKIRCH;634;400
DRIVE DIEPPE;KIRCHBERG;504;330
DRIVE DIEPPE;LA CLOCHE D'OR;496;325
DRIVE DIEPPE;LA QUEUE LES YVELINES SUPER 1096;165;130
DRIVE DIEPPE;LAXOU;483;330
DRIVE DIEPPE;LE CHESNAY PARLY 2 SUPER 1144;181;125
DRIVE DIEPPE;LE HAVRE;119;120
DRIVE DIEPPE;LEERS;260;185
DRIVE DIEPPE;LES MUREAUX HALLES AUCHAN;158;110
DRIVE DIEPPE;LONGUEIL SAINTE MARIE SUPER 4315;197;145
DRIVE DIEPPE;LOUVROIL;268;185
DRIVE DIEPPE;MAUREPAS SUPER 4492;193;135
DRIVE DIEPPE;MERS LES BAINS;35;45
DRIVE DIEPPE;MERU;189;130
DRIVE DIEPPE;MONT SAINT MARTIN;488;325
DRIVE DIEPPE;MONTIVILLIERS;113;120
DRIVE DIEPPE;NANCY CENTRE;489;345
DRIVE DIEPPE;NOGENT SUR OISE;198;140
DRIVE DIEPPE;NOYELLES GODAULT;221;155
DRIVE DIEPPE;NOYON;180;145
DRIVE DIEPPE;OSNY;183;135
DRIVE DIEPPE;PETITE FORET;236;165
DRIVE DIEPPE;ROISSY;212;150
DRIVE DIEPPE;RONCQ;265;270
DRIVE DIEPPE;SCHWEIGHOUSE;623;390
DRIVE DIEPPE;SEMECOURT;459;290
DRIVE DIEPPE;SOISY;197;140
DRIVE DIEPPE;ST OMER;206;155
DRIVE DIEPPE;ST QUENTIN;188;135
DRIVE DIEPPE;STRASBOURG;632;395
DRIVE DIEPPE;TAVERNY;193;145
DRIVE DIEPPE;TOMBLAINE;530;345
DRIVE DIEPPE;VAL DE REUIL SUPER 1209;97;105
DRIVE DIEPPE;VALENCIENNES;236;240
DRIVE DIEPPE;VERNEUIL 1 VERGER SUPER 4981;164;120
DRIVE DIEPPE;VILLENEUVE 2;249;175
DRIVE DIEPPE;VIRY NOUREUIL;213;150
DRIVE DOUAI;1267 CALAIS DELAROCHE SUPER;128;85
DRIVE DOUAI;1297 HARNES SUPER;25;30
DRIVE DOUAI;4313 CANTELEU SUPER;240;160
DRIVE DOUAI;4536 LILLE WAZEMMES MY AUCHAN;45;40
DRIVE DOUAI;4926 BILLY BERCLAU SUPER;36;45
DRIVE DOUAI;4977 RUE SUPER;122;115
DRIVE DOUAI;914 MARQUETTE LES PARTISANS DU GOUT;48;60
DRIVE DOUAI;ARRAS;31;45
DRIVE DOUAI;AUCHAN CITY TOURCOING;55;60
DRIVE DOUAI;AUCHAN LUXEMBOURG SUPPLY;323;215
DRIVE DOUAI;BETHUNE;51;60
DRIVE DOUAI;BOULOGNE;129;135
DRIVE DOUAI;CAEN CHRONO 352;365;235
DRIVE DOUAI;CALAIS;133;135
DRIVE DOUAI;CAMBRAI;26;30
DRIVE DOUAI;CERGY;206;140
DRIVE DOUAI;CERGY CHRONODRIVE 469;211;140
DRIVE DOUAI;CHERBOURG;482;315
DRIVE DOUAI;CHRONO AVELIN 4361;27;30
DRIVE DOUAI;CHRONO BONDUES 4703;55;60
DRIVE DOUAI;CHRONO COUDEKERQUE 4242;109;120
DRIVE DOUAI;CHRONO CROIX 4154;52;60
DRIVE DOUAI;CHRONO ELEU DIT LEAUWETTE 4462;30;30
DRIVE DOUAI;CHRONO HALLENNES 4167;43;45
DRIVE DOUAI;CHRONO IFS;362;230
DRIVE DOUAI;CHRONO LAMBERSART 4424;47;60
DRIVE DOUAI;CHRONO MARCQ 4128;51;60
DRIVE DOUAI;CHRONO VALENCIENNES 4370;42;45
DRIVE DOUAI;CHRONO WASQUEHAL 4303;51;60
DRIVE DOUAI;CORMEILLES EN PARISIS CHRONODRIVE 413;202;140
DRIVE DOUAI;DIEPPE;224;225
DRIVE DOUAI;DIFFERDANGE;303;205
DRIVE DOUAI;DOUAI;0;0
DRIVE DOUAI;DRIVE ARRAS;32;45
DRIVE DOUAI;DRIVE BEAUVAIS;171;115
DRIVE DOUAI;DRIVE BETHUNE;51;60
DRIVE DOUAI;DRIVE BOULOGNE;132;135
DRIVE DOUAI;DRIVE CALAIS;130;135
DRIVE DOUAI;DRIVE CAMBRAI;26;30
DRIVE DOUAI;DRIVE CERGY;200;210
DRIVE DOUAI;DRIVE CHERBOURG;482;315
DRIVE DOUAI;DRIVE DIEPPE;225;160
DRIVE DOUAI;DRIVE DOUAI;0;0
DRIVE DOUAI;DRIVE DURY;115;120
DRIVE DOUAI;DRIVE ENGLOS;52;60
DRIVE DOUAI;DRIVE FACHES;36;45
DRIVE DOUAI;DRIVE LE HAVRE;296;195
DRIVE DOUAI;DRIVE LEERS;52;60
DRIVE DOUAI;DRIVE LOUVROIL;75;75
DRIVE DOUAI;DRIVE MONTIVILLIERS;287;190
DRIVE DOUAI;DRIVE NOGENT SUR OISE;152;105
DRIVE DOUAI;DRIVE NOYELLES;21;30
DRIVE DOUAI;DRIVE NOYON;107;120
DRIVE DOUAI;DRIVE OSNY;211;140
DRIVE DOUAI;DRIVE PETITE FORET;44;45
DRIVE DOUAI;DRIVE ROISSY;173;115
DRIVE DOUAI;DRIVE RONCQ;56;60
DRIVE DOUAI;DRIVE SCHWEIGHOUSE;505;310
DRIVE DOUAI;DRIVE ST QUENTIN;66;75
DRIVE DOUAI;DRIVE TAVERNY;204;135
DRIVE DOUAI;DRIVE VALENCIENNES;42;45
DRIVE DOUAI;DRIVE VILLENEUVE D'ASCQ;40;45
DRIVE DOUAI;DUNKERQUE;118;120
DRIVE DOUAI;DURY;87;90
DRIVE DOUAI;ENGLOS;52;60
DRIVE DOUAI;ENT AMIENS BINAT;83;90
DRIVE DOUAI;ENT AMIENS SAINT SAUVEUR FLEG;123;135
DRIVE DOUAI;ENT AMIENS SAINT SAUVEUR PF;123;135
DRIVE DOUAI;ENT AMIENS SUPER POULAINVILLE PGC;119;120
DRIVE DOUAI;ENT CARVIN FL;27;30
DRIVE DOUAI;ENT CARVIN PF;27;30
DRIVE DOUAI;ENT IENA;37;45
DRIVE DOUAI;ENT IENA1;38;45
DRIVE DOUAI;ENT IENA2;38;45
DRIVE DOUAI;ENT MEYZIEU MEDLEY SUD;661;405
DRIVE DOUAI;ENT SAINGHIN1;41;45
DRIVE DOUAI;ENT SERRIS 1;215;225
DRIVE DOUAI;ENT SERRIS 2;210;145
DRIVE DOUAI;ENT SOCOPAL DIEPPE;201;210
DRIVE DOUAI;ENT V DHL;231;240
DRIVE DOUAI;ENT V GEODIS;231;240
DRIVE DOUAI;FACHES;36;45
DRIVE DOUAI;FRANQUEVILLE CHRONODRIVE 4475;236;160
DRIVE DOUAI;HERBLAY CHRONODRIVE 444;207;140
DRIVE DOUAI;HIRSON;96;105
DRIVE DOUAI;HOUILLES SUPER 1073;201;140
DRIVE DOUAI;IFS CHRONODRIVE 4253;362;230
DRIVE DOUAI;ILLKIRCH;516;320
DRIVE DOUAI;KIRCHBERG;319;205
DRIVE DOUAI;LA CLOCHE D'OR;310;200
DRIVE DOUAI;LA QUEUE LES YVELINES SUPER 1096;239;170
DRIVE DOUAI;LAXOU;365;255
DRIVE DOUAI;LE CHESNAY PARLY 2 SUPER 1144;214;155
DRIVE DOUAI;LE HAVRE;270;270
DRIVE DOUAI;LEERS;52;60
DRIVE DOUAI;LES MUREAUX HALLES AUCHAN;227;155
DRIVE DOUAI;LONGUEIL SAINTE MARIE SUPER 4315;130;90
DRIVE DOUAI;LOUVROIL;75;75
DRIVE DOUAI;MAUREPAS SUPER 4492;228;165
DRIVE DOUAI;MERS LES BAINS;138;150
DRIVE DOUAI;MONT SAINT MARTIN;296;195
DRIVE DOUAI;MONTIVILLIERS;260;270
DRIVE DOUAI;NANCY CENTRE;371;265
DRIVE DOUAI;NOGENT SUR OISE;154;165
DRIVE DOUAI;NOYELLES GODAULT;15;15
DRIVE DOUAI;NOYON;107;120
DRIVE DOUAI;OSNY;212;145
DRIVE DOUAI;PETITE FORET;44;45
DRIVE DOUAI;RONCQ;56;60
DRIVE DOUAI;SCHWEIGHOUSE;505;310
DRIVE DOUAI;SEMECOURT;341;215
DRIVE DOUAI;SOCOPAL;201;210
DRIVE DOUAI;SOISY;195;135
DRIVE DOUAI;ST OMER;90;90
DRIVE DOUAI;ST QUENTIN;62;75
DRIVE DOUAI;STRASBOURG;513;320
DRIVE DOUAI;TAVERNY;204;135
DRIVE DOUAI;TOMBLAINE;412;265
DRIVE DOUAI;VAL DE REUIL SUPER 1209;263;180
DRIVE DOUAI;VALENCIENNES;42;45
DRIVE DOUAI;VERNEUIL 1 VERGER SUPER 4981;222;155
DRIVE DOUAI;VILLENEUVE 2;41;45
DRIVE DOUAI;VIRY NOUREUIL;95;105
DRIVE DUNKERQUE;1186 ST QUENTIN SCHUMANN SUPER;180;125
DRIVE DUNKERQUE;1267 CALAIS DELAROCHE SUPER;34;45
DRIVE DUNKERQUE;1297 HARNES SUPER;97;75
DRIVE DUNKERQUE;4313 CANTELEU SUPER;255;165
DRIVE DUNKERQUE;4536 LILLE WAZEMMES MY AUCHAN;76;55
DRIVE DUNKERQUE;4977 RUE SUPER;133;90
DRIVE DUNKERQUE;914 MARQUETTE LES PARTISANS DU GOUT;79;90
DRIVE DUNKERQUE;ARRAS;117;120
DRIVE DUNKERQUE;AUCHAN LUXEMBOURG SUPPLY;400;260
DRIVE DUNKERQUE;BEAUVAIS;248;155
DRIVE DUNKERQUE;BETHUNE;83;90
DRIVE DUNKERQUE;BOULOGNE;70;75
DRIVE DUNKERQUE;CAEN CHRONO 352;380;240
DRIVE DUNKERQUE;CALAIS;41;45
DRIVE DUNKERQUE;CAMBRAI;148;150
DRIVE DUNKERQUE;CERGY;304;190
DRIVE DUNKERQUE;CERGY CHRONODRIVE 469;309;195
DRIVE DUNKERQUE;CHERBOURG;497;320
DRIVE DUNKERQUE;CHRONO AVELIN 4361;89;65
DRIVE DUNKERQUE;CHRONO BONDUES 4703;86;60
DRIVE DUNKERQUE;CHRONO COMPIEGNE 4345;223;225
DRIVE DUNKERQUE;CHRONO COUDEKERQUE 4242;12;15
DRIVE DUNKERQUE;CHRONO CROIX 4154;85;90
DRIVE DUNKERQUE;CHRONO ELEU DIT LEAUWETTE 4462;100;75
DRIVE DUNKERQUE;CHRONO HALLENNES 4167;72;50
DRIVE DUNKERQUE;CHRONO IFS;378;235
DRIVE DUNKERQUE;CHRONO LAMBERSART 4424;74;50
DRIVE DUNKERQUE;CHRONO MARCQ 4128;81;90
DRIVE DUNKERQUE;CHRONO VALENCIENNES 4370;126;90
DRIVE DUNKERQUE;CHRONO WASQUEHAL 4303;85;90
DRIVE DUNKERQUE;CORMEILLES EN PARISIS CHRONODRIVE 413;311;200
DRIVE DUNKERQUE;DIEPPE;223;160
DRIVE DUNKERQUE;DIFFERDANGE;380;255
DRIVE DUNKERQUE;DOUAI;117;120
DRIVE DUNKERQUE;DRIVE ARRAS;117;120
DRIVE DUNKERQUE;DRIVE BEAUVAIS;248;155
DRIVE DUNKERQUE;DRIVE BETHUNE;83;90
DRIVE DUNKERQUE;DRIVE BOULOGNE;68;75
DRIVE DUNKERQUE;DRIVE CALAIS;39;45
DRIVE DUNKERQUE;DRIVE CAMBRAI;148;150
DRIVE DUNKERQUE;DRIVE CERGY;304;190
DRIVE DUNKERQUE;DRIVE CHERBOURG;497;320
DRIVE DUNKERQUE;DRIVE DIEPPE;223;160
DRIVE DUNKERQUE;DRIVE DOUAI;117;120
DRIVE DUNKERQUE;DRIVE DUNKERQUE;0;0
DRIVE DUNKERQUE;DRIVE DURY;197;125
DRIVE DUNKERQUE;DRIVE FACHES;82;90
DRIVE DUNKERQUE;DRIVE LE HAVRE;310;195
DRIVE DUNKERQUE;DRIVE LEERS;93;105
DRIVE DUNKERQUE;DRIVE LOUVROIL;161;115
DRIVE DUNKERQUE;DRIVE MONTIVILLIERS;301;190
DRIVE DUNKERQUE;DRIVE NOGENT SUR OISE;251;255
DRIVE DUNKERQUE;DRIVE NOYELLES;104;105
DRIVE DUNKERQUE;DRIVE NOYON;212;145
DRIVE DUNKERQUE;DRIVE OSNY;287;190
DRIVE DUNKERQUE;DRIVE ROISSY;271;170
DRIVE DUNKERQUE;DRIVE RONCQ;90;90
DRIVE DUNKERQUE;DRIVE SCHWEIGHOUSE;619;375
DRIVE DUNKERQUE;DRIVE ST OMER;38;45
DRIVE DUNKERQUE;DRIVE ST QUENTIN;180;115
DRIVE DUNKERQUE;DRIVE TAVERNY;300;185
DRIVE DUNKERQUE;DRIVE VALENCIENNES;127;135
DRIVE DUNKERQUE;DUNKERQUE;4;15
DRIVE DUNKERQUE;DURY;197;125
DRIVE DUNKERQUE;ENGLOS;70;75
DRIVE DUNKERQUE;ENT AMIENS BINAT;145;150
DRIVE DUNKERQUE;ENT AMIENS SAINT SAUVEUR FLEG;185;195
DRIVE DUNKERQUE;ENT AMIENS SAINT SAUVEUR PF;185;195
DRIVE DUNKERQUE;ENT AMIENS SUPER POULAINVILLE PGC;187;195
DRIVE DUNKERQUE;ENT CARVIN FL;97;105
DRIVE DUNKERQUE;ENT CARVIN PF;97;105
DRIVE DUNKERQUE;ENT IENA;84;90
DRIVE DUNKERQUE;ENT IENA1;84;60
DRIVE DUNKERQUE;ENT IENA2;84;60
DRIVE DUNKERQUE;ENT MEYZIEU MEDLEY SUD;776;470
DRIVE DUNKERQUE;ENT SAINGHIN1;86;90
DRIVE DUNKERQUE;ENT SERRIS 2;308;200
DRIVE DUNKERQUE;ENT V DHL;273;175
DRIVE DUNKERQUE;ENT V GEODIS;279;180
DRIVE DUNKERQUE;FACHES;83;90
DRIVE DUNKERQUE;FRANQUEVILLE CHRONODRIVE 4475;250;165
DRIVE DUNKERQUE;HERBLAY CHRONODRIVE 444;303;190
DRIVE DUNKERQUE;HOUILLES SUPER 1073;299;195
DRIVE DUNKERQUE;IFS CHRONODRIVE 4253;376;235
DRIVE DUNKERQUE;ILLKIRCH;631;385
DRIVE DUNKERQUE;KIRCHBERG;391;255
DRIVE DUNKERQUE;LA CLOCHE D'OR;383;245
DRIVE DUNKERQUE;LA QUEUE LES YVELINES SUPER 1096;337;230
DRIVE DUNKERQUE;LAXOU;480;320
DRIVE DUNKERQUE;LE CHESNAY PARLY 2 SUPER 1144;312;210
DRIVE DUNKERQUE;LEERS;93;105
DRIVE DUNKERQUE;LES MUREAUX HALLES AUCHAN;326;210
DRIVE DUNKERQUE;LONGUEIL SAINTE MARIE SUPER 4315;228;145
DRIVE DUNKERQUE;LOUVROIL;161;110
DRIVE DUNKERQUE;MAUREPAS SUPER 4492;326;225
DRIVE DUNKERQUE;MERS LES BAINS;173;125
DRIVE DUNKERQUE;MERU;273;170
DRIVE DUNKERQUE;MONT SAINT MARTIN;368;240
DRIVE DUNKERQUE;NANCY CENTRE;486;330
DRIVE DUNKERQUE;NOGENT SUR OISE;252;165
DRIVE DUNKERQUE;NOYON;212;145
DRIVE DUNKERQUE;OSNY;287;190
DRIVE DUNKERQUE;ROISSY;271;170
DRIVE DUNKERQUE;RONCQ;90;90
DRIVE DUNKERQUE;SCHWEIGHOUSE;620;375
DRIVE DUNKERQUE;SEMECOURT;456;280
DRIVE DUNKERQUE;SOISY;293;195
DRIVE DUNKERQUE;ST OMER;39;45
DRIVE DUNKERQUE;ST QUENTIN;180;115
DRIVE DUNKERQUE;STRASBOURG;628;385
DRIVE DUNKERQUE;TAVERNY;300;185
DRIVE DUNKERQUE;TOMBLAINE;526;330
DRIVE DUNKERQUE;VAL DE REUIL SUPER 1209;277;185
DRIVE DUNKERQUE;VALENCIENNES;127;135
DRIVE DUNKERQUE;VERNEUIL 1 VERGER SUPER 4981;318;205
DRIVE DUNKERQUE;VIRY NOUREUIL;209;140
DRIVE DURY;1186 ST QUENTIN SCHUMANN SUPER;83;90
DRIVE DURY;1267 CALAIS DELAROCHE SUPER;165;105
DRIVE DURY;1297 HARNES SUPER;119;80
DRIVE DURY;4313 CANTELEU SUPER;128;85
DRIVE DURY;4536 LILLE WAZEMMES MY AUCHAN;139;90
DRIVE DURY;4926 BILLY BERCLAU SUPER;132;85
DRIVE DURY;4977 RUE SUPER;80;90
DRIVE DURY;914 MARQUETTE LES PARTISANS DU GOUT;144;95
DRIVE DURY;ARRAS;69;75
DRIVE DURY;AUCHAN CITY TOURCOING;150;100
DRIVE DURY;AUCHAN LUXEMBOURG SUPPLY;379;240
DRIVE DURY;BEAUVAIS;59;60
DRIVE DURY;BETHUNE;89;90
DRIVE DURY;BOULOGNE;147;90
DRIVE DURY;CAEN CHRONO 352;253;160
DRIVE DURY;CALAIS;166;180
DRIVE DURY;CAMBRAI;98;65
DRIVE DURY;CERGY CHRONODRIVE 469;121;80
DRIVE DURY;CHERBOURG;370;240
DRIVE DURY;CHRONO AVELIN 4361;128;80
DRIVE DURY;CHRONO BONDUES 4703;149;100
DRIVE DURY;CHRONO COMPIEGNE 4345;83;90
DRIVE DURY;CHRONO COUDEKERQUE 4242;203;130
DRIVE DURY;CHRONO CROIX 4154;144;95
DRIVE DURY;CHRONO ELEU DIT LEAUWETTE 4462;116;75
DRIVE DURY;CHRONO HALLENNES 4167;138;95
DRIVE DURY;CHRONO IFS;251;155
DRIVE DURY;CHRONO LAMBERSART 4424;144;100
DRIVE DURY;CHRONO MARCQ 4128;147;95
DRIVE DURY;CHRONO VALENCIENNES 4370;125;80
DRIVE DURY;CHRONO WASQUEHAL 4303;143;95
DRIVE DURY;CORMEILLES EN PARISIS CHRONODRIVE 413;122;85
DRIVE DURY;DIEPPE;112;120
DRIVE DURY;DIFFERDANGE;367;245
DRIVE DURY;DRIVE ARRAS;103;75
DRIVE DURY;DRIVE BEAUVAIS;59;40
DRIVE DURY;DRIVE BETHUNE;89;90
DRIVE DURY;DRIVE BOULOGNE;133;80
DRIVE DURY;DRIVE CALAIS;160;100
DRIVE DURY;DRIVE CAMBRAI;98;65
DRIVE DURY;DRIVE CERGY;116;75
DRIVE DURY;DRIVE CHERBOURG;370;240
DRIVE DURY;DRIVE DIEPPE;113;85
DRIVE DURY;DRIVE DUNKERQUE;197;125
DRIVE DURY;DRIVE DURY;0;0
DRIVE DURY;DRIVE ENGLOS;149;100
DRIVE DURY;DRIVE FACHES;134;85
DRIVE DURY;DRIVE LEERS;151;105
DRIVE DURY;DRIVE LOUVROIL;158;165
DRIVE DURY;DRIVE MONTIVILLIERS;176;180
DRIVE DURY;DRIVE NOGENT SUR OISE;94;65
DRIVE DURY;DRIVE NOYELLES;112;120
DRIVE DURY;DRIVE NOYON;72;75
DRIVE DURY;DRIVE OSNY;99;75
DRIVE DURY;DRIVE PETITE FORET;128;135
DRIVE DURY;DRIVE RONCQ;134;135
DRIVE DURY;DRIVE SCHWEIGHOUSE;514;310
DRIVE DURY;DRIVE ST OMER;176;115
DRIVE DURY;DRIVE ST QUENTIN;78;90
DRIVE DURY;DRIVE TAVERNY;113;75
DRIVE DURY;DRIVE VALENCIENNES;125;135
DRIVE DURY;DRIVE VILLENEUVE D'ASCQ;140;90
DRIVE DURY;DURY;2;15
DRIVE DURY;ENT AMIENS BINAT;9;15
DRIVE DURY;ENT AMIENS SAINT SAUVEUR FLEG;19;30
DRIVE DURY;ENT AMIENS SAINT SAUVEUR PF;19;30
DRIVE DURY;ENT AMIENS SUPER POULAINVILLE PGC;9;15
DRIVE DURY;ENT CARVIN FL;124;135
DRIVE DURY;ENT CARVIN PF;124;135
DRIVE DURY;ENT IENA;116;120
DRIVE DURY;ENT IENA1;135;85
DRIVE DURY;ENT IENA2;135;85
DRIVE DURY;ENT MEYZIEU MEDLEY SUD;624;395
DRIVE DURY;ENT SAINGHIN1;119;120
DRIVE DURY;ENT SERRIS 2;162;115
DRIVE DURY;ENT V DHL;127;85
DRIVE DURY;ENT V GEODIS;129;90
DRIVE DURY;FACHES;133;135
DRIVE DURY;FRANQUEVILLE CHRONODRIVE 4475;124;85
DRIVE DURY;HERBLAY CHRONODRIVE 444;116;75
DRIVE DURY;HIRSON;150;150
DRIVE DURY;HOUILLES SUPER 1073;131;135
DRIVE DURY;IFS CHRONODRIVE 4253;250;155
DRIVE DURY;ILLKIRCH;525;320
DRIVE DURY;KIRCHBERG;395;250
DRIVE DURY;LA CLOCHE D'OR;387;245
DRIVE DURY;LA QUEUE LES YVELINES SUPER 1096;162;120
DRIVE DURY;LAXOU;375;250
DRIVE DURY;LE CHESNAY PARLY 2 SUPER 1144;140;105
DRIVE DURY;LE HAVRE;185;195
DRIVE DURY;LEERS;151;105
DRIVE DURY;LES MUREAUX HALLES AUCHAN;138;100
DRIVE DURY;LONGUEIL SAINTE MARIE SUPER 4315;88;65
DRIVE DURY;LOUVROIL;158;165
DRIVE DURY;MAUREPAS SUPER 4492;154;115
DRIVE DURY;MERS LES BAINS;81;90
DRIVE DURY;MERU;85;90
DRIVE DURY;MONT SAINT MARTIN;379;245
DRIVE DURY;MONTIVILLIERS;175;180
DRIVE DURY;NANCY CENTRE;380;265
DRIVE DURY;NOGENT SUR OISE;94;105
DRIVE DURY;NOYELLES GODAULT;113;120
DRIVE DURY;NOYON;72;75
DRIVE DURY;OSNY;99;75
DRIVE DURY;PETITE FORET;128;135
DRIVE DURY;ROISSY;125;135
DRIVE DURY;RONCQ;134;135
DRIVE DURY;SCHWEIGHOUSE;514;310
DRIVE DURY;SEMECOURT;350;210
DRIVE DURY;SOISY;117;85
DRIVE DURY;ST OMER;176;115
DRIVE DURY;ST QUENTIN;80;90
DRIVE DURY;STRASBOURG;523;315
DRIVE DURY;TAVERNY;112;75
DRIVE DURY;TOMBLAINE;421;265
DRIVE DURY;VAL DE REUIL SUPER 1209;152;110
DRIVE DURY;VALENCIENNES;125;135
DRIVE DURY;VERNEUIL 1 VERGER SUPER 4981;130;95
DRIVE DURY;VILLENEUVE 2;140;95
DRIVE DURY;VIRY NOUREUIL;104;105
DRIVE ENGLOS;1186 ST QUENTIN SCHUMANN SUPER;118;85
DRIVE ENGLOS;1267 CALAIS DELAROCHE SUPER;101;105
DRIVE ENGLOS;1297 HARNES SUPER;34;45
DRIVE ENGLOS;4313 CANTELEU SUPER;273;175
DRIVE ENGLOS;4536 LILLE WAZEMMES MY AUCHAN;10;15
DRIVE ENGLOS;4926 BILLY BERCLAU SUPER;22;30
DRIVE ENGLOS;4977 RUE SUPER;132;125
DRIVE ENGLOS;ARRAS;52;60
DRIVE ENGLOS;AUCHAN CITY TOURCOING;21;30
DRIVE ENGLOS;AUCHAN LUXEMBOURG SUPPLY;329;220
DRIVE ENGLOS;BEAUVAIS;204;135
DRIVE ENGLOS;BETHUNE;36;45
DRIVE ENGLOS;BOULOGNE;105;105
DRIVE ENGLOS;CAEN CHRONO 352;398;255
DRIVE ENGLOS;CALAIS;108;120
DRIVE ENGLOS;CAMBRAI;82;90
DRIVE ENGLOS;CERGY;239;155
DRIVE ENGLOS;CERGY CHRONODRIVE 469;243;160
DRIVE ENGLOS;CHERBOURG;514;335
DRIVE ENGLOS;CHRONO AVELIN 4361;22;30
DRIVE ENGLOS;CHRONO BONDUES 4703;14;15
DRIVE ENGLOS;CHRONO COMPIEGNE 4345;166;110
DRIVE ENGLOS;CHRONO COUDEKERQUE 4242;60;60
DRIVE ENGLOS;CHRONO CROIX 4154;17;30
DRIVE ENGLOS;CHRONO ELEU DIT LEAUWETTE 4462;32;45
DRIVE ENGLOS;CHRONO HALLENNES 4167;3;15
DRIVE ENGLOS;CHRONO IFS;395;250
DRIVE ENGLOS;CHRONO LAMBERSART 4424;7;15
DRIVE ENGLOS;CHRONO MARCQ 4128;13;15
DRIVE ENGLOS;CHRONO VALENCIENNES 4370;60;45
DRIVE ENGLOS;CHRONO WASQUEHAL 4303;17;30
DRIVE ENGLOS;CORMEILLES EN PARISIS CHRONODRIVE 413;235;160
DRIVE ENGLOS;DIEPPE;257;180
DRIVE ENGLOS;DIFFERDANGE;309;215
DRIVE ENGLOS;DOUAI;52;60
DRIVE ENGLOS;DRIVE ARRAS;51;60
DRIVE ENGLOS;DRIVE BEAUVAIS;204;135
DRIVE ENGLOS;DRIVE BETHUNE;36;45
DRIVE ENGLOS;DRIVE BOULOGNE;108;120
DRIVE ENGLOS;DRIVE CAMBRAI;82;90
DRIVE ENGLOS;DRIVE CERGY;238;155
DRIVE ENGLOS;DRIVE CHERBOURG;514;335
DRIVE ENGLOS;DRIVE DIEPPE;258;180
DRIVE ENGLOS;DRIVE DOUAI;52;60
DRIVE ENGLOS;DRIVE DUNKERQUE;69;75
DRIVE ENGLOS;DRIVE DURY;149;100
DRIVE ENGLOS;DRIVE ENGLOS;0;0
DRIVE ENGLOS;DRIVE LE HAVRE;328;210
DRIVE ENGLOS;DRIVE LEERS;25;30
DRIVE ENGLOS;DRIVE LOUVROIL;94;105
DRIVE ENGLOS;DRIVE MONTIVILLIERS;319;205
DRIVE ENGLOS;DRIVE NOGENT SUR OISE;184;125
DRIVE ENGLOS;DRIVE NOYELLES;39;45
DRIVE ENGLOS;DRIVE NOYON;146;105
DRIVE ENGLOS;DRIVE OSNY;243;160
DRIVE ENGLOS;DRIVE PETITE FORET;56;60
DRIVE ENGLOS;DRIVE ROISSY;204;130
DRIVE ENGLOS;DRIVE RONCQ;21;30
DRIVE ENGLOS;DRIVE SCHWEIGHOUSE;553;335
DRIVE ENGLOS;DRIVE ST OMER;58;60
DRIVE ENGLOS;DRIVE ST QUENTIN;114;80
DRIVE ENGLOS;DRIVE TAVERNY;236;155
DRIVE ENGLOS;DRIVE VALENCIENNES;62;75
DRIVE ENGLOS;DRIVE VILLENEUVE D'ASCQ;16;30
DRIVE ENGLOS;DUNKERQUE;70;75
DRIVE ENGLOS;DURY;146;100
DRIVE ENGLOS;ENGLOS;0;0
DRIVE ENGLOS;ENT AMIENS BINAT;113;120
DRIVE ENGLOS;ENT AMIENS SAINT SAUVEUR FLEG;134;135
DRIVE ENGLOS;ENT AMIENS SAINT SAUVEUR PF;134;135
DRIVE ENGLOS;ENT AMIENS SUPER POULAINVILLE PGC;110;120
DRIVE ENGLOS;ENT CARVIN FL;31;45
DRIVE ENGLOS;ENT CARVIN PF;31;45
DRIVE ENGLOS;ENT IENA;19;30
DRIVE ENGLOS;ENT IENA1;18;20
DRIVE ENGLOS;ENT IENA2;18;20
DRIVE ENGLOS;ENT MEYZIEU MEDLEY SUD;710;430
DRIVE ENGLOS;ENT SAINGHIN1;22;30
DRIVE ENGLOS;ENT SERRIS 2;242;160
DRIVE ENGLOS;ENT SOCOPAL DIEPPE;199;210
DRIVE ENGLOS;ENT V DHL;206;135
DRIVE ENGLOS;ENT V GEODIS;213;140
DRIVE ENGLOS;FACHES;18;30
DRIVE ENGLOS;FRANQUEVILLE CHRONODRIVE 4475;267;180
DRIVE ENGLOS;HERBLAY CHRONODRIVE 444;238;155
DRIVE ENGLOS;HIRSON;138;150
DRIVE ENGLOS;HOUILLES SUPER 1073;232;155
DRIVE ENGLOS;IFS CHRONODRIVE 4253;394;250
DRIVE ENGLOS;ILLKIRCH;564;345
DRIVE ENGLOS;KIRCHBERG;324;215
DRIVE ENGLOS;LA CLOCHE D'OR;316;205
DRIVE ENGLOS;LA QUEUE LES YVELINES SUPER 1096;271;190
DRIVE ENGLOS;LAXOU;413;280
DRIVE ENGLOS;LE CHESNAY PARLY 2 SUPER 1144;246;170
DRIVE ENGLOS;LE HAVRE;327;210
DRIVE ENGLOS;LEERS;25;30
DRIVE ENGLOS;LES MUREAUX HALLES AUCHAN;259;175
DRIVE ENGLOS;LONGUEIL SAINTE MARIE SUPER 4315;162;110
DRIVE ENGLOS;MAUREPAS SUPER 4492;260;185
DRIVE ENGLOS;MERU;228;150
DRIVE ENGLOS;MONT SAINT MARTIN;301;200
DRIVE ENGLOS;MONTIVILLIERS;322;205
DRIVE ENGLOS;NANCY CENTRE;419;290
DRIVE ENGLOS;NOGENT SUR OISE;185;125
DRIVE ENGLOS;NOYELLES GODAULT;39;45
DRIVE ENGLOS;NOYON;146;105
DRIVE ENGLOS;OSNY;243;160
DRIVE ENGLOS;PETITE FORET;56;60
DRIVE ENGLOS;ROISSY;205;130
DRIVE ENGLOS;RONCQ;21;30
DRIVE ENGLOS;SCHWEIGHOUSE;553;335
DRIVE ENGLOS;SEMECOURT;389;240
DRIVE ENGLOS;SOCOPAL;199;210
DRIVE ENGLOS;SOISY;227;155
DRIVE ENGLOS;ST OMER;58;60
DRIVE ENGLOS;ST QUENTIN;114;80
DRIVE ENGLOS;STRASBOURG;561;345
DRIVE ENGLOS;TAVERNY;235;150
DRIVE ENGLOS;TOMBLAINE;460;290
DRIVE ENGLOS;VAL DE REUIL SUPER 1209;295;200
DRIVE ENGLOS;VALENCIENNES;62;75
DRIVE ENGLOS;VERNEUIL 1 VERGER SUPER 4981;253;170
DRIVE ENGLOS;VILLENEUVE 2;17;30
DRIVE ENGLOS;VIRY NOUREUIL;144;150
DRIVE FACHES;1186 ST QUENTIN SCHUMANN SUPER;102;70
DRIVE FACHES;1267 CALAIS DELAROCHE SUPER;115;80
DRIVE FACHES;1297 HARNES SUPER;22;30
DRIVE FACHES;4313 CANTELEU SUPER;258;165
DRIVE FACHES;4926 BILLY BERCLAU SUPER;32;30
DRIVE FACHES;4977 RUE SUPER;140;120
DRIVE FACHES;914 MARQUETTE LES PARTISANS DU GOUT;14;20
DRIVE FACHES;ARRAS;48;60
DRIVE FACHES;AUCHAN CITY TOURCOING;21;30
DRIVE FACHES;AUCHAN LUXEMBOURG SUPPLY;319;210
DRIVE FACHES;BEAUVAIS;189;120
DRIVE FACHES;BETHUNE;55;60
DRIVE FACHES;BOULOGNE;120;120
DRIVE FACHES;CAEN CHRONO 352;383;240
DRIVE FACHES;CALAIS;123;135
DRIVE FACHES;CAMBRAI;72;75
DRIVE FACHES;CERGY;223;145
DRIVE FACHES;CERGY CHRONODRIVE 469;228;145
DRIVE FACHES;CHERBOURG;499;320
DRIVE FACHES;CHRONO AVELIN 4361;7;15
DRIVE FACHES;CHRONO BONDUES 4703;20;30
DRIVE FACHES;CHRONO CROIX 4154;16;30
DRIVE FACHES;CHRONO HALLENNES 4167;17;30
DRIVE FACHES;CHRONO IFS;380;235
DRIVE FACHES;CHRONO LAMBERSART 4424;13;15
DRIVE FACHES;CHRONO MARCQ 4128;16;30
DRIVE FACHES;CHRONO VALENCIENNES 4370;50;60
DRIVE FACHES;CHRONO WASQUEHAL 4303;15;15
DRIVE FACHES;CORMEILLES EN PARISIS CHRONODRIVE 413;219;145
DRIVE FACHES;DIEPPE;242;255
DRIVE FACHES;DIFFERDANGE;299;205
DRIVE FACHES;DOUAI;36;45
DRIVE FACHES;DRIVE ARRAS;48;60
DRIVE FACHES;DRIVE BEAUVAIS;189;120
DRIVE FACHES;DRIVE BETHUNE;55;60
DRIVE FACHES;DRIVE BOULOGNE;123;135
DRIVE FACHES;DRIVE CALAIS;119;85
DRIVE FACHES;DRIVE CAMBRAI;72;75
DRIVE FACHES;DRIVE CERGY;223;145
DRIVE FACHES;DRIVE CHERBOURG;499;320
DRIVE FACHES;DRIVE DIEPPE;242;165
DRIVE FACHES;DRIVE DOUAI;36;45
DRIVE FACHES;DRIVE DUNKERQUE;83;90
DRIVE FACHES;DRIVE DURY;134;85
DRIVE FACHES;DRIVE ENGLOS;17;30
DRIVE FACHES;DRIVE FACHES;0;0
DRIVE FACHES;DRIVE LE HAVRE;313;195
DRIVE FACHES;DRIVE LEERS;20;30
DRIVE FACHES;DRIVE NOGENT SUR OISE;169;110
DRIVE FACHES;DRIVE NOYON;132;135
DRIVE FACHES;DRIVE OSNY;228;145
DRIVE FACHES;DRIVE PETITE FORET;45;45
DRIVE FACHES;DRIVE ROISSY;190;115
DRIVE FACHES;DRIVE RONCQ;22;30
DRIVE FACHES;DRIVE SCHWEIGHOUSE;538;320
DRIVE FACHES;DRIVE ST OMER;73;65
DRIVE FACHES;DRIVE ST QUENTIN;99;65
DRIVE FACHES;DRIVE TAVERNY;221;140
DRIVE FACHES;DRIVE VALENCIENNES;52;60
DRIVE FACHES;DRIVE VILLENEUVE D'ASCQ;8;15
DRIVE FACHES;DUNKERQUE;84;90
DRIVE FACHES;DURY;132;85
DRIVE FACHES;ENGLOS;18;30
DRIVE FACHES;ENT AMIENS BINAT;111;120
DRIVE FACHES;ENT AMIENS SAINT SAUVEUR FLEG;119;120
DRIVE FACHES;ENT AMIENS SAINT SAUVEUR PF;119;120
DRIVE FACHES;ENT AMIENS SUPER POULAINVILLE PGC;114;120
DRIVE FACHES;ENT CARVIN FL;17;30
DRIVE FACHES;ENT CARVIN PF;17;30
DRIVE FACHES;ENT IENA;3;15
DRIVE FACHES;ENT IENA1;3;5
DRIVE FACHES;ENT IENA2;3;5
DRIVE FACHES;ENT MEYZIEU MEDLEY SUD;695;415
DRIVE FACHES;ENT SAINGHIN1;7;15
DRIVE FACHES;ENT SERRIS 2;227;145
DRIVE FACHES;ENT SOCOPAL DIEPPE;218;225
DRIVE FACHES;ENT V DHL;192;120
DRIVE FACHES;ENT V GEODIS;198;125
DRIVE FACHES;FACHES;0;0
DRIVE FACHES;FRANQUEVILLE CHRONODRIVE 4475;252;165
DRIVE FACHES;HERBLAY CHRONODRIVE 444;224;140
DRIVE FACHES;HIRSON;135;135
DRIVE FACHES;HOUILLES SUPER 1073;217;140
DRIVE FACHES;IFS CHRONODRIVE 4253;379;235
DRIVE FACHES;ILLKIRCH;549;330
DRIVE FACHES;KIRCHBERG;315;205
DRIVE FACHES;LA CLOCHE D'OR;307;195
DRIVE FACHES;LA QUEUE LES YVELINES SUPER 1096;256;175
DRIVE FACHES;LAXOU;398;265
DRIVE FACHES;LE CHESNAY PARLY 2 SUPER 1144;231;155
DRIVE FACHES;LE HAVRE;312;195
DRIVE FACHES;LEERS;20;30
DRIVE FACHES;LES MUREAUX HALLES AUCHAN;244;160
DRIVE FACHES;LONGUEIL SAINTE MARIE SUPER 4315;147;95
DRIVE FACHES;LOUVROIL;85;90
DRIVE FACHES;MAUREPAS SUPER 4492;245;170
DRIVE FACHES;MERS LES BAINS;215;145
DRIVE FACHES;MERU;214;135
DRIVE FACHES;MONT SAINT MARTIN;292;190
DRIVE FACHES;MONTIVILLIERS;307;190
DRIVE FACHES;NANCY CENTRE;404;275
DRIVE FACHES;NOGENT SUR OISE;170;110
DRIVE FACHES;NOYELLES GODAULT;23;30
DRIVE FACHES;NOYON;131;90
DRIVE FACHES;OSNY;228;145
DRIVE FACHES;PETITE FORET;45;45
DRIVE FACHES;ROISSY;190;115
DRIVE FACHES;RONCQ;22;30
DRIVE FACHES;SCHWEIGHOUSE;538;320
DRIVE FACHES;SEMECOURT;374;225
DRIVE FACHES;SOCOPAL;218;225
DRIVE FACHES;SOISY;212;140
DRIVE FACHES;ST OMER;73;75
DRIVE FACHES;ST QUENTIN;99;65
DRIVE FACHES;STRASBOURG;547;330
DRIVE FACHES;TAVERNY;220;135
DRIVE FACHES;TOMBLAINE;445;275
DRIVE FACHES;VAL DE REUIL SUPER 1209;280;185
DRIVE FACHES;VALENCIENNES;52;60
DRIVE FACHES;VERNEUIL 1 VERGER SUPER 4981;238;155
DRIVE FACHES;VILLENEUVE 2;8;15
DRIVE FACHES;VIRY NOUREUIL;128;135
DRIVE LE HAVRE;1186 ST QUENTIN SCHUMANN SUPER;264;175
DRIVE LE HAVRE;1267 CALAIS DELAROCHE SUPER;278;175
DRIVE LE HAVRE;1297 HARNES SUPER;300;190
DRIVE LE HAVRE;4313 CANTELEU SUPER;88;90
DRIVE LE HAVRE;4536 LILLE WAZEMMES MY AUCHAN;321;205
DRIVE LE HAVRE;4926 BILLY BERCLAU SUPER;313;200
DRIVE LE HAVRE;4977 RUE SUPER;193;125
DRIVE LE HAVRE;914 MARQUETTE LES PARTISANS DU GOUT;325;210
DRIVE LE HAVRE;ARRAS;248;185
DRIVE LE HAVRE;AUCHAN CITY TOURCOING;331;215
DRIVE LE HAVRE;AUCHAN LUXEMBOURG SUPPLY;560;355
DRIVE LE HAVRE;BEAUVAIS;180;150
DRIVE LE HAVRE;BETHUNE;257;270
DRIVE LE HAVRE;BOULOGNE;260;165
DRIVE LE HAVRE;CAEN CHRONO 352;96;105
DRIVE LE HAVRE;CALAIS;273;170
DRIVE LE HAVRE;CAMBRAI;279;180
DRIVE LE HAVRE;CERGY;187;130
DRIVE LE HAVRE;CERGY CHRONODRIVE 469;180;125
DRIVE LE HAVRE;CHERBOURG;217;155
DRIVE LE HAVRE;CHRONO AVELIN 4361;310;195
DRIVE LE HAVRE;CHRONO BONDUES 4703;330;210
DRIVE LE HAVRE;CHRONO COMPIEGNE 4345;271;185
DRIVE LE HAVRE;CHRONO COUDEKERQUE 4242;316;200
DRIVE LE HAVRE;CHRONO CROIX 4154;326;210
DRIVE LE HAVRE;CHRONO ELEU DIT LEAUWETTE 4462;297;190
DRIVE LE HAVRE;CHRONO HALLENNES 4167;320;205
DRIVE LE HAVRE;CHRONO IFS;94;105
DRIVE LE HAVRE;CHRONO LAMBERSART 4424;326;210
DRIVE LE HAVRE;CHRONO MARCQ 4128;328;210
DRIVE LE HAVRE;CHRONO VALENCIENNES 4370;306;195
DRIVE LE HAVRE;CHRONO WASQUEHAL 4303;324;205
DRIVE LE HAVRE;CORMEILLES EN PARISIS CHRONODRIVE 413;195;130
DRIVE LE HAVRE;DIEPPE;114;120
DRIVE LE HAVRE;DIFFERDANGE;549;360
DRIVE LE HAVRE;DOUAI;296;195
DRIVE LE HAVRE;DRIVE ARRAS;247;185
DRIVE LE HAVRE;DRIVE BEAUVAIS;180;145
DRIVE LE HAVRE;DRIVE BETHUNE;257;270
DRIVE LE HAVRE;DRIVE BOULOGNE;244;255
DRIVE LE HAVRE;DRIVE CALAIS;274;170
DRIVE LE HAVRE;DRIVE CAMBRAI;279;180
DRIVE LE HAVRE;DRIVE CERGY;186;130
DRIVE LE HAVRE;DRIVE CHERBOURG;217;155
DRIVE LE HAVRE;DRIVE DIEPPE;114;120
DRIVE LE HAVRE;DRIVE DOUAI;296;195
DRIVE LE HAVRE;DRIVE DUNKERQUE;310;195
DRIVE LE HAVRE;DRIVE DURY;182;195
DRIVE LE HAVRE;DRIVE ENGLOS;328;210
DRIVE LE HAVRE;DRIVE FACHES;313;195
DRIVE LE HAVRE;DRIVE LE HAVRE;0;0
DRIVE LE HAVRE;DRIVE LEERS;330;330
DRIVE LE HAVRE;DRIVE LOUVROIL;339;220
DRIVE LE HAVRE;DRIVE MONTIVILLIERS;7;15
DRIVE LE HAVRE;DRIVE NOGENT SUR OISE;269;170
DRIVE LE HAVRE;DRIVE NOYON;251;175
DRIVE LE HAVRE;DRIVE OSNY;189;135
DRIVE LE HAVRE;DRIVE PETITE FORET;308;195
DRIVE LE HAVRE;DRIVE ROISSY;217;150
DRIVE LE HAVRE;DRIVE RONCQ;332;345
DRIVE LE HAVRE;DRIVE SCHWEIGHOUSE;694;420
DRIVE LE HAVRE;DRIVE ST OMER;292;300
DRIVE LE HAVRE;DRIVE ST QUENTIN;259;165
DRIVE LE HAVRE;DRIVE TAVERNY;199;140
DRIVE LE HAVRE;DRIVE VALENCIENNES;306;195
DRIVE LE HAVRE;DRIVE VILLENEUVE D'ASCQ;318;330
DRIVE LE HAVRE;DUNKERQUE;312;195
DRIVE LE HAVRE;ENGLOS;328;210
DRIVE LE HAVRE;ENT AMIENS BINAT;187;195
DRIVE LE HAVRE;ENT AMIENS SAINT SAUVEUR FLEG;185;195
DRIVE LE HAVRE;ENT AMIENS SAINT SAUVEUR PF;185;195
DRIVE LE HAVRE;ENT AMIENS SUPER POULAINVILLE PGC;187;195
DRIVE LE HAVRE;ENT CARVIN FL;302;315
DRIVE LE HAVRE;ENT CARVIN PF;302;315
DRIVE LE HAVRE;ENT IENA;313;315
DRIVE LE HAVRE;ENT IENA1;316;200
DRIVE LE HAVRE;ENT IENA2;316;200
DRIVE LE HAVRE;ENT MEYZIEU MEDLEY SUD;669;420
DRIVE LE HAVRE;ENT SAINGHIN1;317;330
DRIVE LE HAVRE;ENT SERRIS 2;244;170
DRIVE LE HAVRE;ENT V DHL;235;240
DRIVE LE HAVRE;ENT V GEODIS;235;240
DRIVE LE HAVRE;FACHES;314;200
DRIVE LE HAVRE;FRANQUEVILLE CHRONODRIVE 4475;98;75
DRIVE LE HAVRE;HERBLAY CHRONODRIVE 444;194;135
DRIVE LE HAVRE;HIRSON;331;240
DRIVE LE HAVRE;HOUILLES SUPER 1073;191;130
DRIVE LE HAVRE;IFS CHRONODRIVE 4253;94;105
DRIVE LE HAVRE;ILLKIRCH;706;430
DRIVE LE HAVRE;KIRCHBERG;575;360
DRIVE LE HAVRE;LA CLOCHE D'OR;567;355
DRIVE LE HAVRE;LA QUEUE LES YVELINES SUPER 1096;170;125
DRIVE LE HAVRE;LAXOU;555;365
DRIVE LE HAVRE;LE CHESNAY PARLY 2 SUPER 1144;186;120
DRIVE LE HAVRE;LE HAVRE;2;15
DRIVE LE HAVRE;LEERS;330;330
DRIVE LE HAVRE;LES MUREAUX HALLES AUCHAN;162;165
DRIVE LE HAVRE;LONGUEIL SAINTE MARIE SUPER 4315;268;175
DRIVE LE HAVRE;LOUVROIL;339;215
DRIVE LE HAVRE;MAUREPAS SUPER 4492;198;130
DRIVE LE HAVRE;MERS LES BAINS;147;150
DRIVE LE HAVRE;MERU;204;155
DRIVE LE HAVRE;MONT SAINT MARTIN;560;355
DRIVE LE HAVRE;MONTIVILLIERS;8;15
DRIVE LE HAVRE;NANCY CENTRE;561;375
DRIVE LE HAVRE;NOGENT SUR OISE;269;170
DRIVE LE HAVRE;NOYON;252;175
DRIVE LE HAVRE;OSNY;189;135
DRIVE LE HAVRE;PETITE FORET;307;195
DRIVE LE HAVRE;ROISSY;217;150
DRIVE LE HAVRE;RONCQ;332;345
DRIVE LE HAVRE;SCHWEIGHOUSE;695;420
DRIVE LE HAVRE;SEMECOURT;531;320
DRIVE LE HAVRE;SOISY;202;140
DRIVE LE HAVRE;ST OMER;294;190
DRIVE LE HAVRE;ST QUENTIN;259;165
DRIVE LE HAVRE;STRASBOURG;703;425
DRIVE LE HAVRE;TAVERNY;199;140
DRIVE LE HAVRE;TOMBLAINE;601;375
DRIVE LE HAVRE;VAL DE REUIL SUPER 1209;101;70
DRIVE LE HAVRE;VALENCIENNES;306;195
DRIVE LE HAVRE;VERNEUIL 1 VERGER SUPER 4981;169;115
DRIVE LE HAVRE;VILLENEUVE 2;320;205
DRIVE LE HAVRE;VIRY NOUREUIL;284;180
DRIVE LEERS;1186 ST QUENTIN SCHUMANN SUPER;121;135
DRIVE LEERS;1297 HARNES SUPER;40;45
DRIVE LEERS;4313 CANTELEU SUPER;276;180
DRIVE LEERS;4536 LILLE WAZEMMES MY AUCHAN;18;30
DRIVE LEERS;4926 BILLY BERCLAU SUPER;46;60
DRIVE LEERS;4977 RUE SUPER;158;140
DRIVE LEERS;914 MARQUETTE LES PARTISANS DU GOUT;17;30
DRIVE LEERS;ARRAS;66;75
DRIVE LEERS;AUCHAN CITY TOURCOING;10;15
DRIVE LEERS;AUCHAN LUXEMBOURG SUPPLY;320;210
DRIVE LEERS;BETHUNE;60;60
DRIVE LEERS;BOULOGNE;130;135
DRIVE LEERS;CAEN CHRONO 352;400;255
DRIVE LEERS;CALAIS;133;135
DRIVE LEERS;CAMBRAI;81;90
DRIVE LEERS;CERGY;241;160
DRIVE LEERS;CERGY CHRONODRIVE 469;246;165
DRIVE LEERS;CHERBOURG;517;340
DRIVE LEERS;CHRONO AVELIN 4361;25;30
DRIVE LEERS;CHRONO BONDUES 4703;16;30
DRIVE LEERS;CHRONO COMPIEGNE 4345;168;110
DRIVE LEERS;CHRONO COUDEKERQUE 4242;85;90
DRIVE LEERS;CHRONO CROIX 4154;8;15
DRIVE LEERS;CHRONO ELEU DIT LEAUWETTE 4462;50;60
DRIVE LEERS;CHRONO HALLENNES 4167;30;30
DRIVE LEERS;CHRONO IFS;398;250
DRIVE LEERS;CHRONO LAMBERSART 4424;21;30
DRIVE LEERS;CHRONO MARCQ 4128;16;30
DRIVE LEERS;CHRONO VALENCIENNES 4370;59;60
DRIVE LEERS;CHRONO WASQUEHAL 4303;11;15
DRIVE LEERS;CORMEILLES EN PARISIS CHRONODRIVE 413;237;160
DRIVE LEERS;DIEPPE;260;185
DRIVE LEERS;DIFFERDANGE;300;205
DRIVE LEERS;DOUAI;52;60
DRIVE LEERS;DRIVE ARRAS;66;75
DRIVE LEERS;DRIVE BEAUVAIS;206;135
DRIVE LEERS;DRIVE BETHUNE;60;60
DRIVE LEERS;DRIVE BOULOGNE;132;135
DRIVE LEERS;DRIVE CALAIS;130;135
DRIVE LEERS;DRIVE CAMBRAI;81;90
DRIVE LEERS;DRIVE CERGY;241;160
DRIVE LEERS;DRIVE CHERBOURG;517;340
DRIVE LEERS;DRIVE DIEPPE;260;185
DRIVE LEERS;DRIVE DOUAI;52;60
DRIVE LEERS;DRIVE DUNKERQUE;93;105
DRIVE LEERS;DRIVE DURY;151;105
DRIVE LEERS;DRIVE ENGLOS;26;30
DRIVE LEERS;DRIVE FACHES;19;30
DRIVE LEERS;DRIVE LEERS;0;0
DRIVE LEERS;DRIVE LOUVROIL;94;105
DRIVE LEERS;DRIVE NOGENT SUR OISE;187;125
DRIVE LEERS;DRIVE NOYELLES;41;45
DRIVE LEERS;DRIVE OSNY;246;160
DRIVE LEERS;DRIVE PETITE FORET;54;60
DRIVE LEERS;DRIVE ROISSY;208;135
DRIVE LEERS;DRIVE RONCQ;14;15
DRIVE LEERS;DRIVE SCHWEIGHOUSE;515;330
DRIVE LEERS;DRIVE ST OMER;83;90
DRIVE LEERS;DRIVE TAVERNY;239;155
DRIVE LEERS;DRIVE VALENCIENNES;61;75
DRIVE LEERS;DRIVE VILLENEUVE D'ASCQ;14;15
DRIVE LEERS;DUNKERQUE;94;105
DRIVE LEERS;DURY;149;150
DRIVE LEERS;ENGLOS;26;30
DRIVE LEERS;ENT AMIENS SAINT SAUVEUR FLEG;137;150
DRIVE LEERS;ENT AMIENS SAINT SAUVEUR PF;137;150
DRIVE LEERS;ENT AMIENS SUPER POULAINVILLE PGC;132;135
DRIVE LEERS;ENT CARVIN FL;34;45
DRIVE LEERS;ENT CARVIN PF;34;45
DRIVE LEERS;ENT IENA;21;20
DRIVE LEERS;ENT IENA1;18;30
DRIVE LEERS;ENT IENA2;18;30
DRIVE LEERS;ENT MEYZIEU MEDLEY SUD;713;435
DRIVE LEERS;ENT SAINGHIN1;19;20
DRIVE LEERS;ENT SERRIS 2;245;165
DRIVE LEERS;ENT SOCOPAL DIEPPE;235;240
DRIVE LEERS;ENT V DHL;265;270
DRIVE LEERS;ENT V GEODIS;265;270
DRIVE LEERS;FACHES;19;30
DRIVE LEERS;FRANQUEVILLE CHRONODRIVE 4475;270;180
DRIVE LEERS;HERBLAY CHRONODRIVE 444;241;160
DRIVE LEERS;HIRSON;137;150
DRIVE LEERS;HOUILLES SUPER 1073;235;160
DRIVE LEERS;IFS CHRONODRIVE 4253;397;250
DRIVE LEERS;ILLKIRCH;527;340
DRIVE LEERS;KIRCHBERG;316;205
DRIVE LEERS;LA CLOCHE D'OR;308;200
DRIVE LEERS;LA QUEUE LES YVELINES SUPER 1096;274;190
DRIVE LEERS;LAXOU;418;280
DRIVE LEERS;LE CHESNAY PARLY 2 SUPER 1144;249;175
DRIVE LEERS;LE HAVRE;331;345
DRIVE LEERS;LEERS;0;0
DRIVE LEERS;LES MUREAUX HALLES AUCHAN;262;175
DRIVE LEERS;LONGUEIL SAINTE MARIE SUPER 4315;165;110
DRIVE LEERS;LOUVROIL;94;105
DRIVE LEERS;MAUREPAS SUPER 4492;263;185
DRIVE LEERS;MERS LES BAINS;233;165
DRIVE LEERS;MONT SAINT MARTIN;293;195
DRIVE LEERS;MONTIVILLIERS;324;330
DRIVE LEERS;NANCY CENTRE;419;285
DRIVE LEERS;NOGENT SUR OISE;188;125
DRIVE LEERS;NOYELLES GODAULT;41;45
DRIVE LEERS;NOYON;150;150
DRIVE LEERS;OSNY;246;160
DRIVE LEERS;PETITE FORET;54;60
DRIVE LEERS;ROISSY;208;135
DRIVE LEERS;RONCQ;14;15
DRIVE LEERS;SCHWEIGHOUSE;516;330
DRIVE LEERS;SEMECOURT;357;235
DRIVE LEERS;SOCOPAL;235;240
DRIVE LEERS;SOISY;230;155
DRIVE LEERS;ST OMER;83;90
DRIVE LEERS;ST QUENTIN;118;120
DRIVE LEERS;STRASBOURG;524;340
DRIVE LEERS;TAVERNY;238;155
DRIVE LEERS;TOMBLAINE;423;285
DRIVE LEERS;VAL DE REUIL SUPER 1209;298;200
DRIVE LEERS;VALENCIENNES;61;75
DRIVE LEERS;VERNEUIL 1 VERGER SUPER 4981;256;175
DRIVE LEERS;VILLENEUVE 2;13;15
DRIVE LEERS;VIRY NOUREUIL;146;150
DRIVE LOUVROIL;1186 ST QUENTIN SCHUMANN SUPER;112;80
DRIVE LOUVROIL;1267 CALAIS DELAROCHE SUPER;193;195
DRIVE LOUVROIL;1297 HARNES SUPER;89;90
DRIVE LOUVROIL;4313 CANTELEU SUPER;283;185
DRIVE LOUVROIL;4536 LILLE WAZEMMES MY AUCHAN;88;65
DRIVE LOUVROIL;4926 BILLY BERCLAU SUPER;103;80
DRIVE LOUVROIL;4977 RUE SUPER;229;150
DRIVE LOUVROIL;914 MARQUETTE LES PARTISANS DU GOUT;92;75
DRIVE LOUVROIL;ARRAS;111;120
DRIVE LOUVROIL;AUCHAN CITY TOURCOING;96;105
DRIVE LOUVROIL;AUCHAN LUXEMBOURG SUPPLY;229;170
DRIVE LOUVROIL;BEAUVAIS;214;140
DRIVE LOUVROIL;BETHUNE;117;120
DRIVE LOUVROIL;BOULOGNE;195;195
DRIVE LOUVROIL;CAEN CHRONO 352;408;260
DRIVE LOUVROIL;CALAIS;213;135
DRIVE LOUVROIL;CAMBRAI;62;75
DRIVE LOUVROIL;CERGY;249;165
DRIVE LOUVROIL;CERGY CHRONODRIVE 469;254;165
DRIVE LOUVROIL;CHERBOURG;525;340
DRIVE LOUVROIL;CHRONO AVELIN 4361;77;90
DRIVE LOUVROIL;CHRONO BONDUES 4703;96;105
DRIVE LOUVROIL;CHRONO COMPIEGNE 4345;176;115
DRIVE LOUVROIL;CHRONO COUDEKERQUE 4242;162;115
DRIVE LOUVROIL;CHRONO ELEU DIT LEAUWETTE 4462;94;105
DRIVE LOUVROIL;CHRONO HALLENNES 4167;95;105
DRIVE LOUVROIL;CHRONO IFS;406;255
DRIVE LOUVROIL;CHRONO LAMBERSART 4424;92;75
DRIVE LOUVROIL;CHRONO MARCQ 4128;92;105
DRIVE LOUVROIL;CHRONO VALENCIENNES 4370;38;45
DRIVE LOUVROIL;CHRONO WASQUEHAL 4303;87;65
DRIVE LOUVROIL;CORMEILLES EN PARISIS CHRONODRIVE 413;245;165
DRIVE LOUVROIL;DIEPPE;268;185
DRIVE LOUVROIL;DIFFERDANGE;210;165
DRIVE LOUVROIL;DOUAI;75;75
DRIVE LOUVROIL;DRIVE ARRAS;117;85
DRIVE LOUVROIL;DRIVE BEAUVAIS;214;140
DRIVE LOUVROIL;DRIVE BETHUNE;117;120
DRIVE LOUVROIL;DRIVE BOULOGNE;201;210
DRIVE LOUVROIL;DRIVE CALAIS;212;135
DRIVE LOUVROIL;DRIVE CAMBRAI;62;75
DRIVE LOUVROIL;DRIVE CERGY;249;165
DRIVE LOUVROIL;DRIVE CHERBOURG;525;340
DRIVE LOUVROIL;DRIVE DIEPPE;268;185
DRIVE LOUVROIL;DRIVE DOUAI;75;75
DRIVE LOUVROIL;DRIVE DUNKERQUE;161;115
DRIVE LOUVROIL;DRIVE FACHES;85;90
DRIVE LOUVROIL;DRIVE LE HAVRE;339;220
DRIVE LOUVROIL;DRIVE LEERS;94;105
DRIVE LOUVROIL;DRIVE LOUVROIL;0;0
DRIVE LOUVROIL;DRIVE MONTIVILLIERS;330;330
DRIVE LOUVROIL;DRIVE NOGENT SUR OISE;196;210
DRIVE LOUVROIL;DRIVE NOYELLES;86;90
DRIVE LOUVROIL;DRIVE NOYON;157;115
DRIVE LOUVROIL;DRIVE OSNY;255;165
DRIVE LOUVROIL;DRIVE PETITE FORET;43;45
DRIVE LOUVROIL;DRIVE ROISSY;216;140
DRIVE LOUVROIL;DRIVE RONCQ;98;105
DRIVE LOUVROIL;DRIVE SCHWEIGHOUSE;425;290
DRIVE LOUVROIL;DRIVE ST OMER;153;165
DRIVE LOUVROIL;DRIVE TAVERNY;247;160
DRIVE LOUVROIL;DRIVE VALENCIENNES;36;45
DRIVE LOUVROIL;DRIVE VILLENEUVE D'ASCQ;82;90
DRIVE LOUVROIL;ENGLOS;95;70
DRIVE LOUVROIL;ENT AMIENS BINAT;143;150
DRIVE LOUVROIL;ENT AMIENS SAINT SAUVEUR FLEG;166;180
DRIVE LOUVROIL;ENT AMIENS SAINT SAUVEUR PF;166;180
DRIVE LOUVROIL;ENT AMIENS SUPER POULAINVILLE PGC;161;165
DRIVE LOUVROIL;ENT CARVIN FL;100;105
DRIVE LOUVROIL;ENT CARVIN PF;100;105
DRIVE LOUVROIL;ENT IENA;82;90
DRIVE LOUVROIL;ENT IENA1;83;90
DRIVE LOUVROIL;ENT IENA2;83;90
DRIVE LOUVROIL;ENT MEYZIEU MEDLEY SUD;705;430
DRIVE LOUVROIL;ENT SAINGHIN1;80;90
DRIVE LOUVROIL;ENT SERRIS 2;254;170
DRIVE LOUVROIL;ENT V DHL;218;145
DRIVE LOUVROIL;ENT V GEODIS;224;150
DRIVE LOUVROIL;FACHES;85;90
DRIVE LOUVROIL;FRANQUEVILLE CHRONODRIVE 4475;279;185
DRIVE LOUVROIL;HERBLAY CHRONODRIVE 444;250;165
DRIVE LOUVROIL;HIRSON;50;60
DRIVE LOUVROIL;HOUILLES SUPER 1073;244;160
DRIVE LOUVROIL;IFS CHRONODRIVE 4253;405;255
DRIVE LOUVROIL;ILLKIRCH;437;300
DRIVE LOUVROIL;KIRCHBERG;226;165
DRIVE LOUVROIL;LA CLOCHE D'OR;218;160
DRIVE LOUVROIL;LA QUEUE LES YVELINES SUPER 1096;282;195
DRIVE LOUVROIL;LAXOU;328;240
DRIVE LOUVROIL;LE CHESNAY PARLY 2 SUPER 1144;257;180
DRIVE LOUVROIL;LE HAVRE;339;220
DRIVE LOUVROIL;LEERS;94;105
DRIVE LOUVROIL;LES MUREAUX HALLES AUCHAN;270;180
DRIVE LOUVROIL;LONGUEIL SAINTE MARIE SUPER 4315;173;115
DRIVE LOUVROIL;LOUVROIL;1;15
DRIVE LOUVROIL;MAUREPAS SUPER 4492;272;190
DRIVE LOUVROIL;MERS LES BAINS;241;170
DRIVE LOUVROIL;MERU;240;155
DRIVE LOUVROIL;MONT SAINT MARTIN;203;155
DRIVE LOUVROIL;MONTIVILLIERS;333;215
DRIVE LOUVROIL;NANCY CENTRE;329;245
DRIVE LOUVROIL;NOGENT SUR OISE;197;130
DRIVE LOUVROIL;NOYELLES GODAULT;86;90
DRIVE LOUVROIL;NOYON;158;165
DRIVE LOUVROIL;OSNY;255;165
DRIVE LOUVROIL;PETITE FORET;43;45
DRIVE LOUVROIL;ROISSY;216;140
DRIVE LOUVROIL;RONCQ;98;105
DRIVE LOUVROIL;SCHWEIGHOUSE;426;290
DRIVE LOUVROIL;SEMECOURT;266;195
DRIVE LOUVROIL;SOISY;238;160
DRIVE LOUVROIL;ST OMER;151;165
DRIVE LOUVROIL;ST QUENTIN;79;90
DRIVE LOUVROIL;STRASBOURG;434;300
DRIVE LOUVROIL;TAVERNY;247;160
DRIVE LOUVROIL;TOMBLAINE;332;245
DRIVE LOUVROIL;VAL DE REUIL SUPER 1209;306;205
DRIVE LOUVROIL;VALENCIENNES;36;45
DRIVE LOUVROIL;VERNEUIL 1 VERGER SUPER 4981;265;180
DRIVE LOUVROIL;VILLENEUVE 2;82;90
DRIVE LOUVROIL;VIRY NOUREUIL;137;150
DRIVE MONTIVILLIERS;1186 ST QUENTIN SCHUMANN SUPER;255;165
DRIVE MONTIVILLIERS;1267 CALAIS DELAROCHE SUPER;269;170
DRIVE MONTIVILLIERS;1297 HARNES SUPER;291;185
DRIVE MONTIVILLIERS;4313 CANTELEU SUPER;81;60
DRIVE MONTIVILLIERS;4536 LILLE WAZEMMES MY AUCHAN;311;200
DRIVE MONTIVILLIERS;4926 BILLY BERCLAU SUPER;304;195
DRIVE MONTIVILLIERS;4977 RUE SUPER;184;120
DRIVE MONTIVILLIERS;914 MARQUETTE LES PARTISANS DU GOUT;316;205
DRIVE MONTIVILLIERS;ARRAS;238;180
DRIVE MONTIVILLIERS;AUCHAN LUXEMBOURG SUPPLY;551;350
DRIVE MONTIVILLIERS;BETHUNE;248;255
DRIVE MONTIVILLIERS;BOULOGNE;251;155
DRIVE MONTIVILLIERS;CAEN CHRONO 352;95;70
DRIVE MONTIVILLIERS;CALAIS;264;165
DRIVE MONTIVILLIERS;CAMBRAI;270;175
DRIVE MONTIVILLIERS;CERGY;181;125
DRIVE MONTIVILLIERS;CERGY CHRONODRIVE 469;174;120
DRIVE MONTIVILLIERS;CHERBOURG;211;150
DRIVE MONTIVILLIERS;CHRONO AVELIN 4361;300;190
DRIVE MONTIVILLIERS;CHRONO BONDUES 4703;321;205
DRIVE MONTIVILLIERS;CHRONO COMPIEGNE 4345;262;175
DRIVE MONTIVILLIERS;CHRONO COUDEKERQUE 4242;307;195
DRIVE MONTIVILLIERS;CHRONO CROIX 4154;316;205
DRIVE MONTIVILLIERS;CHRONO ELEU DIT LEAUWETTE 4462;288;185
DRIVE MONTIVILLIERS;CHRONO HALLENNES 4167;310;200
DRIVE MONTIVILLIERS;CHRONO IFS;92;65
DRIVE MONTIVILLIERS;CHRONO LAMBERSART 4424;316;205
DRIVE MONTIVILLIERS;CHRONO MARCQ 4128;319;205
DRIVE MONTIVILLIERS;CHRONO VALENCIENNES 4370;297;190
DRIVE MONTIVILLIERS;CHRONO WASQUEHAL 4303;315;200
DRIVE MONTIVILLIERS;CORMEILLES EN PARISIS CHRONODRIVE 413;189;125
DRIVE MONTIVILLIERS;DIEPPE;109;120
DRIVE MONTIVILLIERS;DIFFERDANGE;539;355
DRIVE MONTIVILLIERS;DOUAI;287;190
DRIVE MONTIVILLIERS;DRIVE ARRAS;237;175
DRIVE MONTIVILLIERS;DRIVE BEAUVAIS;171;140
DRIVE MONTIVILLIERS;DRIVE BETHUNE;248;255
DRIVE MONTIVILLIERS;DRIVE BOULOGNE;239;240
DRIVE MONTIVILLIERS;DRIVE CALAIS;269;270
DRIVE MONTIVILLIERS;DRIVE CAMBRAI;270;175
DRIVE MONTIVILLIERS;DRIVE CERGY;180;125
DRIVE MONTIVILLIERS;DRIVE CHERBOURG;211;150
DRIVE MONTIVILLIERS;DRIVE DIEPPE;110;120
DRIVE MONTIVILLIERS;DRIVE DOUAI;287;190
DRIVE MONTIVILLIERS;DRIVE DUNKERQUE;301;190
DRIVE MONTIVILLIERS;DRIVE ENGLOS;319;205
DRIVE MONTIVILLIERS;DRIVE FACHES;281;285
DRIVE MONTIVILLIERS;DRIVE LE HAVRE;7;15
DRIVE MONTIVILLIERS;DRIVE LEERS;325;330
DRIVE MONTIVILLIERS;DRIVE MONTIVILLIERS;0;0
DRIVE MONTIVILLIERS;DRIVE NOGENT SUR OISE;259;165
DRIVE MONTIVILLIERS;DRIVE NOYELLES;282;180
DRIVE MONTIVILLIERS;DRIVE NOYON;242;170
DRIVE MONTIVILLIERS;DRIVE OSNY;183;130
DRIVE MONTIVILLIERS;DRIVE PETITE FORET;298;190
DRIVE MONTIVILLIERS;DRIVE ROISSY;212;145
DRIVE MONTIVILLIERS;DRIVE RONCQ;301;315
DRIVE MONTIVILLIERS;DRIVE SCHWEIGHOUSE;685;415
DRIVE MONTIVILLIERS;DRIVE ST OMER;284;185
DRIVE MONTIVILLIERS;DRIVE ST QUENTIN;249;160
DRIVE MONTIVILLIERS;DRIVE TAVERNY;194;135
DRIVE MONTIVILLIERS;DRIVE VALENCIENNES;296;190
DRIVE MONTIVILLIERS;DRIVE VILLENEUVE D'ASCQ;288;300
DRIVE MONTIVILLIERS;DUNKERQUE;303;315
DRIVE MONTIVILLIERS;DURY;175;180
DRIVE MONTIVILLIERS;ENGLOS;319;205
DRIVE MONTIVILLIERS;ENT AMIENS BINAT;180;180
DRIVE MONTIVILLIERS;ENT AMIENS SAINT SAUVEUR FLEG;180;180
DRIVE MONTIVILLIERS;ENT AMIENS SAINT SAUVEUR PF;180;180
DRIVE MONTIVILLIERS;ENT AMIENS SUPER POULAINVILLE PGC;182;195
DRIVE MONTIVILLIERS;ENT CARVIN FL;298;300
DRIVE MONTIVILLIERS;ENT CARVIN PF;298;300
DRIVE MONTIVILLIERS;ENT IENA;283;285
DRIVE MONTIVILLIERS;ENT IENA1;306;195
DRIVE MONTIVILLIERS;ENT IENA2;306;195
DRIVE MONTIVILLIERS;ENT MEYZIEU MEDLEY SUD;664;420
DRIVE MONTIVILLIERS;ENT SAINGHIN1;286;300
DRIVE MONTIVILLIERS;ENT SERRIS 2;239;165
DRIVE MONTIVILLIERS;ENT SOCOPAL DIEPPE;91;105
DRIVE MONTIVILLIERS;ENT V DHL;214;150
DRIVE MONTIVILLIERS;ENT V GEODIS;206;145
DRIVE MONTIVILLIERS;FACHES;282;285
DRIVE MONTIVILLIERS;FRANQUEVILLE CHRONODRIVE 4475;93;70
DRIVE MONTIVILLIERS;HERBLAY CHRONODRIVE 444;188;130
DRIVE MONTIVILLIERS;HIRSON;321;235
DRIVE MONTIVILLIERS;HOUILLES SUPER 1073;186;125
DRIVE MONTIVILLIERS;IFS CHRONODRIVE 4253;91;65
DRIVE MONTIVILLIERS;ILLKIRCH;696;425
DRIVE MONTIVILLIERS;KIRCHBERG;566;355
DRIVE MONTIVILLIERS;LA CLOCHE D'OR;557;350
DRIVE MONTIVILLIERS;LA QUEUE LES YVELINES SUPER 1096;165;120
DRIVE MONTIVILLIERS;LAXOU;545;360
DRIVE MONTIVILLIERS;LE CHESNAY PARLY 2 SUPER 1144;181;120
DRIVE MONTIVILLIERS;LE HAVRE;9;15
DRIVE MONTIVILLIERS;LEERS;325;330
DRIVE MONTIVILLIERS;LES MUREAUX HALLES AUCHAN;159;105
DRIVE MONTIVILLIERS;LONGUEIL SAINTE MARIE SUPER 4315;259;170
DRIVE MONTIVILLIERS;LOUVROIL;329;210
DRIVE MONTIVILLIERS;MAUREPAS SUPER 4492;193;130
DRIVE MONTIVILLIERS;MERS LES BAINS;134;135
DRIVE MONTIVILLIERS;MERU;199;150
DRIVE MONTIVILLIERS;MONT SAINT MARTIN;550;350
DRIVE MONTIVILLIERS;MONTIVILLIERS;1;15
DRIVE MONTIVILLIERS;NANCY CENTRE;551;370
DRIVE MONTIVILLIERS;NOGENT SUR OISE;218;225
DRIVE MONTIVILLIERS;NOYELLES GODAULT;283;180
DRIVE MONTIVILLIERS;NOYON;242;170
DRIVE MONTIVILLIERS;OSNY;184;130
DRIVE MONTIVILLIERS;PETITE FORET;297;190
DRIVE MONTIVILLIERS;ROISSY;212;145
DRIVE MONTIVILLIERS;RONCQ;301;315
DRIVE MONTIVILLIERS;SCHWEIGHOUSE;685;415
DRIVE MONTIVILLIERS;SEMECOURT;521;315
DRIVE MONTIVILLIERS;SOCOPAL;91;105
DRIVE MONTIVILLIERS;SOISY;197;135
DRIVE MONTIVILLIERS;ST OMER;285;185
DRIVE MONTIVILLIERS;ST QUENTIN;250;160
DRIVE MONTIVILLIERS;STRASBOURG;693;420
DRIVE MONTIVILLIERS;TAVERNY;193;135
DRIVE MONTIVILLIERS;TOMBLAINE;592;370
DRIVE MONTIVILLIERS;VAL DE REUIL SUPER 1209;96;70
DRIVE MONTIVILLIERS;VALENCIENNES;296;190
DRIVE MONTIVILLIERS;VERNEUIL 1 VERGER SUPER 4981;164;110
DRIVE MONTIVILLIERS;VILLENEUVE 2;311;200
DRIVE MONTIVILLIERS;VIRY NOUREUIL;278;285
DRIVE NOGENT SUR OISE;1186 ST QUENTIN SCHUMANN SUPER;108;120
DRIVE NOGENT SUR OISE;1267 CALAIS DELAROCHE SUPER;243;150
DRIVE NOGENT SUR OISE;1297 HARNES SUPER;156;105
DRIVE NOGENT SUR OISE;4313 CANTELEU SUPER;132;130
DRIVE NOGENT SUR OISE;4926 BILLY BERCLAU SUPER;169;110
DRIVE NOGENT SUR OISE;4977 RUE SUPER;164;105
DRIVE NOGENT SUR OISE;914 MARQUETTE LES PARTISANS DU GOUT;182;120
DRIVE NOGENT SUR OISE;ARRAS;140;100
DRIVE NOGENT SUR OISE;AUCHAN CITY TOURCOING;187;125
DRIVE NOGENT SUR OISE;AUCHAN LUXEMBOURG SUPPLY;353;250
DRIVE NOGENT SUR OISE;BEAUVAIS;42;45
DRIVE NOGENT SUR OISE;BETHUNE;169;110
DRIVE NOGENT SUR OISE;BOULOGNE;231;145
DRIVE NOGENT SUR OISE;CAEN CHRONO 352;292;195
DRIVE NOGENT SUR OISE;CALAIS;245;155
DRIVE NOGENT SUR OISE;CAMBRAI;135;90
DRIVE NOGENT SUR OISE;CERGY CHRONODRIVE 469;61;75
DRIVE NOGENT SUR OISE;CHERBOURG;409;275
DRIVE NOGENT SUR OISE;CHRONO AVELIN 4361;166;105
DRIVE NOGENT SUR OISE;CHRONO COMPIEGNE 4345;35;45
DRIVE NOGENT SUR OISE;CHRONO COUDEKERQUE 4242;251;160
DRIVE NOGENT SUR OISE;CHRONO CROIX 4154;182;120
DRIVE NOGENT SUR OISE;CHRONO ELEU DIT LEAUWETTE 4462;154;100
DRIVE NOGENT SUR OISE;CHRONO HALLENNES 4167;176;120
DRIVE NOGENT SUR OISE;CHRONO IFS;289;190
DRIVE NOGENT SUR OISE;CHRONO LAMBERSART 4424;182;125
DRIVE NOGENT SUR OISE;CHRONO MARCQ 4128;184;120
DRIVE NOGENT SUR OISE;CHRONO VALENCIENNES 4370;163;105
DRIVE NOGENT SUR OISE;CHRONO WASQUEHAL 4303;180;120
DRIVE NOGENT SUR OISE;CORMEILLES EN PARISIS CHRONODRIVE 413;74;75
DRIVE NOGENT SUR OISE;DIEPPE;197;140
DRIVE NOGENT SUR OISE;DIFFERDANGE;341;255
DRIVE NOGENT SUR OISE;DOUAI;153;105
DRIVE NOGENT SUR OISE;DRIVE ARRAS;141;150
DRIVE NOGENT SUR OISE;DRIVE BEAUVAIS;42;45
DRIVE NOGENT SUR OISE;DRIVE BETHUNE;170;110
DRIVE NOGENT SUR OISE;DRIVE BOULOGNE;217;135
DRIVE NOGENT SUR OISE;DRIVE CALAIS;245;155
DRIVE NOGENT SUR OISE;DRIVE CAMBRAI;135;90
DRIVE NOGENT SUR OISE;DRIVE CHERBOURG;409;275
DRIVE NOGENT SUR OISE;DRIVE DIEPPE;197;140
DRIVE NOGENT SUR OISE;DRIVE DOUAI;152;105
DRIVE NOGENT SUR OISE;DRIVE DURY;94;65
DRIVE NOGENT SUR OISE;DRIVE ENGLOS;184;125
DRIVE NOGENT SUR OISE;DRIVE FACHES;169;110
DRIVE NOGENT SUR OISE;DRIVE LE HAVRE;269;170
DRIVE NOGENT SUR OISE;DRIVE LEERS;187;125
DRIVE NOGENT SUR OISE;DRIVE MONTIVILLIERS;259;165
DRIVE NOGENT SUR OISE;DRIVE NOGENT SUR OISE;0;0
DRIVE NOGENT SUR OISE;DRIVE NOYELLES;146;95
DRIVE NOGENT SUR OISE;DRIVE OSNY;48;60
DRIVE NOGENT SUR OISE;DRIVE PETITE FORET;162;105
DRIVE NOGENT SUR OISE;DRIVE ROISSY;44;45
DRIVE NOGENT SUR OISE;DRIVE RONCQ;189;125
DRIVE NOGENT SUR OISE;DRIVE SCHWEIGHOUSE;485;320
DRIVE NOGENT SUR OISE;DRIVE ST OMER;211;135
DRIVE NOGENT SUR OISE;DRIVE ST QUENTIN;118;80
DRIVE NOGENT SUR OISE;DRIVE TAVERNY;48;60
DRIVE NOGENT SUR OISE;DRIVE VALENCIENNES;160;105
DRIVE NOGENT SUR OISE;DRIVE VILLENEUVE D'ASCQ;175;115
DRIVE NOGENT SUR OISE;DUNKERQUE;250;165
DRIVE NOGENT SUR OISE;DURY;92;105
DRIVE NOGENT SUR OISE;ENGLOS;183;120
DRIVE NOGENT SUR OISE;ENT AMIENS BINAT;106;120
DRIVE NOGENT SUR OISE;ENT AMIENS SAINT SAUVEUR FLEG;103;105
DRIVE NOGENT SUR OISE;ENT AMIENS SAINT SAUVEUR PF;103;105
DRIVE NOGENT SUR OISE;ENT AMIENS SUPER POULAINVILLE PGC;105;105
DRIVE NOGENT SUR OISE;ENT CARVIN FL;158;105
DRIVE NOGENT SUR OISE;ENT CARVIN PF;158;105
DRIVE NOGENT SUR OISE;ENT IENA;171;180
DRIVE NOGENT SUR OISE;ENT IENA1;170;110
DRIVE NOGENT SUR OISE;ENT IENA2;170;110
DRIVE NOGENT SUR OISE;ENT MEYZIEU MEDLEY SUD;541;345
DRIVE NOGENT SUR OISE;ENT SAINGHIN1;174;180
DRIVE NOGENT SUR OISE;ENT SERRIS 1;74;75
DRIVE NOGENT SUR OISE;ENT SERRIS 2;79;65
DRIVE NOGENT SUR OISE;ENT V DHL;92;105
DRIVE NOGENT SUR OISE;ENT V GEODIS;93;105
DRIVE NOGENT SUR OISE;FACHES;169;110
DRIVE NOGENT SUR OISE;FRANQUEVILLE CHRONODRIVE 4475;125;120
DRIVE NOGENT SUR OISE;HERBLAY CHRONODRIVE 444;55;60
DRIVE NOGENT SUR OISE;HIRSON;167;155
DRIVE NOGENT SUR OISE;HOUILLES SUPER 1073;71;75
DRIVE NOGENT SUR OISE;IFS CHRONODRIVE 4253;290;190
DRIVE NOGENT SUR OISE;ILLKIRCH;497;330
DRIVE NOGENT SUR OISE;KIRCHBERG;366;265
DRIVE NOGENT SUR OISE;LA CLOCHE D'OR;358;255
DRIVE NOGENT SUR OISE;LA QUEUE LES YVELINES SUPER 1096;108;90
DRIVE NOGENT SUR OISE;LAXOU;346;265
DRIVE NOGENT SUR OISE;LE CHESNAY PARLY 2 SUPER 1144;82;75
DRIVE NOGENT SUR OISE;LE HAVRE;216;170
DRIVE NOGENT SUR OISE;LEERS;186;125
DRIVE NOGENT SUR OISE;LES MUREAUX HALLES AUCHAN;76;75
DRIVE NOGENT SUR OISE;LONGUEIL SAINTE MARIE SUPER 4315;25;30
DRIVE NOGENT SUR OISE;LOUVROIL;194;130
DRIVE NOGENT SUR OISE;MAUREPAS SUPER 4492;97;85
DRIVE NOGENT SUR OISE;MERS LES BAINS;177;125
DRIVE NOGENT SUR OISE;MERU;38;45
DRIVE NOGENT SUR OISE;MONT SAINT MARTIN;336;255
DRIVE NOGENT SUR OISE;MONTIVILLIERS;211;165
DRIVE NOGENT SUR OISE;NANCY CENTRE;352;275
DRIVE NOGENT SUR OISE;NOGENT SUR OISE;4;15
DRIVE NOGENT SUR OISE;NOYELLES GODAULT;147;95
DRIVE NOGENT SUR OISE;NOYON;59;60
DRIVE NOGENT SUR OISE;OSNY;48;60
DRIVE NOGENT SUR OISE;PETITE FORET;162;105
DRIVE NOGENT SUR OISE;ROISSY;39;45
DRIVE NOGENT SUR OISE;RONCQ;188;125
DRIVE NOGENT SUR OISE;SCHWEIGHOUSE;486;320
DRIVE NOGENT SUR OISE;SEMECOURT;322;225
DRIVE NOGENT SUR OISE;SOISY;43;45
DRIVE NOGENT SUR OISE;ST OMER;211;135
DRIVE NOGENT SUR OISE;STRASBOURG;494;325
DRIVE NOGENT SUR OISE;TAVERNY;53;60
DRIVE NOGENT SUR OISE;TOMBLAINE;392;275
DRIVE NOGENT SUR OISE;VAL DE REUIL SUPER 1209;165;120
DRIVE NOGENT SUR OISE;VALENCIENNES;160;105
DRIVE NOGENT SUR OISE;VERNEUIL 1 VERGER SUPER 4981;68;70
DRIVE NOGENT SUR OISE;VILLENEUVE 2;175;115
DRIVE NOGENT SUR OISE;VIRY NOUREUIL;82;90
DRIVE NOYELLES;1186 ST QUENTIN SCHUMANN SUPER;82;90
DRIVE NOYELLES;1267 CALAIS DELAROCHE SUPER;113;120
DRIVE NOYELLES;1297 HARNES SUPER;10;10
DRIVE NOYELLES;4313 CANTELEU SUPER;236;150
DRIVE NOYELLES;4536 LILLE WAZEMMES MY AUCHAN;31;25
DRIVE NOYELLES;4977 RUE SUPER;118;110
DRIVE NOYELLES;914 MARQUETTE LES PARTISANS DU GOUT;36;30
DRIVE NOYELLES;ARRAS;27;30
DRIVE NOYELLES;AUCHAN LUXEMBOURG SUPPLY;334;220
DRIVE NOYELLES;BETHUNE;39;45
DRIVE NOYELLES;BOULOGNE;116;120
DRIVE NOYELLES;CAEN CHRONO 352;361;225
DRIVE NOYELLES;CAMBRAI;53;60
DRIVE NOYELLES;CERGY;201;130
DRIVE NOYELLES;CERGY CHRONODRIVE 469;206;135
DRIVE NOYELLES;CHERBOURG;477;310
DRIVE NOYELLES;CHRONO AVELIN 4361;20;30
DRIVE NOYELLES;CHRONO BONDUES 4703;41;45
DRIVE NOYELLES;CHRONO COMPIEGNE 4345;120;120
DRIVE NOYELLES;CHRONO COUDEKERQUE 4242;105;70
DRIVE NOYELLES;CHRONO CROIX 4154;38;45
DRIVE NOYELLES;CHRONO ELEU DIT LEAUWETTE 4462;16;30
DRIVE NOYELLES;CHRONO HALLENNES 4167;39;45
DRIVE NOYELLES;CHRONO IFS;358;220
DRIVE NOYELLES;CHRONO LAMBERSART 4424;36;45
DRIVE NOYELLES;CHRONO MARCQ 4128;37;45
DRIVE NOYELLES;CHRONO VALENCIENNES 4370;51;60
DRIVE NOYELLES;CHRONO WASQUEHAL 4303;34;25
DRIVE NOYELLES;CORMEILLES EN PARISIS CHRONODRIVE 413;197;130
DRIVE NOYELLES;DIEPPE;220;155
DRIVE NOYELLES;DIFFERDANGE;314;215
DRIVE NOYELLES;DOUAI;14;15
DRIVE NOYELLES;DRIVE ARRAS;27;30
DRIVE NOYELLES;DRIVE BEAUVAIS;167;105
DRIVE NOYELLES;DRIVE BETHUNE;39;45
DRIVE NOYELLES;DRIVE BOULOGNE;119;120
DRIVE NOYELLES;DRIVE CALAIS;117;80
DRIVE NOYELLES;DRIVE CAMBRAI;53;60
DRIVE NOYELLES;DRIVE CERGY;201;130
DRIVE NOYELLES;DRIVE CHERBOURG;477;310
DRIVE NOYELLES;DRIVE DIEPPE;220;155
DRIVE NOYELLES;DRIVE DOUAI;14;15
DRIVE NOYELLES;DRIVE DUNKERQUE;106;120
DRIVE NOYELLES;DRIVE ENGLOS;38;45
DRIVE NOYELLES;DRIVE FACHES;24;30
DRIVE NOYELLES;DRIVE LE HAVRE;289;300
DRIVE NOYELLES;DRIVE LEERS;42;45
DRIVE NOYELLES;DRIVE MONTIVILLIERS;282;180
DRIVE NOYELLES;DRIVE NOGENT SUR OISE;146;95
DRIVE NOYELLES;DRIVE NOYELLES;0;0
DRIVE NOYELLES;DRIVE NOYON;109;80
DRIVE NOYELLES;DRIVE OSNY;207;130
DRIVE NOYELLES;DRIVE PETITE FORET;49;60
DRIVE NOYELLES;DRIVE ROISSY;168;105
DRIVE NOYELLES;DRIVE RONCQ;44;45
DRIVE NOYELLES;DRIVE SCHWEIGHOUSE;516;310
DRIVE NOYELLES;DRIVE ST QUENTIN;77;50
DRIVE NOYELLES;DRIVE TAVERNY;199;125
DRIVE NOYELLES;DRIVE VALENCIENNES;51;60
DRIVE NOYELLES;DRIVE VILLENEUVE D'ASCQ;30;30
DRIVE NOYELLES;DURY;93;105
DRIVE NOYELLES;ENGLOS;39;45
DRIVE NOYELLES;ENT AMIENS BINAT;89;90
DRIVE NOYELLES;ENT AMIENS SAINT SAUVEUR FLEG;98;105
DRIVE NOYELLES;ENT AMIENS SAINT SAUVEUR PF;98;105
DRIVE NOYELLES;ENT AMIENS SUPER POULAINVILLE PGC;93;105
DRIVE NOYELLES;ENT CARVIN FL;13;15
DRIVE NOYELLES;ENT CARVIN PF;13;15
DRIVE NOYELLES;ENT IENA;25;30
DRIVE NOYELLES;ENT IENA1;25;30
DRIVE NOYELLES;ENT IENA2;25;30
DRIVE NOYELLES;ENT MEYZIEU MEDLEY SUD;673;405
DRIVE NOYELLES;ENT SAINGHIN1;29;30
DRIVE NOYELLES;ENT SERRIS 2;205;135
DRIVE NOYELLES;ENT SOCOPAL DIEPPE;196;210
DRIVE NOYELLES;ENT V DHL;170;110
DRIVE NOYELLES;ENT V GEODIS;176;115
DRIVE NOYELLES;FACHES;24;30
DRIVE NOYELLES;FRANQUEVILLE CHRONODRIVE 4475;231;150
DRIVE NOYELLES;HERBLAY CHRONODRIVE 444;202;130
DRIVE NOYELLES;HIRSON;109;120
DRIVE NOYELLES;HOUILLES SUPER 1073;196;130
DRIVE NOYELLES;IFS CHRONODRIVE 4253;357;220
DRIVE NOYELLES;ILLKIRCH;528;320
DRIVE NOYELLES;KIRCHBERG;328;215
DRIVE NOYELLES;LA CLOCHE D'OR;320;210
DRIVE NOYELLES;LA QUEUE LES YVELINES SUPER 1096;234;160
DRIVE NOYELLES;LAXOU;377;250
DRIVE NOYELLES;LE CHESNAY PARLY 2 SUPER 1144;209;145
DRIVE NOYELLES;LE HAVRE;291;185
DRIVE NOYELLES;LEERS;42;45
DRIVE NOYELLES;LES MUREAUX HALLES AUCHAN;222;145
DRIVE NOYELLES;LONGUEIL SAINTE MARIE SUPER 4315;125;80
DRIVE NOYELLES;LOUVROIL;85;65
DRIVE NOYELLES;MAUREPAS SUPER 4492;223;155
DRIVE NOYELLES;MERS LES BAINS;134;135
DRIVE NOYELLES;MERU;192;195
DRIVE NOYELLES;MONT SAINT MARTIN;305;205
DRIVE NOYELLES;MONTIVILLIERS;285;180
DRIVE NOYELLES;NANCY CENTRE;382;265
DRIVE NOYELLES;NOYELLES GODAULT;1;15
DRIVE NOYELLES;NOYON;111;120
DRIVE NOYELLES;OSNY;207;130
DRIVE NOYELLES;PETITE FORET;49;60
DRIVE NOYELLES;ROISSY;168;105
DRIVE NOYELLES;RONCQ;44;45
DRIVE NOYELLES;SCHWEIGHOUSE;516;310
DRIVE NOYELLES;SEMECOURT;353;210
DRIVE NOYELLES;SOCOPAL;196;210
DRIVE NOYELLES;SOISY;190;125
DRIVE NOYELLES;ST OMER;78;90
DRIVE NOYELLES;ST QUENTIN;77;50
DRIVE NOYELLES;STRASBOURG;525;315
DRIVE NOYELLES;TAVERNY;199;125
DRIVE NOYELLES;TOMBLAINE;423;265
DRIVE NOYELLES;VAL DE REUIL SUPER 1209;258;170
DRIVE NOYELLES;VALENCIENNES;51;60
DRIVE NOYELLES;VERNEUIL 1 VERGER SUPER 4981;217;145
DRIVE NOYELLES;VILLENEUVE 2;30;30
DRIVE NOYELLES;VIRY NOUREUIL;106;120
DRIVE NOYON;1186 ST QUENTIN SCHUMANN SUPER;51;50
DRIVE NOYON;1267 CALAIS DELAROCHE SUPER;204;135
DRIVE NOYON;1297 HARNES SUPER;118;85
DRIVE NOYON;4313 CANTELEU SUPER;195;140
DRIVE NOYON;4536 LILLE WAZEMMES MY AUCHAN;139;100
DRIVE NOYON;4926 BILLY BERCLAU SUPER;131;95
DRIVE NOYON;4977 RUE SUPER;139;105
DRIVE NOYON;914 MARQUETTE LES PARTISANS DU GOUT;143;105
DRIVE NOYON;ARRAS;104;105
DRIVE NOYON;AUCHAN CITY TOURCOING;149;110
DRIVE NOYON;AUCHAN LUXEMBOURG SUPPLY;323;225
DRIVE NOYON;BEAUVAIS;80;90
DRIVE NOYON;BETHUNE;133;135
DRIVE NOYON;BOULOGNE;196;210
DRIVE NOYON;CAEN CHRONO 352;320;215
DRIVE NOYON;CALAIS;209;140
DRIVE NOYON;CAMBRAI;99;105
DRIVE NOYON;CERGY;117;120
DRIVE NOYON;CERGY CHRONODRIVE 469;120;85
DRIVE NOYON;CHERBOURG;407;420
DRIVE NOYON;CHRONO COMPIEGNE 4345;30;30
DRIVE NOYON;CHRONO COUDEKERQUE 4242;213;145
DRIVE NOYON;CHRONO CROIX 4154;144;105
DRIVE NOYON;CHRONO ELEU DIT LEAUWETTE 4462;115;85
DRIVE NOYON;CHRONO HALLENNES 4167;149;150
DRIVE NOYON;CHRONO IFS;318;210
DRIVE NOYON;CHRONO LAMBERSART 4424;144;105
DRIVE NOYON;CHRONO MARCQ 4128;146;105
DRIVE NOYON;CHRONO VALENCIENNES 4370;124;90
DRIVE NOYON;CHRONO WASQUEHAL 4303;142;100
DRIVE NOYON;CORMEILLES EN PARISIS CHRONODRIVE 413;112;85
DRIVE NOYON;DIEPPE;180;180
DRIVE NOYON;DIFFERDANGE;312;230
DRIVE NOYON;DOUAI;117;120
DRIVE NOYON;DRIVE ARRAS;103;85
DRIVE NOYON;DRIVE BEAUVAIS;80;90
DRIVE NOYON;DRIVE BETHUNE;133;135
DRIVE NOYON;DRIVE BOULOGNE;193;135
DRIVE NOYON;DRIVE CALAIS;209;135
DRIVE NOYON;DRIVE CAMBRAI;99;105
DRIVE NOYON;DRIVE CERGY;116;120
DRIVE NOYON;DRIVE CHERBOURG;407;420
DRIVE NOYON;DRIVE DIEPPE;180;145
DRIVE NOYON;DRIVE DOUAI;117;120
DRIVE NOYON;DRIVE DUNKERQUE;212;145
DRIVE NOYON;DRIVE DURY;72;75
DRIVE NOYON;DRIVE ENGLOS;146;105
DRIVE NOYON;DRIVE LE HAVRE;251;175
DRIVE NOYON;DRIVE LEERS;151;165
DRIVE NOYON;DRIVE LOUVROIL;157;115
DRIVE NOYON;DRIVE MONTIVILLIERS;242;170
DRIVE NOYON;DRIVE NOGENT SUR OISE;58;60
DRIVE NOYON;DRIVE NOYELLES;109;80
DRIVE NOYON;DRIVE NOYON;0;0
DRIVE NOYON;DRIVE OSNY;121;85
DRIVE NOYON;DRIVE PETITE FORET;129;135
DRIVE NOYON;DRIVE ROISSY;82;60
DRIVE NOYON;DRIVE RONCQ;154;165
DRIVE NOYON;DRIVE SCHWEIGHOUSE;458;290
DRIVE NOYON;DRIVE ST OMER;174;120
DRIVE NOYON;DRIVE ST QUENTIN;53;60
DRIVE NOYON;DRIVE TAVERNY;113;120
DRIVE NOYON;DRIVE VALENCIENNES;124;90
DRIVE NOYON;DUNKERQUE;213;150
DRIVE NOYON;DURY;72;75
DRIVE NOYON;ENGLOS;146;105
DRIVE NOYON;ENT AMIENS BINAT;74;75
DRIVE NOYON;ENT AMIENS SAINT SAUVEUR FLEG;79;90
DRIVE NOYON;ENT AMIENS SAINT SAUVEUR PF;79;90
DRIVE NOYON;ENT AMIENS SUPER POULAINVILLE PGC;74;75
DRIVE NOYON;ENT CARVIN FL;123;135
DRIVE NOYON;ENT CARVIN PF;123;135
DRIVE NOYON;ENT IENA;136;150
DRIVE NOYON;ENT IENA1;134;95
DRIVE NOYON;ENT IENA2;134;95
DRIVE NOYON;ENT MEYZIEU MEDLEY SUD;581;370
DRIVE NOYON;ENT SAINGHIN1;139;150
DRIVE NOYON;ENT SERRIS 1;123;135
DRIVE NOYON;ENT SERRIS 2;120;90
DRIVE NOYON;ENT V DHL;139;150
DRIVE NOYON;ENT V GEODIS;139;150
DRIVE NOYON;FRANQUEVILLE CHRONODRIVE 4475;190;145
DRIVE NOYON;HERBLAY CHRONODRIVE 444;116;85
DRIVE NOYON;HIRSON;110;120
DRIVE NOYON;HOUILLES SUPER 1073;109;120
DRIVE NOYON;IFS CHRONODRIVE 4253;316;215
DRIVE NOYON;ILLKIRCH;469;300
DRIVE NOYON;KIRCHBERG;339;235
DRIVE NOYON;LA CLOCHE D'OR;330;225
DRIVE NOYON;LA QUEUE LES YVELINES SUPER 1096;148;115
DRIVE NOYON;LAXOU;318;235
DRIVE NOYON;LE CHESNAY PARLY 2 SUPER 1144;123;100
DRIVE NOYON;LE HAVRE;250;175
DRIVE NOYON;LEERS;151;165
DRIVE NOYON;LES MUREAUX HALLES AUCHAN;136;100
DRIVE NOYON;LONGUEIL SAINTE MARIE SUPER 4315;37;45
DRIVE NOYON;LOUVROIL;126;135
DRIVE NOYON;MAUREPAS SUPER 4492;138;110
DRIVE NOYON;MERS LES BAINS;153;165
DRIVE NOYON;MERU;109;120
DRIVE NOYON;MONT SAINT MARTIN;308;225
DRIVE NOYON;MONTIVILLIERS;245;170
DRIVE NOYON;NANCY CENTRE;324;245
DRIVE NOYON;NOGENT SUR OISE;59;60
DRIVE NOYON;NOYELLES GODAULT;113;120
DRIVE NOYON;NOYON;4;15
DRIVE NOYON;OSNY;118;120
DRIVE NOYON;PETITE FORET;129;135
DRIVE NOYON;ROISSY;83;90
DRIVE NOYON;RONCQ;154;165
DRIVE NOYON;SCHWEIGHOUSE;458;290
DRIVE NOYON;SEMECOURT;294;190
DRIVE NOYON;SOISY;103;105
DRIVE NOYON;ST OMER;173;180
DRIVE NOYON;ST QUENTIN;53;60
DRIVE NOYON;STRASBOURG;466;295
DRIVE NOYON;TAVERNY;113;120
DRIVE NOYON;TOMBLAINE;365;245
DRIVE NOYON;VAL DE REUIL SUPER 1209;205;145
DRIVE NOYON;VALENCIENNES;124;90
DRIVE NOYON;VERNEUIL 1 VERGER SUPER 4981;131;100
DRIVE NOYON;VILLENEUVE 2;138;100
DRIVE NOYON;VIRY NOUREUIL;27;30
DRIVE OSNY;1186 ST QUENTIN SCHUMANN SUPER;182;125
DRIVE OSNY;1267 CALAIS DELAROCHE SUPER;254;170
DRIVE OSNY;1297 HARNES SUPER;215;140
DRIVE OSNY;4313 CANTELEU SUPER;126;95
DRIVE OSNY;4536 LILLE WAZEMMES MY AUCHAN;236;155
DRIVE OSNY;4926 BILLY BERCLAU SUPER;228;145
DRIVE OSNY;4977 RUE SUPER;170;120
DRIVE OSNY;914 MARQUETTE LES PARTISANS DU GOUT;241;160
DRIVE OSNY;ARRAS;199;135
DRIVE OSNY;AUCHAN CITY TOURCOING;247;160
DRIVE OSNY;AUCHAN LUXEMBOURG SUPPLY;383;255
DRIVE OSNY;BEAUVAIS;50;60
DRIVE OSNY;BETHUNE;228;145
DRIVE OSNY;BOULOGNE;236;155
DRIVE OSNY;CAEN CHRONO 352;224;150
DRIVE OSNY;CALAIS;250;165
DRIVE OSNY;CAMBRAI;194;130
DRIVE OSNY;CERGY;6;15
DRIVE OSNY;CERGY CHRONODRIVE 469;10;15
DRIVE OSNY;CHERBOURG;341;230
DRIVE OSNY;CHRONO AVELIN 4361;225;140
DRIVE OSNY;CHRONO BONDUES 4703;246;160
DRIVE OSNY;CHRONO COMPIEGNE 4345;91;65
DRIVE OSNY;CHRONO COUDEKERQUE 4242;292;190
DRIVE OSNY;CHRONO CROIX 4154;241;155
DRIVE OSNY;CHRONO ELEU DIT LEAUWETTE 4462;213;140
DRIVE OSNY;CHRONO HALLENNES 4167;235;155
DRIVE OSNY;CHRONO IFS;222;145
DRIVE OSNY;CHRONO LAMBERSART 4424;241;160
DRIVE OSNY;CHRONO MARCQ 4128;244;160
DRIVE OSNY;CHRONO VALENCIENNES 4370;222;145
DRIVE OSNY;CHRONO WASQUEHAL 4303;239;155
DRIVE OSNY;CORMEILLES EN PARISIS CHRONODRIVE 413;21;30
DRIVE OSNY;DIEPPE;183;135
DRIVE OSNY;DIFFERDANGE;371;260
DRIVE OSNY;DOUAI;212;140
DRIVE OSNY;DRIVE ARRAS;200;135
DRIVE OSNY;DRIVE BEAUVAIS;50;60
DRIVE OSNY;DRIVE BETHUNE;229;145
DRIVE OSNY;DRIVE BOULOGNE;223;145
DRIVE OSNY;DRIVE CALAIS;250;165
DRIVE OSNY;DRIVE CAMBRAI;194;130
DRIVE OSNY;DRIVE CERGY;7;15
DRIVE OSNY;DRIVE CHERBOURG;341;230
DRIVE OSNY;DRIVE DIEPPE;183;135
DRIVE OSNY;DRIVE DOUAI;211;140
DRIVE OSNY;DRIVE DUNKERQUE;287;190
DRIVE OSNY;DRIVE DURY;99;75
DRIVE OSNY;DRIVE ENGLOS;243;160
DRIVE OSNY;DRIVE FACHES;228;145
DRIVE OSNY;DRIVE LE HAVRE;189;135
DRIVE OSNY;DRIVE LEERS;246;160
DRIVE OSNY;DRIVE LOUVROIL;255;165
DRIVE OSNY;DRIVE MONTIVILLIERS;183;130
DRIVE OSNY;DRIVE NOGENT SUR OISE;61;75
DRIVE OSNY;DRIVE NOYELLES;207;130
DRIVE OSNY;DRIVE NOYON;121;85
DRIVE OSNY;DRIVE OSNY;0;0
DRIVE OSNY;DRIVE PETITE FORET;222;145
DRIVE OSNY;DRIVE ROISSY;47;60
DRIVE OSNY;DRIVE RONCQ;248;165
DRIVE OSNY;DRIVE SCHWEIGHOUSE;519;325
DRIVE OSNY;DRIVE ST OMER;271;175
DRIVE OSNY;DRIVE ST QUENTIN;173;120
DRIVE OSNY;DRIVE TAVERNY;19;30
DRIVE OSNY;DRIVE VALENCIENNES;220;145
DRIVE OSNY;DRIVE VILLENEUVE D'ASCQ;235;155
DRIVE OSNY;DUNKERQUE;287;190
DRIVE OSNY;DURY;98;75
DRIVE OSNY;ENGLOS;243;160
DRIVE OSNY;ENT AMIENS BINAT;133;135
DRIVE OSNY;ENT AMIENS SAINT SAUVEUR FLEG;131;135
DRIVE OSNY;ENT AMIENS SAINT SAUVEUR PF;131;135
DRIVE OSNY;ENT AMIENS SUPER POULAINVILLE PGC;133;135
DRIVE OSNY;ENT CARVIN FL;218;145
DRIVE OSNY;ENT CARVIN PF;218;145
DRIVE OSNY;ENT IENA;230;150
DRIVE OSNY;ENT IENA1;230;150
DRIVE OSNY;ENT IENA2;230;150
DRIVE OSNY;ENT MEYZIEU MEDLEY SUD;514;340
DRIVE OSNY;ENT SAINGHIN1;233;240
DRIVE OSNY;ENT SERRIS 1;74;75
DRIVE OSNY;ENT SERRIS 2;74;75
DRIVE OSNY;ENT SOCOPAL DIEPPE;114;120
DRIVE OSNY;ENT V DHL;72;75
DRIVE OSNY;ENT V GEODIS;73;75
DRIVE OSNY;FACHES;228;150
DRIVE OSNY;FRANQUEVILLE CHRONODRIVE 4475;86;90
DRIVE OSNY;HERBLAY CHRONODRIVE 444;14;15
DRIVE OSNY;HIRSON;215;185
DRIVE OSNY;HOUILLES SUPER 1073;33;45
DRIVE OSNY;IFS CHRONODRIVE 4253;222;145
DRIVE OSNY;ILLKIRCH;530;335
DRIVE OSNY;KIRCHBERG;400;270
DRIVE OSNY;LA CLOCHE D'OR;392;260
DRIVE OSNY;LA QUEUE LES YVELINES SUPER 1096;56;60
DRIVE OSNY;LAXOU;380;270
DRIVE OSNY;LE CHESNAY PARLY 2 SUPER 1144;34;40
DRIVE OSNY;LE HAVRE;189;135
DRIVE OSNY;LEERS;246;165
DRIVE OSNY;LES MUREAUX HALLES AUCHAN;25;30
DRIVE OSNY;LONGUEIL SAINTE MARIE SUPER 4315;87;70
DRIVE OSNY;LOUVROIL;253;170
DRIVE OSNY;MAUREPAS SUPER 4492;49;60
DRIVE OSNY;MERS LES BAINS;181;135
DRIVE OSNY;MERU;22;30
DRIVE OSNY;MONT SAINT MARTIN;369;260
DRIVE OSNY;MONTIVILLIERS;182;195
DRIVE OSNY;NANCY CENTRE;385;280
DRIVE OSNY;NOGENT SUR OISE;58;60
DRIVE OSNY;NOYELLES GODAULT;207;135
DRIVE OSNY;NOYON;119;120
DRIVE OSNY;OSNY;0;0
DRIVE OSNY;PETITE FORET;221;145
DRIVE OSNY;ROISSY;45;45
DRIVE OSNY;RONCQ;247;165
DRIVE OSNY;SCHWEIGHOUSE;519;325
DRIVE OSNY;SEMECOURT;355;225
DRIVE OSNY;SOCOPAL;113;110
DRIVE OSNY;SOISY;26;30
DRIVE OSNY;ST OMER;271;175
DRIVE OSNY;ST QUENTIN;173;120
DRIVE OSNY;STRASBOURG;528;330
DRIVE OSNY;TAVERNY;19;30
DRIVE OSNY;TOMBLAINE;426;280
DRIVE OSNY;VAL DE REUIL SUPER 1209;97;75
DRIVE OSNY;VALENCIENNES;220;145
DRIVE OSNY;VERNEUIL 1 VERGER SUPER 4981;25;30
DRIVE OSNY;VILLENEUVE 2;235;155
DRIVE OSNY;VIRY NOUREUIL;143;110
DRIVE PETITE FORET;1186 ST QUENTIN SCHUMANN SUPER;82;90
DRIVE PETITE FORET;1267 CALAIS DELAROCHE SUPER;153;165
DRIVE PETITE FORET;1297 HARNES SUPER;58;50
DRIVE PETITE FORET;4313 CANTELEU SUPER;252;160
DRIVE PETITE FORET;4536 LILLE WAZEMMES MY AUCHAN;47;35
DRIVE PETITE FORET;4926 BILLY BERCLAU SUPER;67;75
DRIVE PETITE FORET;4977 RUE SUPER;197;130
DRIVE PETITE FORET;914 MARQUETTE LES PARTISANS DU GOUT;51;60
DRIVE PETITE FORET;ARRAS;69;75
DRIVE PETITE FORET;AUCHAN CITY TOURCOING;56;60
DRIVE PETITE FORET;AUCHAN LUXEMBOURG SUPPLY;290;190
DRIVE PETITE FORET;BEAUVAIS;182;195
DRIVE PETITE FORET;BETHUNE;82;90
DRIVE PETITE FORET;BOULOGNE;160;165
DRIVE PETITE FORET;CAEN CHRONO 352;376;235
DRIVE PETITE FORET;CALAIS;160;165
DRIVE PETITE FORET;CAMBRAI;32;45
DRIVE PETITE FORET;CERGY;217;140
DRIVE PETITE FORET;CERGY CHRONODRIVE 469;222;145
DRIVE PETITE FORET;CHERBOURG;493;320
DRIVE PETITE FORET;CHRONO AVELIN 4361;37;45
DRIVE PETITE FORET;CHRONO BONDUES 4703;56;60
DRIVE PETITE FORET;CHRONO COMPIEGNE 4345;137;150
DRIVE PETITE FORET;CHRONO COUDEKERQUE 4242;112;120
DRIVE PETITE FORET;CHRONO CROIX 4154;50;60
DRIVE PETITE FORET;CHRONO ELEU DIT LEAUWETTE 4462;64;75
DRIVE PETITE FORET;CHRONO HALLENNES 4167;55;60
DRIVE PETITE FORET;CHRONO IFS;374;235
DRIVE PETITE FORET;CHRONO LAMBERSART 4424;50;60
DRIVE PETITE FORET;CHRONO MARCQ 4128;52;60
DRIVE PETITE FORET;CHRONO VALENCIENNES 4370;6;15
DRIVE PETITE FORET;CHRONO WASQUEHAL 4303;49;60
DRIVE PETITE FORET;CORMEILLES EN PARISIS CHRONODRIVE 413;213;140
DRIVE PETITE FORET;DIEPPE;236;240
DRIVE PETITE FORET;DIFFERDANGE;270;185
DRIVE PETITE FORET;DOUAI;44;45
DRIVE PETITE FORET;DRIVE BEAUVAIS;181;195
DRIVE PETITE FORET;DRIVE BETHUNE;82;90
DRIVE PETITE FORET;DRIVE CALAIS;158;165
DRIVE PETITE FORET;DRIVE CAMBRAI;32;45
DRIVE PETITE FORET;DRIVE CERGY;217;140
DRIVE PETITE FORET;DRIVE CHERBOURG;493;320
DRIVE PETITE FORET;DRIVE DIEPPE;236;165
DRIVE PETITE FORET;DRIVE DOUAI;44;45
DRIVE PETITE FORET;DRIVE DUNKERQUE;121;135
DRIVE PETITE FORET;DRIVE DURY;127;135
DRIVE PETITE FORET;DRIVE ENGLOS;55;60
DRIVE PETITE FORET;DRIVE FACHES;45;45
DRIVE PETITE FORET;DRIVE LE HAVRE;308;195
DRIVE PETITE FORET;DRIVE LEERS;54;60
DRIVE PETITE FORET;DRIVE LOUVROIL;44;45
DRIVE PETITE FORET;DRIVE MONTIVILLIERS;298;190
DRIVE PETITE FORET;DRIVE NOGENT SUR OISE;162;105
DRIVE PETITE FORET;DRIVE NOYELLES;55;60
DRIVE PETITE FORET;DRIVE OSNY;222;145
DRIVE PETITE FORET;DRIVE PETITE FORET;0;0
DRIVE PETITE FORET;DRIVE ROISSY;184;115
DRIVE PETITE FORET;DRIVE RONCQ;58;60
DRIVE PETITE FORET;DRIVE SCHWEIGHOUSE;516;310
DRIVE PETITE FORET;DRIVE ST OMER;113;120
DRIVE PETITE FORET;DRIVE TAVERNY;215;135
DRIVE PETITE FORET;DRIVE VALENCIENNES;7;15
DRIVE PETITE FORET;DRIVE VILLENEUVE D'ASCQ;42;45
DRIVE PETITE FORET;DUNKERQUE;122;135
DRIVE PETITE FORET;DURY;127;135
DRIVE PETITE FORET;ENGLOS;55;60
DRIVE PETITE FORET;ENT AMIENS BINAT;112;120
DRIVE PETITE FORET;ENT AMIENS SAINT SAUVEUR FLEG;135;135
DRIVE PETITE FORET;ENT AMIENS SAINT SAUVEUR PF;135;135
DRIVE PETITE FORET;ENT AMIENS SUPER POULAINVILLE PGC;131;135
DRIVE PETITE FORET;ENT CARVIN FL;59;40
DRIVE PETITE FORET;ENT CARVIN PF;59;40
DRIVE PETITE FORET;ENT IENA;42;45
DRIVE PETITE FORET;ENT IENA1;42;45
DRIVE PETITE FORET;ENT IENA2;42;45
DRIVE PETITE FORET;ENT MEYZIEU MEDLEY SUD;673;405
DRIVE PETITE FORET;ENT SAINGHIN1;40;45
DRIVE PETITE FORET;ENT SERRIS 1;227;240
DRIVE PETITE FORET;ENT SERRIS 2;221;145
DRIVE PETITE FORET;ENT V DHL;243;255
DRIVE PETITE FORET;ENT V GEODIS;243;255
DRIVE PETITE FORET;FACHES;45;45
DRIVE PETITE FORET;FRANQUEVILLE CHRONODRIVE 4475;247;165
DRIVE PETITE FORET;HERBLAY CHRONODRIVE 444;218;140
DRIVE PETITE FORET;HIRSON;86;90
DRIVE PETITE FORET;HOUILLES SUPER 1073;212;140
DRIVE PETITE FORET;IFS CHRONODRIVE 4253;373;235
DRIVE PETITE FORET;ILLKIRCH;527;320
DRIVE PETITE FORET;KIRCHBERG;286;185
DRIVE PETITE FORET;LA CLOCHE D'OR;278;180
DRIVE PETITE FORET;LA QUEUE LES YVELINES SUPER 1096;250;170
DRIVE PETITE FORET;LAXOU;376;255
DRIVE PETITE FORET;LE CHESNAY PARLY 2 SUPER 1144;225;155
DRIVE PETITE FORET;LE HAVRE;307;195
DRIVE PETITE FORET;LEERS;54;60
DRIVE PETITE FORET;LES MUREAUX HALLES AUCHAN;238;155
DRIVE PETITE FORET;LONGUEIL SAINTE MARIE SUPER 4315;141;90
DRIVE PETITE FORET;LOUVROIL;44;45
DRIVE PETITE FORET;MAUREPAS SUPER 4492;239;165
DRIVE PETITE FORET;MERS LES BAINS;210;210
DRIVE PETITE FORET;MONT SAINT MARTIN;263;175
DRIVE PETITE FORET;MONTIVILLIERS;299;300
DRIVE PETITE FORET;NANCY CENTRE;390;265
DRIVE PETITE FORET;NOGENT SUR OISE;166;180
DRIVE PETITE FORET;NOYELLES GODAULT;51;60
DRIVE PETITE FORET;NOYON;128;135
DRIVE PETITE FORET;OSNY;223;145
DRIVE PETITE FORET;PETITE FORET;0;0
DRIVE PETITE FORET;ROISSY;184;115
DRIVE PETITE FORET;RONCQ;58;60
DRIVE PETITE FORET;SCHWEIGHOUSE;516;310
DRIVE PETITE FORET;SEMECOURT;352;210
DRIVE PETITE FORET;SOISY;206;135
DRIVE PETITE FORET;ST OMER;110;120
DRIVE PETITE FORET;ST QUENTIN;79;90
DRIVE PETITE FORET;STRASBOURG;525;315
DRIVE PETITE FORET;TAVERNY;215;135
DRIVE PETITE FORET;TOMBLAINE;393;265
DRIVE PETITE FORET;VAL DE REUIL SUPER 1209;274;185
DRIVE PETITE FORET;VALENCIENNES;7;15
DRIVE PETITE FORET;VERNEUIL 1 VERGER SUPER 4981;233;155
DRIVE PETITE FORET;VILLENEUVE 2;42;45
DRIVE PETITE FORET;VIRY NOUREUIL;107;120
DRIVE ROISSY;1186 ST QUENTIN SCHUMANN SUPER;143;95
DRIVE ROISSY;1267 CALAIS DELAROCHE SUPER;263;160
DRIVE ROISSY;1297 HARNES SUPER;177;110
DRIVE ROISSY;4313 CANTELEU SUPER;154;110
DRIVE ROISSY;4536 LILLE WAZEMMES MY AUCHAN;197;125
DRIVE ROISSY;4926 BILLY BERCLAU SUPER;190;120
DRIVE ROISSY;4977 RUE SUPER;197;125
DRIVE ROISSY;914 MARQUETTE LES PARTISANS DU GOUT;202;130
DRIVE ROISSY;ARRAS;161;110
DRIVE ROISSY;AUCHAN CITY TOURCOING;208;135
DRIVE ROISSY;AUCHAN LUXEMBOURG SUPPLY;347;230
DRIVE ROISSY;BEAUVAIS;70;75
DRIVE ROISSY;BETHUNE;191;195
DRIVE ROISSY;BOULOGNE;263;165
DRIVE ROISSY;CAEN CHRONO 352;253;165
DRIVE ROISSY;CALAIS;268;165
DRIVE ROISSY;CAMBRAI;156;100
DRIVE ROISSY;CERGY;43;45
DRIVE ROISSY;CERGY CHRONODRIVE 469;48;60
DRIVE ROISSY;CHERBOURG;369;250
DRIVE ROISSY;CHRONO AVELIN 4361;186;115
DRIVE ROISSY;CHRONO BONDUES 4703;207;130
DRIVE ROISSY;CHRONO COMPIEGNE 4345;53;40
DRIVE ROISSY;CHRONO COUDEKERQUE 4242;272;170
DRIVE ROISSY;CHRONO CROIX 4154;202;130
DRIVE ROISSY;CHRONO ELEU DIT LEAUWETTE 4462;174;110
DRIVE ROISSY;CHRONO HALLENNES 4167;196;125
DRIVE ROISSY;CHRONO IFS;250;165
DRIVE ROISSY;CHRONO LAMBERSART 4424;202;135
DRIVE ROISSY;CHRONO MARCQ 4128;205;130
DRIVE ROISSY;CHRONO VALENCIENNES 4370;183;115
DRIVE ROISSY;CHRONO WASQUEHAL 4303;201;125
DRIVE ROISSY;CORMEILLES EN PARISIS CHRONODRIVE 413;32;45
DRIVE ROISSY;DIEPPE;212;150
DRIVE ROISSY;DIFFERDANGE;335;235
DRIVE ROISSY;DOUAI;173;115
DRIVE ROISSY;DRIVE ARRAS;161;110
DRIVE ROISSY;DRIVE BEAUVAIS;70;75
DRIVE ROISSY;DRIVE BETHUNE;191;195
DRIVE ROISSY;DRIVE BOULOGNE;250;155
DRIVE ROISSY;DRIVE CALAIS;267;165
DRIVE ROISSY;DRIVE CAMBRAI;155;100
DRIVE ROISSY;DRIVE CERGY;44;45
DRIVE ROISSY;DRIVE CHERBOURG;369;250
DRIVE ROISSY;DRIVE DIEPPE;212;150
DRIVE ROISSY;DRIVE DOUAI;173;115
DRIVE ROISSY;DRIVE DUNKERQUE;271;170
DRIVE ROISSY;DRIVE DURY;125;135
DRIVE ROISSY;DRIVE ENGLOS;204;130
DRIVE ROISSY;DRIVE FACHES;190;115
DRIVE ROISSY;DRIVE LE HAVRE;217;150
DRIVE ROISSY;DRIVE LEERS;208;135
DRIVE ROISSY;DRIVE LOUVROIL;216;140
DRIVE ROISSY;DRIVE MONTIVILLIERS;212;145
DRIVE ROISSY;DRIVE NOYELLES;168;105
DRIVE ROISSY;DRIVE NOYON;82;60
DRIVE ROISSY;DRIVE OSNY;47;60
DRIVE ROISSY;DRIVE PETITE FORET;184;115
DRIVE ROISSY;DRIVE ROISSY;0;0
DRIVE ROISSY;DRIVE RONCQ;212;140
DRIVE ROISSY;DRIVE SCHWEIGHOUSE;479;300
DRIVE ROISSY;DRIVE ST OMER;234;150
DRIVE ROISSY;DRIVE ST QUENTIN;141;95
DRIVE ROISSY;DRIVE TAVERNY;35;45
DRIVE ROISSY;DRIVE VALENCIENNES;184;115
DRIVE ROISSY;DRIVE VILLENEUVE D'ASCQ;198;125
DRIVE ROISSY;DUNKERQUE;273;175
DRIVE ROISSY;ENGLOS;206;135
DRIVE ROISSY;ENT AMIENS SAINT SAUVEUR FLEG;135;135
DRIVE ROISSY;ENT AMIENS SAINT SAUVEUR PF;135;135
DRIVE ROISSY;ENT AMIENS SUPER POULAINVILLE PGC;137;90
DRIVE ROISSY;ENT CARVIN FL;181;115
DRIVE ROISSY;ENT CARVIN PF;181;115
DRIVE ROISSY;ENT IENA;193;120
DRIVE ROISSY;ENT IENA1;193;120
DRIVE ROISSY;ENT IENA2;193;120
DRIVE ROISSY;ENT MEYZIEU MEDLEY SUD;502;320
DRIVE ROISSY;ENT SAINGHIN1;197;125
DRIVE ROISSY;ENT SERRIS 1;35;45
DRIVE ROISSY;ENT SERRIS 2;34;45
DRIVE ROISSY;ENT SOCOPAL DIEPPE;212;140
DRIVE ROISSY;ENT V DHL;60;60
DRIVE ROISSY;ENT V GEODIS;61;75
DRIVE ROISSY;FACHES;192;120
DRIVE ROISSY;HERBLAY CHRONODRIVE 444;35;45
DRIVE ROISSY;HIRSON;174;155
DRIVE ROISSY;HOUILLES SUPER 1073;30;30
DRIVE ROISSY;IFS CHRONODRIVE 4253;251;165
DRIVE ROISSY;ILLKIRCH;491;305
DRIVE ROISSY;KIRCHBERG;361;240
DRIVE ROISSY;LA CLOCHE D'OR;352;235
DRIVE ROISSY;LA QUEUE LES YVELINES SUPER 1096;69;65
DRIVE ROISSY;LAXOU;340;240
DRIVE ROISSY;LE CHESNAY PARLY 2 SUPER 1144;43;45
DRIVE ROISSY;LE HAVRE;218;150
DRIVE ROISSY;LEERS;210;135
DRIVE ROISSY;LES MUREAUX HALLES AUCHAN;63;75
DRIVE ROISSY;LONGUEIL SAINTE MARIE SUPER 4315;51;40
DRIVE ROISSY;LOUVROIL;217;140
DRIVE ROISSY;MAUREPAS SUPER 4492;58;60
DRIVE ROISSY;MERS LES BAINS;166;180
DRIVE ROISSY;MERU;47;60
DRIVE ROISSY;MONT SAINT MARTIN;330;235
DRIVE ROISSY;MONTIVILLIERS;212;145
DRIVE ROISSY;NANCY CENTRE;346;250
DRIVE ROISSY;NOGENT SUR OISE;43;45
DRIVE ROISSY;NOYELLES GODAULT;171;105
DRIVE ROISSY;NOYON;84;60
DRIVE ROISSY;OSNY;45;45
DRIVE ROISSY;PETITE FORET;185;115
DRIVE ROISSY;ROISSY;6;15
DRIVE ROISSY;RONCQ;211;140
DRIVE ROISSY;SCHWEIGHOUSE;480;300
DRIVE ROISSY;SEMECOURT;316;200
DRIVE ROISSY;SOCOPAL;208;135
DRIVE ROISSY;SOISY;25;30
DRIVE ROISSY;ST OMER;234;150
DRIVE ROISSY;ST QUENTIN;141;95
DRIVE ROISSY;STRASBOURG;488;305
DRIVE ROISSY;TAVERNY;34;45
DRIVE ROISSY;TOMBLAINE;386;255
DRIVE ROISSY;VAL DE REUIL SUPER 1209;126;90
DRIVE ROISSY;VALENCIENNES;184;115
DRIVE ROISSY;VERNEUIL 1 VERGER SUPER 4981;56;55
DRIVE ROISSY;VILLENEUVE 2;198;125
DRIVE ROISSY;VIRY NOUREUIL;106;85
DRIVE RONCQ;1186 ST QUENTIN SCHUMANN SUPER;124;135
DRIVE RONCQ;1297 HARNES SUPER;42;45
DRIVE RONCQ;4313 CANTELEU SUPER;278;180
DRIVE RONCQ;4536 LILLE WAZEMMES MY AUCHAN;17;30
DRIVE RONCQ;4926 BILLY BERCLAU SUPER;42;45
DRIVE RONCQ;4977 RUE SUPER;160;140
DRIVE RONCQ;914 MARQUETTE LES PARTISANS DU GOUT;12;15
DRIVE RONCQ;ARRAS;70;75
DRIVE RONCQ;AUCHAN CITY TOURCOING;4;15
DRIVE RONCQ;AUCHAN LUXEMBOURG SUPPLY;329;220
DRIVE RONCQ;BEAUVAIS;209;135
DRIVE RONCQ;BETHUNE;54;60
DRIVE RONCQ;BOULOGNE;125;135
DRIVE RONCQ;CAEN CHRONO 352;403;255
DRIVE RONCQ;CALAIS;128;135
DRIVE RONCQ;CAMBRAI;86;90
DRIVE RONCQ;CERGY;244;160
DRIVE RONCQ;CERGY CHRONODRIVE 469;248;165
DRIVE RONCQ;CHRONO AVELIN 4361;29;30
DRIVE RONCQ;CHRONO BONDUES 4703;7;15
DRIVE RONCQ;CHRONO COMPIEGNE 4345;171;115
DRIVE RONCQ;CHRONO COUDEKERQUE 4242;80;90
DRIVE RONCQ;CHRONO CROIX 4154;12;15
DRIVE RONCQ;CHRONO ELEU DIT LEAUWETTE 4462;54;60
DRIVE RONCQ;CHRONO HALLENNES 4167;23;30
DRIVE RONCQ;CHRONO IFS;400;255
DRIVE RONCQ;CHRONO LAMBERSART 4424;17;30
DRIVE RONCQ;CHRONO MARCQ 4128;10;15
DRIVE RONCQ;CHRONO VALENCIENNES 4370;63;75
DRIVE RONCQ;CHRONO WASQUEHAL 4303;12;15
DRIVE RONCQ;CORMEILLES EN PARISIS CHRONODRIVE 413;240;160
DRIVE RONCQ;DIEPPE;262;185
DRIVE RONCQ;DIFFERDANGE;309;215
DRIVE RONCQ;DOUAI;56;60
DRIVE RONCQ;DRIVE ARRAS;70;75
DRIVE RONCQ;DRIVE BETHUNE;54;60
DRIVE RONCQ;DRIVE BOULOGNE;128;135
DRIVE RONCQ;DRIVE CAMBRAI;86;90
DRIVE RONCQ;DRIVE CERGY;243;160
DRIVE RONCQ;DRIVE DOUAI;56;60
DRIVE RONCQ;DRIVE DUNKERQUE;88;90
DRIVE RONCQ;DRIVE ENGLOS;21;30
DRIVE RONCQ;DRIVE FACHES;23;30
DRIVE RONCQ;DRIVE LEERS;14;15
DRIVE RONCQ;DRIVE MONTIVILLIERS;327;330
DRIVE RONCQ;DRIVE NOGENT SUR OISE;189;125
DRIVE RONCQ;DRIVE NOYELLES;45;45
DRIVE RONCQ;DRIVE OSNY;248;165
DRIVE RONCQ;DRIVE PETITE FORET;58;60
DRIVE RONCQ;DRIVE ROISSY;212;140
DRIVE RONCQ;DRIVE RONCQ;0;0
DRIVE RONCQ;DRIVE SCHWEIGHOUSE;524;340
DRIVE RONCQ;DRIVE ST OMER;78;90
DRIVE RONCQ;DRIVE TAVERNY;241;155
DRIVE RONCQ;DRIVE VALENCIENNES;65;75
DRIVE RONCQ;DRIVE VILLENEUVE D'ASCQ;18;30
DRIVE RONCQ;DUNKERQUE;90;90
DRIVE RONCQ;DURY;137;150
DRIVE RONCQ;ENGLOS;21;30
DRIVE RONCQ;ENT AMIENS BINAT;133;135
DRIVE RONCQ;ENT AMIENS SAINT SAUVEUR FLEG;139;150
DRIVE RONCQ;ENT AMIENS SAINT SAUVEUR PF;139;150
DRIVE RONCQ;ENT AMIENS SUPER POULAINVILLE PGC;135;135
DRIVE RONCQ;ENT CARVIN FL;37;45
DRIVE RONCQ;ENT CARVIN PF;37;45
DRIVE RONCQ;ENT IENA;24;30
DRIVE RONCQ;ENT IENA1;22;30
DRIVE RONCQ;ENT IENA2;22;30
DRIVE RONCQ;ENT MEYZIEU MEDLEY SUD;715;435
DRIVE RONCQ;ENT SAINGHIN1;23;30
DRIVE RONCQ;ENT SERRIS 2;247;165
DRIVE RONCQ;ENT SOCOPAL DIEPPE;238;240
DRIVE RONCQ;ENT V DHL;212;140
DRIVE RONCQ;ENT V GEODIS;268;270
DRIVE RONCQ;FACHES;24;30
DRIVE RONCQ;FRANQUEVILLE CHRONODRIVE 4475;272;185
DRIVE RONCQ;HERBLAY CHRONODRIVE 444;244;160
DRIVE RONCQ;HIRSON;141;150
DRIVE RONCQ;HOUILLES SUPER 1073;237;160
DRIVE RONCQ;IFS CHRONODRIVE 4253;399;250
DRIVE RONCQ;ILLKIRCH;536;345
DRIVE RONCQ;KIRCHBERG;325;210
DRIVE RONCQ;LA CLOCHE D'OR;317;205
DRIVE RONCQ;LA QUEUE LES YVELINES SUPER 1096;276;190
DRIVE RONCQ;LAXOU;418;280
DRIVE RONCQ;LE CHESNAY PARLY 2 SUPER 1144;251;175
DRIVE RONCQ;LEERS;14;15
DRIVE RONCQ;LES MUREAUX HALLES AUCHAN;264;175
DRIVE RONCQ;LONGUEIL SAINTE MARIE SUPER 4315;167;110
DRIVE RONCQ;LOUVROIL;98;105
DRIVE RONCQ;MAUREPAS SUPER 4492;265;185
DRIVE RONCQ;MERU;234;150
DRIVE RONCQ;MONT SAINT MARTIN;302;200
DRIVE RONCQ;MONTIVILLIERS;305;315
DRIVE RONCQ;NANCY CENTRE;428;290
DRIVE RONCQ;NOGENT SUR OISE;191;195
DRIVE RONCQ;NOYELLES GODAULT;45;45
DRIVE RONCQ;NOYON;154;165
DRIVE RONCQ;OSNY;249;165
DRIVE RONCQ;PETITE FORET;58;60
DRIVE RONCQ;ROISSY;210;135
DRIVE RONCQ;RONCQ;0;0
DRIVE RONCQ;SCHWEIGHOUSE;525;340
DRIVE RONCQ;SEMECOURT;394;240
DRIVE RONCQ;SOCOPAL;238;240
DRIVE RONCQ;SOISY;232;155
DRIVE RONCQ;ST OMER;78;90
DRIVE RONCQ;ST QUENTIN;119;120
DRIVE RONCQ;STRASBOURG;533;345
DRIVE RONCQ;TAVERNY;240;155
DRIVE RONCQ;TOMBLAINE;431;290
DRIVE RONCQ;VAL DE REUIL SUPER 1209;300;205
DRIVE RONCQ;VALENCIENNES;65;75
DRIVE RONCQ;VERNEUIL 1 VERGER SUPER 4981;258;175
DRIVE RONCQ;VILLENEUVE 2;17;30
DRIVE RONCQ;VIRY NOUREUIL;150;150
DRIVE SCHWEIGHOUSE;1186 ST QUENTIN SCHUMANN SUPER;442;270
DRIVE SCHWEIGHOUSE;1267 CALAIS DELAROCHE SUPER;611;365
DRIVE SCHWEIGHOUSE;1297 HARNES SUPER;525;315
DRIVE SCHWEIGHOUSE;4313 CANTELEU SUPER;638;385
DRIVE SCHWEIGHOUSE;4536 LILLE WAZEMMES MY AUCHAN;546;330
DRIVE SCHWEIGHOUSE;4926 BILLY BERCLAU SUPER;535;325
DRIVE SCHWEIGHOUSE;4977 RUE SUPER;584;355
DRIVE SCHWEIGHOUSE;914 MARQUETTE LES PARTISANS DU GOUT;550;335
DRIVE SCHWEIGHOUSE;ARRAS;521;315
DRIVE SCHWEIGHOUSE;AUCHAN CITY TOURCOING;521;335
DRIVE SCHWEIGHOUSE;AUCHAN LUXEMBOURG SUPPLY;206;135
DRIVE SCHWEIGHOUSE;BEAUVAIS;545;340
DRIVE SCHWEIGHOUSE;BETHUNE;537;320
DRIVE SCHWEIGHOUSE;BOULOGNE;633;375
DRIVE SCHWEIGHOUSE;CAEN CHRONO 352;725;450
DRIVE SCHWEIGHOUSE;CALAIS;616;365
DRIVE SCHWEIGHOUSE;CAMBRAI;487;295
DRIVE SCHWEIGHOUSE;CERGY;514;320
DRIVE SCHWEIGHOUSE;CERGY CHRONODRIVE 469;519;325
DRIVE SCHWEIGHOUSE;CHERBOURG;841;530
DRIVE SCHWEIGHOUSE;CHRONO AVELIN 4361;534;320
DRIVE SCHWEIGHOUSE;CHRONO BONDUES 4703;555;335
DRIVE SCHWEIGHOUSE;CHRONO COMPIEGNE 4345;444;305
DRIVE SCHWEIGHOUSE;CHRONO COUDEKERQUE 4242;620;375
DRIVE SCHWEIGHOUSE;CHRONO CROIX 4154;550;335
DRIVE SCHWEIGHOUSE;CHRONO ELEU DIT LEAUWETTE 4462;522;315
DRIVE SCHWEIGHOUSE;CHRONO HALLENNES 4167;545;330
DRIVE SCHWEIGHOUSE;CHRONO IFS;722;445
DRIVE SCHWEIGHOUSE;CHRONO LAMBERSART 4424;550;335
DRIVE SCHWEIGHOUSE;CHRONO MARCQ 4128;553;335
DRIVE SCHWEIGHOUSE;CHRONO VALENCIENNES 4370;475;305
DRIVE SCHWEIGHOUSE;CHRONO WASQUEHAL 4303;549;330
DRIVE SCHWEIGHOUSE;CORMEILLES EN PARISIS CHRONODRIVE 413;503;315
DRIVE SCHWEIGHOUSE;DIEPPE;623;390
DRIVE SCHWEIGHOUSE;DIFFERDANGE;221;145
DRIVE SCHWEIGHOUSE;DOUAI;505;310
DRIVE SCHWEIGHOUSE;DRIVE ARRAS;520;315
DRIVE SCHWEIGHOUSE;DRIVE BEAUVAIS;546;340
DRIVE SCHWEIGHOUSE;DRIVE BETHUNE;538;320
DRIVE SCHWEIGHOUSE;DRIVE BOULOGNE;614;370
DRIVE SCHWEIGHOUSE;DRIVE CALAIS;615;365
DRIVE SCHWEIGHOUSE;DRIVE CAMBRAI;487;295
DRIVE SCHWEIGHOUSE;DRIVE CERGY;514;320
DRIVE SCHWEIGHOUSE;DRIVE CHERBOURG;841;530
DRIVE SCHWEIGHOUSE;DRIVE DIEPPE;623;390
DRIVE SCHWEIGHOUSE;DRIVE DOUAI;505;310
DRIVE SCHWEIGHOUSE;DRIVE DUNKERQUE;619;375
DRIVE SCHWEIGHOUSE;DRIVE DURY;514;310
DRIVE SCHWEIGHOUSE;DRIVE ENGLOS;553;335
DRIVE SCHWEIGHOUSE;DRIVE FACHES;538;320
DRIVE SCHWEIGHOUSE;DRIVE LE HAVRE;694;420
DRIVE SCHWEIGHOUSE;DRIVE LEERS;515;330
DRIVE SCHWEIGHOUSE;DRIVE LOUVROIL;425;290
DRIVE SCHWEIGHOUSE;DRIVE MONTIVILLIERS;685;415
DRIVE SCHWEIGHOUSE;DRIVE NOGENT SUR OISE;485;320
DRIVE SCHWEIGHOUSE;DRIVE NOYELLES;516;310
DRIVE SCHWEIGHOUSE;DRIVE NOYON;458;290
DRIVE SCHWEIGHOUSE;DRIVE OSNY;519;325
DRIVE SCHWEIGHOUSE;DRIVE PETITE FORET;516;310
DRIVE SCHWEIGHOUSE;DRIVE ROISSY;479;300
DRIVE SCHWEIGHOUSE;DRIVE RONCQ;524;340
DRIVE SCHWEIGHOUSE;DRIVE ST OMER;577;345
DRIVE SCHWEIGHOUSE;DRIVE ST QUENTIN;441;265
DRIVE SCHWEIGHOUSE;DRIVE TAVERNY;503;315
DRIVE SCHWEIGHOUSE;DRIVE VALENCIENNES;478;305
DRIVE SCHWEIGHOUSE;DRIVE VILLENEUVE D'ASCQ;542;325
DRIVE SCHWEIGHOUSE;DUNKERQUE;613;375
DRIVE SCHWEIGHOUSE;DURY;511;305
DRIVE SCHWEIGHOUSE;ENGLOS;550;330
DRIVE SCHWEIGHOUSE;ENT AMIENS SAINT SAUVEUR FLEG;519;310
DRIVE SCHWEIGHOUSE;ENT AMIENS SAINT SAUVEUR PF;520;315
DRIVE SCHWEIGHOUSE;ENT AMIENS SUPER POULAINVILLE PGC;515;310
DRIVE SCHWEIGHOUSE;ENT CARVIN FL;525;315
DRIVE SCHWEIGHOUSE;ENT CARVIN PF;525;315
DRIVE SCHWEIGHOUSE;ENT IENA1;537;320
DRIVE SCHWEIGHOUSE;ENT IENA2;537;320
DRIVE SCHWEIGHOUSE;ENT MEYZIEU MEDLEY SUD;513;315
DRIVE SCHWEIGHOUSE;ENT SAINGHIN1;540;325
DRIVE SCHWEIGHOUSE;ENT SERRIS 2;446;265
DRIVE SCHWEIGHOUSE;ENT SOCOPAL DIEPPE;603;370
DRIVE SCHWEIGHOUSE;ENT V DHL;475;295
DRIVE SCHWEIGHOUSE;ENT V GEODIS;482;300
DRIVE SCHWEIGHOUSE;FACHES;535;320
DRIVE SCHWEIGHOUSE;FRANQUEVILLE CHRONODRIVE 4475;632;390
DRIVE SCHWEIGHOUSE;HERBLAY CHRONODRIVE 444;503;310
DRIVE SCHWEIGHOUSE;HIRSON;407;275
DRIVE SCHWEIGHOUSE;HOUILLES SUPER 1073;498;310
DRIVE SCHWEIGHOUSE;IFS CHRONODRIVE 4253;720;445
DRIVE SCHWEIGHOUSE;KIRCHBERG;218;140
DRIVE SCHWEIGHOUSE;LA QUEUE LES YVELINES SUPER 1096;529;330
DRIVE SCHWEIGHOUSE;LAXOU;151;105
DRIVE SCHWEIGHOUSE;LE CHESNAY PARLY 2 SUPER 1144;502;320
DRIVE SCHWEIGHOUSE;LE HAVRE;692;420
DRIVE SCHWEIGHOUSE;LEERS;514;330
DRIVE SCHWEIGHOUSE;LES MUREAUX HALLES AUCHAN;525;330
DRIVE SCHWEIGHOUSE;LONGUEIL SAINTE MARIE SUPER 4315;449;310
DRIVE SCHWEIGHOUSE;LOUVROIL;424;290
DRIVE SCHWEIGHOUSE;MAUREPAS SUPER 4492;519;325
DRIVE SCHWEIGHOUSE;MERS LES BAINS;594;370
DRIVE SCHWEIGHOUSE;MERU;518;325
DRIVE SCHWEIGHOUSE;MONT SAINT MARTIN;218;145
DRIVE SCHWEIGHOUSE;MONTIVILLIERS;687;415
DRIVE SCHWEIGHOUSE;NANCY CENTRE;147;105
DRIVE SCHWEIGHOUSE;NOGENT SUR OISE;486;315
DRIVE SCHWEIGHOUSE;NOYELLES GODAULT;514;305
DRIVE SCHWEIGHOUSE;NOYON;455;290
DRIVE SCHWEIGHOUSE;OSNY;516;325
DRIVE SCHWEIGHOUSE;PETITE FORET;512;305
DRIVE SCHWEIGHOUSE;ROISSY;480;295
DRIVE SCHWEIGHOUSE;RONCQ;554;335
DRIVE SCHWEIGHOUSE;SOCOPAL;600;360
DRIVE SCHWEIGHOUSE;SOISY;494;310
DRIVE SCHWEIGHOUSE;ST OMER;577;345
DRIVE SCHWEIGHOUSE;ST QUENTIN;441;265
DRIVE SCHWEIGHOUSE;TAVERNY;503;310
DRIVE SCHWEIGHOUSE;TOMBLAINE;148;105
DRIVE SCHWEIGHOUSE;VAL DE REUIL SUPER 1209;594;370
DRIVE SCHWEIGHOUSE;VALENCIENNES;478;305
DRIVE SCHWEIGHOUSE;VERNEUIL 1 VERGER SUPER 4981;525;335
DRIVE SCHWEIGHOUSE;VILLENEUVE 2;542;325
DRIVE SCHWEIGHOUSE;VIRY NOUREUIL;432;265
DRIVE ST OMER;1186 ST QUENTIN SCHUMANN SUPER;145;95
DRIVE ST OMER;1267 CALAIS DELAROCHE SUPER;46;60
DRIVE ST OMER;1297 HARNES SUPER;73;55
DRIVE ST OMER;4313 CANTELEU SUPER;238;155
DRIVE ST OMER;4536 LILLE WAZEMMES MY AUCHAN;65;75
DRIVE ST OMER;4926 BILLY BERCLAU SUPER;75;75
DRIVE ST OMER;4977 RUE SUPER;115;85
DRIVE ST OMER;914 MARQUETTE LES PARTISANS DU GOUT;70;60
DRIVE ST OMER;ARRAS;75;75
DRIVE ST OMER;AUCHAN CITY TOURCOING;78;90
DRIVE ST OMER;AUCHAN LUXEMBOURG SUPPLY;385;265
DRIVE ST OMER;BEAUVAIS;231;145
DRIVE ST OMER;BETHUNE;47;60
DRIVE ST OMER;BOULOGNE;48;60
DRIVE ST OMER;CAEN CHRONO 352;363;230
DRIVE ST OMER;CALAIS;48;60
DRIVE ST OMER;CAMBRAI;116;80
DRIVE ST OMER;CERGY;266;170
DRIVE ST OMER;CERGY CHRONODRIVE 469;271;175
DRIVE ST OMER;CHERBOURG;477;480
DRIVE ST OMER;CHRONO AVELIN 4361;95;70
DRIVE ST OMER;CHRONO BONDUES 4703;71;75
DRIVE ST OMER;CHRONO COMPIEGNE 4345;193;125
DRIVE ST OMER;CHRONO COUDEKERQUE 4242;48;60
DRIVE ST OMER;CHRONO ELEU DIT LEAUWETTE 4462;68;75
DRIVE ST OMER;CHRONO HALLENNES 4167;59;60
DRIVE ST OMER;CHRONO IFS;360;230
DRIVE ST OMER;CHRONO LAMBERSART 4424;63;55
DRIVE ST OMER;CHRONO MARCQ 4128;70;75
DRIVE ST OMER;CHRONO VALENCIENNES 4370;116;90
DRIVE ST OMER;CHRONO WASQUEHAL 4303;73;65
DRIVE ST OMER;CORMEILLES EN PARISIS CHRONODRIVE 413;262;170
DRIVE ST OMER;DIEPPE;206;150
DRIVE ST OMER;DIFFERDANGE;365;260
DRIVE ST OMER;DOUAI;90;90
DRIVE ST OMER;DRIVE ARRAS;78;55
DRIVE ST OMER;DRIVE BEAUVAIS;231;145
DRIVE ST OMER;DRIVE BETHUNE;47;60
DRIVE ST OMER;DRIVE BOULOGNE;51;60
DRIVE ST OMER;DRIVE CALAIS;46;60
DRIVE ST OMER;DRIVE CAMBRAI;116;80
DRIVE ST OMER;DRIVE CERGY;266;170
DRIVE ST OMER;DRIVE CHERBOURG;477;480
DRIVE ST OMER;DRIVE DIEPPE;206;155
DRIVE ST OMER;DRIVE DOUAI;90;90
DRIVE ST OMER;DRIVE DUNKERQUE;39;45
DRIVE ST OMER;DRIVE DURY;176;115
DRIVE ST OMER;DRIVE FACHES;73;65
DRIVE ST OMER;DRIVE LEERS;83;90
DRIVE ST OMER;DRIVE LOUVROIL;150;150
DRIVE ST OMER;DRIVE MONTIVILLIERS;284;185
DRIVE ST OMER;DRIVE NOGENT SUR OISE;211;135
DRIVE ST OMER;DRIVE NOYELLES;81;90
DRIVE ST OMER;DRIVE NOYON;174;120
DRIVE ST OMER;DRIVE OSNY;271;175
DRIVE ST OMER;DRIVE PETITE FORET;109;120
DRIVE ST OMER;DRIVE ROISSY;234;150
DRIVE ST OMER;DRIVE RONCQ;78;90
DRIVE ST OMER;DRIVE SCHWEIGHOUSE;577;345
DRIVE ST OMER;DRIVE ST OMER;0;0
DRIVE ST OMER;DRIVE ST QUENTIN;141;90
DRIVE ST OMER;DRIVE TAVERNY;263;165
DRIVE ST OMER;DRIVE VALENCIENNES;116;120
DRIVE ST OMER;DRIVE VILLENEUVE D'ASCQ;69;75
DRIVE ST OMER;DUNKERQUE;40;45
DRIVE ST OMER;DURY;173;180
DRIVE ST OMER;ENGLOS;58;60
DRIVE ST OMER;ENT AMIENS BINAT;107;120
DRIVE ST OMER;ENT AMIENS SAINT SAUVEUR FLEG;169;115
DRIVE ST OMER;ENT AMIENS SAINT SAUVEUR PF;170;115
DRIVE ST OMER;ENT AMIENS SUPER POULAINVILLE PGC;171;180
DRIVE ST OMER;ENT CARVIN FL;87;90
DRIVE ST OMER;ENT CARVIN PF;87;90
DRIVE ST OMER;ENT IENA;72;75
DRIVE ST OMER;ENT IENA1;73;75
DRIVE ST OMER;ENT IENA2;73;75
DRIVE ST OMER;ENT MEYZIEU MEDLEY SUD;736;445
DRIVE ST OMER;ENT SAINGHIN1;76;90
DRIVE ST OMER;ENT SERRIS 2;269;175
DRIVE ST OMER;ENT V DHL;234;150
DRIVE ST OMER;ENT V GEODIS;240;155
DRIVE ST OMER;FACHES;71;75
DRIVE ST OMER;FRANQUEVILLE CHRONODRIVE 4475;234;160
DRIVE ST OMER;HERBLAY CHRONODRIVE 444;266;170
DRIVE ST OMER;HIRSON;191;155
DRIVE ST OMER;HOUILLES SUPER 1073;260;170
DRIVE ST OMER;IFS CHRONODRIVE 4253;360;230
DRIVE ST OMER;ILLKIRCH;591;360
DRIVE ST OMER;KIRCHBERG;380;260
DRIVE ST OMER;LA CLOCHE D'OR;372;250
DRIVE ST OMER;LA QUEUE LES YVELINES SUPER 1096;298;200
DRIVE ST OMER;LAXOU;440;290
DRIVE ST OMER;LE CHESNAY PARLY 2 SUPER 1144;273;185
DRIVE ST OMER;LE HAVRE;294;190
DRIVE ST OMER;LEERS;83;90
DRIVE ST OMER;LES MUREAUX HALLES AUCHAN;286;185
DRIVE ST OMER;LONGUEIL SAINTE MARIE SUPER 4315;189;120
DRIVE ST OMER;LOUVROIL;150;150
DRIVE ST OMER;MAUREPAS SUPER 4492;287;195
DRIVE ST OMER;MERS LES BAINS;157;120
DRIVE ST OMER;MERU;256;160
DRIVE ST OMER;MONT SAINT MARTIN;357;245
DRIVE ST OMER;MONTIVILLIERS;288;185
DRIVE ST OMER;NANCY CENTRE;446;300
DRIVE ST OMER;NOGENT SUR OISE;213;135
DRIVE ST OMER;NOYELLES GODAULT;82;90
DRIVE ST OMER;NOYON;173;120
DRIVE ST OMER;OSNY;271;175
DRIVE ST OMER;PETITE FORET;109;120
DRIVE ST OMER;ROISSY;232;145
DRIVE ST OMER;RONCQ;78;90
DRIVE ST OMER;SCHWEIGHOUSE;580;350
DRIVE ST OMER;SEMECOURT;416;250
DRIVE ST OMER;SOISY;254;165
DRIVE ST OMER;ST OMER;1;15
DRIVE ST OMER;ST QUENTIN;138;150
DRIVE ST OMER;STRASBOURG;588;355
DRIVE ST OMER;TAVERNY;263;165
DRIVE ST OMER;TOMBLAINE;487;305
DRIVE ST OMER;VAL DE REUIL SUPER 1209;261;180
DRIVE ST OMER;VALENCIENNES;116;120
DRIVE ST OMER;VERNEUIL 1 VERGER SUPER 4981;280;185
DRIVE ST OMER;VILLENEUVE 2;73;75
DRIVE ST OMER;VIRY NOUREUIL;170;110
DRIVE ST QUENTIN;1186 ST QUENTIN SCHUMANN SUPER;5;15
DRIVE ST QUENTIN;1267 CALAIS DELAROCHE SUPER;172;105
DRIVE ST QUENTIN;1297 HARNES SUPER;86;60
DRIVE ST QUENTIN;4313 CANTELEU SUPER;203;130
DRIVE ST QUENTIN;4536 LILLE WAZEMMES MY AUCHAN;107;70
DRIVE ST QUENTIN;4926 BILLY BERCLAU SUPER;96;65
DRIVE ST QUENTIN;4977 RUE SUPER;149;95
DRIVE ST QUENTIN;914 MARQUETTE LES PARTISANS DU GOUT;111;75
DRIVE ST QUENTIN;ARRAS;81;90
DRIVE ST QUENTIN;AUCHAN CITY TOURCOING;117;80
DRIVE ST QUENTIN;AUCHAN LUXEMBOURG SUPPLY;309;200
DRIVE ST QUENTIN;BEAUVAIS;133;135
DRIVE ST QUENTIN;BETHUNE;97;105
DRIVE ST QUENTIN;BOULOGNE;194;120
DRIVE ST QUENTIN;CAEN CHRONO 352;328;205
DRIVE ST QUENTIN;CALAIS;177;110
DRIVE ST QUENTIN;CAMBRAI;48;60
DRIVE ST QUENTIN;CERGY;173;115
DRIVE ST QUENTIN;CERGY CHRONODRIVE 469;178;120
DRIVE ST QUENTIN;CHERBOURG;444;290
DRIVE ST QUENTIN;CHRONO AVELIN 4361;94;105
DRIVE ST QUENTIN;CHRONO BONDUES 4703;116;80
DRIVE ST QUENTIN;CHRONO COMPIEGNE 4345;76;90
DRIVE ST QUENTIN;CHRONO COUDEKERQUE 4242;181;115
DRIVE ST QUENTIN;CHRONO CROIX 4154;112;75
DRIVE ST QUENTIN;CHRONO ELEU DIT LEAUWETTE 4462;83;55
DRIVE ST QUENTIN;CHRONO HALLENNES 4167;113;120
DRIVE ST QUENTIN;CHRONO IFS;325;200
DRIVE ST QUENTIN;CHRONO LAMBERSART 4424;112;80
DRIVE ST QUENTIN;CHRONO MARCQ 4128;114;75
DRIVE ST QUENTIN;CHRONO VALENCIENNES 4370;76;50
DRIVE ST QUENTIN;CHRONO WASQUEHAL 4303;111;120
DRIVE ST QUENTIN;CORMEILLES EN PARISIS CHRONODRIVE 413;169;115
DRIVE ST QUENTIN;DIEPPE;186;195
DRIVE ST QUENTIN;DIFFERDANGE;297;205
DRIVE ST QUENTIN;DOUAI;64;75
DRIVE ST QUENTIN;DRIVE ARRAS;84;90
DRIVE ST QUENTIN;DRIVE BEAUVAIS;134;85
DRIVE ST QUENTIN;DRIVE BETHUNE;97;105
DRIVE ST QUENTIN;DRIVE BOULOGNE;175;110
DRIVE ST QUENTIN;DRIVE CALAIS;176;180
DRIVE ST QUENTIN;DRIVE CAMBRAI;48;60
DRIVE ST QUENTIN;DRIVE CERGY;173;115
DRIVE ST QUENTIN;DRIVE CHERBOURG;444;290
DRIVE ST QUENTIN;DRIVE DIEPPE;188;135
DRIVE ST QUENTIN;DRIVE DOUAI;64;75
DRIVE ST QUENTIN;DRIVE DUNKERQUE;180;115
DRIVE ST QUENTIN;DRIVE DURY;78;90
DRIVE ST QUENTIN;DRIVE ENGLOS;114;80
DRIVE ST QUENTIN;DRIVE FACHES;99;65
DRIVE ST QUENTIN;DRIVE LE HAVRE;259;165
DRIVE ST QUENTIN;DRIVE LEERS;116;120
DRIVE ST QUENTIN;DRIVE LOUVROIL;82;90
DRIVE ST QUENTIN;DRIVE MONTIVILLIERS;249;160
DRIVE ST QUENTIN;DRIVE NOGENT SUR OISE;118;80
DRIVE ST QUENTIN;DRIVE NOYELLES;77;50
DRIVE ST QUENTIN;DRIVE NOYON;50;60
DRIVE ST QUENTIN;DRIVE OSNY;173;120
DRIVE ST QUENTIN;DRIVE PETITE FORET;76;90
DRIVE ST QUENTIN;DRIVE ROISSY;141;95
DRIVE ST QUENTIN;DRIVE RONCQ;118;120
DRIVE ST QUENTIN;DRIVE SCHWEIGHOUSE;441;265
DRIVE ST QUENTIN;DRIVE ST OMER;141;90
DRIVE ST QUENTIN;DRIVE ST QUENTIN;0;0
DRIVE ST QUENTIN;DRIVE TAVERNY;170;110
DRIVE ST QUENTIN;DRIVE VALENCIENNES;74;75
DRIVE ST QUENTIN;DRIVE VILLENEUVE D'ASCQ;104;65
DRIVE ST QUENTIN;DUNKERQUE;176;115
DRIVE ST QUENTIN;DURY;78;90
DRIVE ST QUENTIN;ENT AMIENS BINAT;81;90
DRIVE ST QUENTIN;ENT AMIENS SUPER POULAINVILLE PGC;81;90
DRIVE ST QUENTIN;ENT CARVIN FL;87;90
DRIVE ST QUENTIN;ENT CARVIN PF;87;90
DRIVE ST QUENTIN;ENT IENA;99;105
DRIVE ST QUENTIN;ENT IENA1;99;60
DRIVE ST QUENTIN;ENT IENA2;99;60
DRIVE ST QUENTIN;ENT MEYZIEU MEDLEY SUD;600;360
DRIVE ST QUENTIN;ENT SAINGHIN1;102;105
DRIVE ST QUENTIN;ENT SERRIS 2;176;120
DRIVE ST QUENTIN;ENT SOCOPAL DIEPPE;164;165
DRIVE ST QUENTIN;ENT V DHL;140;95
DRIVE ST QUENTIN;ENT V GEODIS;147;100
DRIVE ST QUENTIN;FACHES;98;105
DRIVE ST QUENTIN;FRANQUEVILLE CHRONODRIVE 4475;199;135
DRIVE ST QUENTIN;HERBLAY CHRONODRIVE 444;172;115
DRIVE ST QUENTIN;HIRSON;73;75
DRIVE ST QUENTIN;HOUILLES SUPER 1073;166;110
DRIVE ST QUENTIN;IFS CHRONODRIVE 4253;325;205
DRIVE ST QUENTIN;ILLKIRCH;448;450
DRIVE ST QUENTIN;KIRCHBERG;325;210
DRIVE ST QUENTIN;LA CLOCHE D'OR;316;200
DRIVE ST QUENTIN;LA QUEUE LES YVELINES SUPER 1096;205;145
DRIVE ST QUENTIN;LAXOU;304;210
DRIVE ST QUENTIN;LE CHESNAY PARLY 2 SUPER 1144;180;130
DRIVE ST QUENTIN;LE HAVRE;259;165
DRIVE ST QUENTIN;LEERS;116;120
DRIVE ST QUENTIN;LES MUREAUX HALLES AUCHAN;193;130
DRIVE ST QUENTIN;LONGUEIL SAINTE MARIE SUPER 4315;96;65
DRIVE ST QUENTIN;LOUVROIL;107;120
DRIVE ST QUENTIN;MAUREPAS SUPER 4492;194;140
DRIVE ST QUENTIN;MERS LES BAINS;161;115
DRIVE ST QUENTIN;MERU;160;165
DRIVE ST QUENTIN;MONT SAINT MARTIN;294;200
DRIVE ST QUENTIN;MONTIVILLIERS;252;255
DRIVE ST QUENTIN;NANCY CENTRE;310;220
DRIVE ST QUENTIN;NOGENT SUR OISE;119;80
DRIVE ST QUENTIN;NOYELLES GODAULT;77;90
DRIVE ST QUENTIN;NOYON;50;60
DRIVE ST QUENTIN;OSNY;177;115
DRIVE ST QUENTIN;PETITE FORET;76;90
DRIVE ST QUENTIN;ROISSY;139;90
DRIVE ST QUENTIN;RONCQ;118;120
DRIVE ST QUENTIN;SCHWEIGHOUSE;444;265
DRIVE ST QUENTIN;SEMECOURT;280;170
DRIVE ST QUENTIN;SOCOPAL;164;165
DRIVE ST QUENTIN;SOISY;161;110
DRIVE ST QUENTIN;ST OMER;140;90
DRIVE ST QUENTIN;ST QUENTIN;2;15
DRIVE ST QUENTIN;STRASBOURG;452;270
DRIVE ST QUENTIN;TAVERNY;169;110
DRIVE ST QUENTIN;TOMBLAINE;351;220
DRIVE ST QUENTIN;VAL DE REUIL SUPER 1209;226;155
DRIVE ST QUENTIN;VALENCIENNES;74;75
DRIVE ST QUENTIN;VERNEUIL 1 VERGER SUPER 4981;187;130
DRIVE ST QUENTIN;VILLENEUVE 2;104;70
DRIVE ST QUENTIN;VIRY NOUREUIL;29;30
DRIVE TAVERNY;1186 ST QUENTIN SCHUMANN SUPER;174;120
DRIVE TAVERNY;1267 CALAIS DELAROCHE SUPER;268;165
DRIVE TAVERNY;1297 HARNES SUPER;208;135
DRIVE TAVERNY;4313 CANTELEU SUPER;136;105
DRIVE TAVERNY;4536 LILLE WAZEMMES MY AUCHAN;229;145
DRIVE TAVERNY;4926 BILLY BERCLAU SUPER;221;140
DRIVE TAVERNY;4977 RUE SUPER;183;115
DRIVE TAVERNY;914 MARQUETTE LES PARTISANS DU GOUT;233;155
DRIVE TAVERNY;ARRAS;192;130
DRIVE TAVERNY;AUCHAN CITY TOURCOING;239;155
DRIVE TAVERNY;AUCHAN LUXEMBOURG SUPPLY;370;250
DRIVE TAVERNY;BEAUVAIS;58;60
DRIVE TAVERNY;BETHUNE;221;140
DRIVE TAVERNY;BOULOGNE;250;155
DRIVE TAVERNY;CAEN CHRONO 352;235;160
DRIVE TAVERNY;CALAIS;264;160
DRIVE TAVERNY;CAMBRAI;187;120
DRIVE TAVERNY;CERGY;16;30
DRIVE TAVERNY;CERGY CHRONODRIVE 469;20;30
DRIVE TAVERNY;CHERBOURG;351;240
DRIVE TAVERNY;CHRONO AVELIN 4361;218;135
DRIVE TAVERNY;CHRONO BONDUES 4703;238;155
DRIVE TAVERNY;CHRONO COMPIEGNE 4345;84;60
DRIVE TAVERNY;CHRONO COUDEKERQUE 4242;306;190
DRIVE TAVERNY;CHRONO CROIX 4154;234;150
DRIVE TAVERNY;CHRONO ELEU DIT LEAUWETTE 4462;205;130
DRIVE TAVERNY;CHRONO HALLENNES 4167;228;150
DRIVE TAVERNY;CHRONO IFS;232;155
DRIVE TAVERNY;CHRONO LAMBERSART 4424;234;155
DRIVE TAVERNY;CHRONO MARCQ 4128;236;150
DRIVE TAVERNY;CHRONO VALENCIENNES 4370;214;135
DRIVE TAVERNY;CHRONO WASQUEHAL 4303;232;150
DRIVE TAVERNY;CORMEILLES EN PARISIS CHRONODRIVE 413;13;15
DRIVE TAVERNY;DIEPPE;193;145
DRIVE TAVERNY;DIFFERDANGE;359;255
DRIVE TAVERNY;DOUAI;204;135
DRIVE TAVERNY;DRIVE ARRAS;193;130
DRIVE TAVERNY;DRIVE BEAUVAIS;58;60
DRIVE TAVERNY;DRIVE BETHUNE;221;140
DRIVE TAVERNY;DRIVE BOULOGNE;237;145
DRIVE TAVERNY;DRIVE CALAIS;264;160
DRIVE TAVERNY;DRIVE CAMBRAI;187;120
DRIVE TAVERNY;DRIVE CERGY;16;30
DRIVE TAVERNY;DRIVE CHERBOURG;351;240
DRIVE TAVERNY;DRIVE DIEPPE;194;145
DRIVE TAVERNY;DRIVE DOUAI;204;135
DRIVE TAVERNY;DRIVE DUNKERQUE;300;185
DRIVE TAVERNY;DRIVE DURY;113;75
DRIVE TAVERNY;DRIVE ENGLOS;236;155
DRIVE TAVERNY;DRIVE FACHES;221;140
DRIVE TAVERNY;DRIVE LE HAVRE;199;140
DRIVE TAVERNY;DRIVE LEERS;239;155
DRIVE TAVERNY;DRIVE LOUVROIL;247;160
DRIVE TAVERNY;DRIVE MONTIVILLIERS;194;135
DRIVE TAVERNY;DRIVE NOGENT SUR OISE;54;60
DRIVE TAVERNY;DRIVE NOYELLES;199;125
DRIVE TAVERNY;DRIVE OSNY;18;30
DRIVE TAVERNY;DRIVE PETITE FORET;215;135
DRIVE TAVERNY;DRIVE ROISSY;34;45
DRIVE TAVERNY;DRIVE RONCQ;241;155
DRIVE TAVERNY;DRIVE SCHWEIGHOUSE;503;315
DRIVE TAVERNY;DRIVE ST OMER;263;165
DRIVE TAVERNY;DRIVE ST QUENTIN;170;110
DRIVE TAVERNY;DRIVE TAVERNY;0;0
DRIVE TAVERNY;DRIVE VALENCIENNES;211;135
DRIVE TAVERNY;DRIVE VILLENEUVE D'ASCQ;226;145
DRIVE TAVERNY;DUNKERQUE;301;185
DRIVE TAVERNY;DURY;112;120
DRIVE TAVERNY;ENGLOS;234;155
DRIVE TAVERNY;ENT AMIENS SAINT SAUVEUR FLEG;123;135
DRIVE TAVERNY;ENT AMIENS SAINT SAUVEUR PF;123;135
DRIVE TAVERNY;ENT AMIENS SUPER POULAINVILLE PGC;124;80
DRIVE TAVERNY;ENT CARVIN FL;209;135
DRIVE TAVERNY;ENT CARVIN PF;209;135
DRIVE TAVERNY;ENT IENA;221;140
DRIVE TAVERNY;ENT IENA1;221;140
DRIVE TAVERNY;ENT IENA2;221;140
DRIVE TAVERNY;ENT MEYZIEU MEDLEY SUD;501;330
DRIVE TAVERNY;ENT SAINGHIN1;224;145
DRIVE TAVERNY;ENT SERRIS 1;61;75
DRIVE TAVERNY;ENT SERRIS 2;62;75
DRIVE TAVERNY;ENT SOCOPAL DIEPPE;199;130
DRIVE TAVERNY;ENT V DHL;59;60
DRIVE TAVERNY;ENT V GEODIS;60;60
DRIVE TAVERNY;FACHES;220;140
DRIVE TAVERNY;FRANQUEVILLE CHRONODRIVE 4475;97;105
DRIVE TAVERNY;HERBLAY CHRONODRIVE 444;6;15
DRIVE TAVERNY;HIRSON;207;175
DRIVE TAVERNY;HOUILLES SUPER 1073;21;30
DRIVE TAVERNY;IFS CHRONODRIVE 4253;242;155
DRIVE TAVERNY;ILLKIRCH;518;325
DRIVE TAVERNY;KIRCHBERG;387;260
DRIVE TAVERNY;LA CLOCHE D'OR;379;250
DRIVE TAVERNY;LA QUEUE LES YVELINES SUPER 1096;62;55
DRIVE TAVERNY;LAXOU;367;260
DRIVE TAVERNY;LE CHESNAY PARLY 2 SUPER 1144;37;35
DRIVE TAVERNY;LE HAVRE;201;210
DRIVE TAVERNY;LEERS;237;155
DRIVE TAVERNY;LES MUREAUX HALLES AUCHAN;37;45
DRIVE TAVERNY;LONGUEIL SAINTE MARIE SUPER 4315;79;60
DRIVE TAVERNY;LOUVROIL;245;160
DRIVE TAVERNY;MAUREPAS SUPER 4492;51;50
DRIVE TAVERNY;MERS LES BAINS;195;135
DRIVE TAVERNY;MERU;35;45
DRIVE TAVERNY;MONT SAINT MARTIN;356;250
DRIVE TAVERNY;MONTIVILLIERS;202;135
DRIVE TAVERNY;NANCY CENTRE;373;270
DRIVE TAVERNY;NOGENT SUR OISE;52;60
DRIVE TAVERNY;NOYELLES GODAULT;198;125
DRIVE TAVERNY;NOYON;113;120
DRIVE TAVERNY;OSNY;19;30
DRIVE TAVERNY;PETITE FORET;213;135
DRIVE TAVERNY;ROISSY;39;45
DRIVE TAVERNY;RONCQ;239;160
DRIVE TAVERNY;SCHWEIGHOUSE;507;315
DRIVE TAVERNY;SEMECOURT;343;220
DRIVE TAVERNY;SOCOPAL;123;120
DRIVE TAVERNY;SOISY;8;15
DRIVE TAVERNY;ST OMER;262;170
DRIVE TAVERNY;ST QUENTIN;169;110
DRIVE TAVERNY;STRASBOURG;515;325
DRIVE TAVERNY;TAVERNY;0;0
DRIVE TAVERNY;TOMBLAINE;413;270
DRIVE TAVERNY;VAL DE REUIL SUPER 1209;117;120
DRIVE TAVERNY;VALENCIENNES;211;135
DRIVE TAVERNY;VERNEUIL 1 VERGER SUPER 4981;30;35
DRIVE TAVERNY;VILLENEUVE 2;226;145
DRIVE TAVERNY;VIRY NOUREUIL;134;105
DRIVE VALENCIENNES;1186 ST QUENTIN SCHUMANN SUPER;79;90
DRIVE VALENCIENNES;1267 CALAIS DELAROCHE SUPER;159;165
DRIVE VALENCIENNES;1297 HARNES SUPER;55;60
DRIVE VALENCIENNES;4313 CANTELEU SUPER;250;160
DRIVE VALENCIENNES;4536 LILLE WAZEMMES MY AUCHAN;54;40
DRIVE VALENCIENNES;4977 RUE SUPER;195;125
DRIVE VALENCIENNES;914 MARQUETTE LES PARTISANS DU GOUT;56;60
DRIVE VALENCIENNES;ARRAS;71;75
DRIVE VALENCIENNES;AUCHAN CITY TOURCOING;61;75
DRIVE VALENCIENNES;AUCHAN LUXEMBOURG SUPPLY;284;185
DRIVE VALENCIENNES;BEAUVAIS;179;180
DRIVE VALENCIENNES;BETHUNE;84;90
DRIVE VALENCIENNES;BOULOGNE;161;165
DRIVE VALENCIENNES;CAEN CHRONO 352;375;235
DRIVE VALENCIENNES;CALAIS;165;165
DRIVE VALENCIENNES;CAMBRAI;28;30
DRIVE VALENCIENNES;CERGY;215;140
DRIVE VALENCIENNES;CERGY CHRONODRIVE 469;220;140
DRIVE VALENCIENNES;CHERBOURG;491;315
DRIVE VALENCIENNES;CHRONO AVELIN 4361;42;45
DRIVE VALENCIENNES;CHRONO BONDUES 4703;62;75
DRIVE VALENCIENNES;CHRONO COMPIEGNE 4345;134;135
DRIVE VALENCIENNES;CHRONO COUDEKERQUE 4242;119;120
DRIVE VALENCIENNES;CHRONO CROIX 4154;56;60
DRIVE VALENCIENNES;CHRONO ELEU DIT LEAUWETTE 4462;60;60
DRIVE VALENCIENNES;CHRONO HALLENNES 4167;61;75
DRIVE VALENCIENNES;CHRONO IFS;372;230
DRIVE VALENCIENNES;CHRONO LAMBERSART 4424;58;60
DRIVE VALENCIENNES;CHRONO MARCQ 4128;58;60
DRIVE VALENCIENNES;CHRONO VALENCIENNES 4370;2;15
DRIVE VALENCIENNES;CHRONO WASQUEHAL 4303;58;60
DRIVE VALENCIENNES;CORMEILLES EN PARISIS CHRONODRIVE 413;211;140
DRIVE VALENCIENNES;DIEPPE;234;160
DRIVE VALENCIENNES;DIFFERDANGE;264;180
DRIVE VALENCIENNES;DOUAI;42;45
DRIVE VALENCIENNES;DRIVE ARRAS;80;90
DRIVE VALENCIENNES;DRIVE BEAUVAIS;181;115
DRIVE VALENCIENNES;DRIVE BETHUNE;84;90
DRIVE VALENCIENNES;DRIVE CALAIS;179;110
DRIVE VALENCIENNES;DRIVE CAMBRAI;28;30
DRIVE VALENCIENNES;DRIVE CERGY;215;140
DRIVE VALENCIENNES;DRIVE CHERBOURG;491;315
DRIVE VALENCIENNES;DRIVE DOUAI;42;45
DRIVE VALENCIENNES;DRIVE DUNKERQUE;126;135
DRIVE VALENCIENNES;DRIVE DURY;124;135
DRIVE VALENCIENNES;DRIVE ENGLOS;61;75
DRIVE VALENCIENNES;DRIVE FACHES;50;60
DRIVE VALENCIENNES;DRIVE LE HAVRE;306;195
DRIVE VALENCIENNES;DRIVE LEERS;59;60
DRIVE VALENCIENNES;DRIVE LOUVROIL;37;45
DRIVE VALENCIENNES;DRIVE MONTIVILLIERS;296;190
DRIVE VALENCIENNES;DRIVE NOGENT SUR OISE;160;105
DRIVE VALENCIENNES;DRIVE NOYELLES;52;60
DRIVE VALENCIENNES;DRIVE NOYON;124;90
DRIVE VALENCIENNES;DRIVE OSNY;220;145
DRIVE VALENCIENNES;DRIVE PETITE FORET;8;15
DRIVE VALENCIENNES;DRIVE ROISSY;184;115
DRIVE VALENCIENNES;DRIVE RONCQ;63;75
DRIVE VALENCIENNES;DRIVE SCHWEIGHOUSE;478;305
DRIVE VALENCIENNES;DRIVE ST OMER;115;120
DRIVE VALENCIENNES;DRIVE ST QUENTIN;74;75
DRIVE VALENCIENNES;DRIVE TAVERNY;211;135
DRIVE VALENCIENNES;DRIVE VALENCIENNES;0;0
DRIVE VALENCIENNES;DRIVE VILLENEUVE D'ASCQ;47;60
DRIVE VALENCIENNES;DUNKERQUE;127;135
DRIVE VALENCIENNES;DURY;124;135
DRIVE VALENCIENNES;ENGLOS;60;60
DRIVE VALENCIENNES;ENT AMIENS BINAT;110;120
DRIVE VALENCIENNES;ENT AMIENS SAINT SAUVEUR FLEG;132;135
DRIVE VALENCIENNES;ENT AMIENS SAINT SAUVEUR PF;132;135
DRIVE VALENCIENNES;ENT AMIENS SUPER POULAINVILLE PGC;127;135
DRIVE VALENCIENNES;ENT CARVIN FL;66;75
DRIVE VALENCIENNES;ENT CARVIN PF;66;75
DRIVE VALENCIENNES;ENT IENA;47;60
DRIVE VALENCIENNES;ENT IENA1;48;35
DRIVE VALENCIENNES;ENT IENA2;48;35
DRIVE VALENCIENNES;ENT MEYZIEU MEDLEY SUD;670;400
DRIVE VALENCIENNES;ENT SAINGHIN1;45;45
DRIVE VALENCIENNES;ENT SERRIS 2;219;140
DRIVE VALENCIENNES;ENT V DHL;239;240
DRIVE VALENCIENNES;ENT V GEODIS;189;120
DRIVE VALENCIENNES;FACHES;50;60
DRIVE VALENCIENNES;FRANQUEVILLE CHRONODRIVE 4475;244;160
DRIVE VALENCIENNES;HERBLAY CHRONODRIVE 444;215;135
DRIVE VALENCIENNES;HIRSON;80;90
DRIVE VALENCIENNES;HOUILLES SUPER 1073;209;135
DRIVE VALENCIENNES;IFS CHRONODRIVE 4253;370;230
DRIVE VALENCIENNES;ILLKIRCH;491;315
DRIVE VALENCIENNES;KIRCHBERG;280;180
DRIVE VALENCIENNES;LA CLOCHE D'OR;272;175
DRIVE VALENCIENNES;LA QUEUE LES YVELINES SUPER 1096;247;170
DRIVE VALENCIENNES;LAXOU;374;250
DRIVE VALENCIENNES;LE CHESNAY PARLY 2 SUPER 1144;222;150
DRIVE VALENCIENNES;LE HAVRE;306;315
DRIVE VALENCIENNES;LEERS;59;60
DRIVE VALENCIENNES;LES MUREAUX HALLES AUCHAN;235;155
DRIVE VALENCIENNES;LONGUEIL SAINTE MARIE SUPER 4315;138;90
DRIVE VALENCIENNES;LOUVROIL;38;45
DRIVE VALENCIENNES;MAUREPAS SUPER 4492;237;165
DRIVE VALENCIENNES;MERU;205;210
DRIVE VALENCIENNES;MONT SAINT MARTIN;257;170
DRIVE VALENCIENNES;NANCY CENTRE;383;260
DRIVE VALENCIENNES;NOGENT SUR OISE;163;165
DRIVE VALENCIENNES;NOYELLES GODAULT;53;60
DRIVE VALENCIENNES;NOYON;125;135
DRIVE VALENCIENNES;OSNY;220;140
DRIVE VALENCIENNES;PETITE FORET;8;15
DRIVE VALENCIENNES;ROISSY;182;115
DRIVE VALENCIENNES;RONCQ;63;75
DRIVE VALENCIENNES;SCHWEIGHOUSE;480;305
DRIVE VALENCIENNES;SEMECOURT;349;210
DRIVE VALENCIENNES;SOISY;204;135
DRIVE VALENCIENNES;ST OMER;115;120
DRIVE VALENCIENNES;ST QUENTIN;77;90
DRIVE VALENCIENNES;STRASBOURG;488;310
DRIVE VALENCIENNES;TAVERNY;212;135
DRIVE VALENCIENNES;TOMBLAINE;386;260
DRIVE VALENCIENNES;VAL DE REUIL SUPER 1209;272;180
DRIVE VALENCIENNES;VALENCIENNES;0;0
DRIVE VALENCIENNES;VERNEUIL 1 VERGER SUPER 4981;230;155
DRIVE VALENCIENNES;VILLENEUVE 2;47;60
DRIVE VALENCIENNES;VIRY NOUREUIL;104;105
DRIVE VILLENEUVE D'ASCQ;1186 ST QUENTIN SCHUMANN SUPER;109;75
DRIVE VILLENEUVE D'ASCQ;1267 CALAIS DELAROCHE SUPER;113;80
DRIVE VILLENEUVE D'ASCQ;1297 HARNES SUPER;28;30
DRIVE VILLENEUVE D'ASCQ;4313 CANTELEU SUPER;264;170
DRIVE VILLENEUVE D'ASCQ;4926 BILLY BERCLAU SUPER;33;45
DRIVE VILLENEUVE D'ASCQ;4977 RUE SUPER;146;125
DRIVE VILLENEUVE D'ASCQ;914 MARQUETTE LES PARTISANS DU GOUT;10;15
DRIVE VILLENEUVE D'ASCQ;AUCHAN CITY TOURCOING;17;30
DRIVE VILLENEUVE D'ASCQ;AUCHAN LUXEMBOURG SUPPLY;316;210
DRIVE VILLENEUVE D'ASCQ;BEAUVAIS;193;195
DRIVE VILLENEUVE D'ASCQ;BETHUNE;45;45
DRIVE VILLENEUVE D'ASCQ;BOULOGNE;117;120
DRIVE VILLENEUVE D'ASCQ;CAEN CHRONO 352;389;245
DRIVE VILLENEUVE D'ASCQ;CALAIS;117;85
DRIVE VILLENEUVE D'ASCQ;CAMBRAI;69;75
DRIVE VILLENEUVE D'ASCQ;CERGY;230;150
DRIVE VILLENEUVE D'ASCQ;CERGY CHRONODRIVE 469;235;150
DRIVE VILLENEUVE D'ASCQ;CHRONO AVELIN 4361;13;15
DRIVE VILLENEUVE D'ASCQ;CHRONO BONDUES 4703;16;30
DRIVE VILLENEUVE D'ASCQ;CHRONO COMPIEGNE 4345;157;100
DRIVE VILLENEUVE D'ASCQ;CHRONO COUDEKERQUE 4242;72;75
DRIVE VILLENEUVE D'ASCQ;CHRONO CROIX 4154;10;15
DRIVE VILLENEUVE D'ASCQ;CHRONO ELEU DIT LEAUWETTE 4462;40;30
DRIVE VILLENEUVE D'ASCQ;CHRONO HALLENNES 4167;15;15
DRIVE VILLENEUVE D'ASCQ;CHRONO IFS;386;240
DRIVE VILLENEUVE D'ASCQ;CHRONO LAMBERSART 4424;9;15
DRIVE VILLENEUVE D'ASCQ;CHRONO MARCQ 4128;12;15
DRIVE VILLENEUVE D'ASCQ;CHRONO WASQUEHAL 4303;12;15
DRIVE VILLENEUVE D'ASCQ;CORMEILLES EN PARISIS CHRONODRIVE 413;226;150
DRIVE VILLENEUVE D'ASCQ;DIEPPE;249;170
DRIVE VILLENEUVE D'ASCQ;DIFFERDANGE;296;200
DRIVE VILLENEUVE D'ASCQ;DOUAI;40;45
DRIVE VILLENEUVE D'ASCQ;DRIVE ARRAS;57;60
DRIVE VILLENEUVE D'ASCQ;DRIVE BEAUVAIS;195;125
DRIVE VILLENEUVE D'ASCQ;DRIVE BETHUNE;45;45
DRIVE VILLENEUVE D'ASCQ;DRIVE BOULOGNE;117;100
DRIVE VILLENEUVE D'ASCQ;DRIVE CALAIS;117;80
DRIVE VILLENEUVE D'ASCQ;DRIVE CAMBRAI;69;75
DRIVE VILLENEUVE D'ASCQ;DRIVE CERGY;230;150
DRIVE VILLENEUVE D'ASCQ;DRIVE DIEPPE;249;175
DRIVE VILLENEUVE D'ASCQ;DRIVE DOUAI;40;45
DRIVE VILLENEUVE D'ASCQ;DRIVE DUNKERQUE;81;90
DRIVE VILLENEUVE D'ASCQ;DRIVE DURY;140;90
DRIVE VILLENEUVE D'ASCQ;DRIVE ENGLOS;15;15
DRIVE VILLENEUVE D'ASCQ;DRIVE FACHES;8;15
DRIVE VILLENEUVE D'ASCQ;DRIVE LE HAVRE;317;330
DRIVE VILLENEUVE D'ASCQ;DRIVE LEERS;14;15
DRIVE VILLENEUVE D'ASCQ;DRIVE NOGENT SUR OISE;175;115
DRIVE VILLENEUVE D'ASCQ;DRIVE NOYELLES;29;30
DRIVE VILLENEUVE D'ASCQ;DRIVE NOYON;138;150
DRIVE VILLENEUVE D'ASCQ;DRIVE OSNY;235;155
DRIVE VILLENEUVE D'ASCQ;DRIVE PETITE FORET;42;45
DRIVE VILLENEUVE D'ASCQ;DRIVE ROISSY;198;125
DRIVE VILLENEUVE D'ASCQ;DRIVE RONCQ;18;30
DRIVE VILLENEUVE D'ASCQ;DRIVE SCHWEIGHOUSE;542;325
DRIVE VILLENEUVE D'ASCQ;DRIVE ST OMER;70;75
DRIVE VILLENEUVE D'ASCQ;DRIVE ST QUENTIN;104;65
DRIVE VILLENEUVE D'ASCQ;DRIVE TAVERNY;226;145
DRIVE VILLENEUVE D'ASCQ;DRIVE VILLENEUVE D'ASCQ;0;0
DRIVE VILLENEUVE D'ASCQ;DUNKERQUE;81;90
DRIVE VILLENEUVE D'ASCQ;DURY;138;90
DRIVE VILLENEUVE D'ASCQ;ENGLOS;15;15
DRIVE VILLENEUVE D'ASCQ;ENT AMIENS BINAT;117;120
DRIVE VILLENEUVE D'ASCQ;ENT AMIENS SAINT SAUVEUR FLEG;125;135
DRIVE VILLENEUVE D'ASCQ;ENT AMIENS SAINT SAUVEUR PF;125;135
DRIVE VILLENEUVE D'ASCQ;ENT AMIENS SUPER POULAINVILLE PGC;121;135
DRIVE VILLENEUVE D'ASCQ;ENT CARVIN FL;23;30
DRIVE VILLENEUVE D'ASCQ;ENT CARVIN PF;23;30
DRIVE VILLENEUVE D'ASCQ;ENT IENA;9;15
DRIVE VILLENEUVE D'ASCQ;ENT IENA1;5;15
DRIVE VILLENEUVE D'ASCQ;ENT IENA2;5;15
DRIVE VILLENEUVE D'ASCQ;ENT MEYZIEU MEDLEY SUD;701;420
DRIVE VILLENEUVE D'ASCQ;ENT SAINGHIN1;7;15
DRIVE VILLENEUVE D'ASCQ;ENT SERRIS 2;233;150
DRIVE VILLENEUVE D'ASCQ;ENT SOCOPAL DIEPPE;224;225
DRIVE VILLENEUVE D'ASCQ;ENT V DHL;198;125
DRIVE VILLENEUVE D'ASCQ;ENT V GEODIS;204;130
DRIVE VILLENEUVE D'ASCQ;FACHES;8;15
DRIVE VILLENEUVE D'ASCQ;FRANQUEVILLE CHRONODRIVE 4475;259;170
DRIVE VILLENEUVE D'ASCQ;HERBLAY CHRONODRIVE 444;230;145
DRIVE VILLENEUVE D'ASCQ;HIRSON;125;110
DRIVE VILLENEUVE D'ASCQ;HOUILLES SUPER 1073;224;145
DRIVE VILLENEUVE D'ASCQ;IFS CHRONODRIVE 4253;385;240
DRIVE VILLENEUVE D'ASCQ;ILLKIRCH;523;335
DRIVE VILLENEUVE D'ASCQ;KIRCHBERG;312;200
DRIVE VILLENEUVE D'ASCQ;LA CLOCHE D'OR;303;195
DRIVE VILLENEUVE D'ASCQ;LA QUEUE LES YVELINES SUPER 1096;262;180
DRIVE VILLENEUVE D'ASCQ;LAXOU;405;270
DRIVE VILLENEUVE D'ASCQ;LE CHESNAY PARLY 2 SUPER 1144;237;160
DRIVE VILLENEUVE D'ASCQ;LE HAVRE;319;205
DRIVE VILLENEUVE D'ASCQ;LEERS;14;15
DRIVE VILLENEUVE D'ASCQ;LES MUREAUX HALLES AUCHAN;250;165
DRIVE VILLENEUVE D'ASCQ;LONGUEIL SAINTE MARIE SUPER 4315;153;100
DRIVE VILLENEUVE D'ASCQ;LOUVROIL;82;90
DRIVE VILLENEUVE D'ASCQ;MAUREPAS SUPER 4492;251;175
DRIVE VILLENEUVE D'ASCQ;MERS LES BAINS;221;155
DRIVE VILLENEUVE D'ASCQ;MERU;220;140
DRIVE VILLENEUVE D'ASCQ;MONT SAINT MARTIN;289;190
DRIVE VILLENEUVE D'ASCQ;MONTIVILLIERS;313;195
DRIVE VILLENEUVE D'ASCQ;NANCY CENTRE;415;280
DRIVE VILLENEUVE D'ASCQ;NOGENT SUR OISE;177;115
DRIVE VILLENEUVE D'ASCQ;NOYELLES GODAULT;29;30
DRIVE VILLENEUVE D'ASCQ;NOYON;138;150
DRIVE VILLENEUVE D'ASCQ;OSNY;235;150
DRIVE VILLENEUVE D'ASCQ;PETITE FORET;42;45
DRIVE VILLENEUVE D'ASCQ;ROISSY;196;125
DRIVE VILLENEUVE D'ASCQ;RONCQ;18;30
DRIVE VILLENEUVE D'ASCQ;SCHWEIGHOUSE;511;325
DRIVE VILLENEUVE D'ASCQ;SEMECOURT;381;230
DRIVE VILLENEUVE D'ASCQ;SOCOPAL;224;225
DRIVE VILLENEUVE D'ASCQ;SOISY;218;145
DRIVE VILLENEUVE D'ASCQ;ST OMER;70;75
DRIVE VILLENEUVE D'ASCQ;ST QUENTIN;107;120
DRIVE VILLENEUVE D'ASCQ;STRASBOURG;520;335
DRIVE VILLENEUVE D'ASCQ;TAVERNY;227;145
DRIVE VILLENEUVE D'ASCQ;TOMBLAINE;418;280
DRIVE VILLENEUVE D'ASCQ;VAL DE REUIL SUPER 1209;286;190
DRIVE VILLENEUVE D'ASCQ;VERNEUIL 1 VERGER SUPER 4981;245;165
DRIVE VILLENEUVE D'ASCQ;VILLENEUVE 2;1;15
DRIVE VILLENEUVE D'ASCQ;VIRY NOUREUIL;134;135
DUNKERQUE;1186 ST QUENTIN SCHUMANN SUPER;180;125
DUNKERQUE;1297 HARNES SUPER;97;75
DUNKERQUE;4313 CANTELEU SUPER;256;165
DUNKERQUE;4536 LILLE WAZEMMES MY AUCHAN;76;55
DUNKERQUE;4977 RUE SUPER;133;90
DUNKERQUE;914 MARQUETTE LES PARTISANS DU GOUT;79;90
DUNKERQUE;ARRAS;118;120
DUNKERQUE;AUCHAN CITY TOURCOING;90;90
DUNKERQUE;AUCHAN LUXEMBOURG SUPPLY;400;260
DUNKERQUE;BEAUVAIS;248;155
DUNKERQUE;BETHUNE;75;75
DUNKERQUE;BOULOGNE;71;75
DUNKERQUE;CAEN CHRONO 352;380;240
DUNKERQUE;CALAIS;42;45
DUNKERQUE;CAMBRAI;148;150
DUNKERQUE;CERGY;305;190
DUNKERQUE;CERGY CHRONODRIVE 469;309;195
DUNKERQUE;CHERBOURG;497;320
DUNKERQUE;CHRONO AVELIN 4361;89;90
DUNKERQUE;CHRONO BONDUES 4703;82;90
DUNKERQUE;CHRONO COMPIEGNE 4345;232;150
DUNKERQUE;CHRONO COUDEKERQUE 4242;13;15
DUNKERQUE;CHRONO CROIX 4154;86;90
DUNKERQUE;CHRONO ELEU DIT LEAUWETTE 4462;99;105
DUNKERQUE;CHRONO HALLENNES 4167;70;75
DUNKERQUE;CHRONO IFS;378;235
DUNKERQUE;CHRONO LAMBERSART 4424;75;75
DUNKERQUE;CHRONO MARCQ 4128;81;90
DUNKERQUE;CHRONO VALENCIENNES 4370;126;135
DUNKERQUE;CHRONO WASQUEHAL 4303;85;90
DUNKERQUE;CORMEILLES EN PARISIS CHRONODRIVE 413;311;200
DUNKERQUE;DIEPPE;208;210
DUNKERQUE;DIFFERDANGE;380;255
DUNKERQUE;DOUAI;118;120
DUNKERQUE;DRIVE ARRAS;114;85
DUNKERQUE;DRIVE BEAUVAIS;248;155
DUNKERQUE;DRIVE BETHUNE;75;75
DUNKERQUE;DRIVE BOULOGNE;69;75
DUNKERQUE;DRIVE CALAIS;40;45
DUNKERQUE;DRIVE CAMBRAI;148;150
DUNKERQUE;DRIVE CERGY;304;190
DUNKERQUE;DRIVE CHERBOURG;497;320
DUNKERQUE;DRIVE DIEPPE;224;160
DUNKERQUE;DRIVE DOUAI;118;120
DUNKERQUE;DRIVE DUNKERQUE;1;15
DUNKERQUE;DRIVE DURY;197;210
DUNKERQUE;DRIVE ENGLOS;70;75
DUNKERQUE;DRIVE FACHES;83;90
DUNKERQUE;DRIVE LE HAVRE;312;195
DUNKERQUE;DRIVE LEERS;94;105
DUNKERQUE;DRIVE LOUVROIL;161;165
DUNKERQUE;DRIVE NOGENT SUR OISE;250;165
DUNKERQUE;DRIVE NOYELLES;104;105
DUNKERQUE;DRIVE NOYON;213;150
DUNKERQUE;DRIVE OSNY;287;190
DUNKERQUE;DRIVE PETITE FORET;121;135
DUNKERQUE;DRIVE ROISSY;273;175
DUNKERQUE;DRIVE RONCQ;90;90
DUNKERQUE;DRIVE SCHWEIGHOUSE;613;375
DUNKERQUE;DRIVE ST OMER;39;45
DUNKERQUE;DRIVE ST QUENTIN;176;115
DUNKERQUE;DRIVE TAVERNY;301;185
DUNKERQUE;DRIVE VALENCIENNES;128;135
DUNKERQUE;DRIVE VILLENEUVE D'ASCQ;81;90
DUNKERQUE;DUNKERQUE;0;0
DUNKERQUE;DURY;189;195
DUNKERQUE;ENGLOS;71;75
DUNKERQUE;ENT AMIENS BINAT;188;120
DUNKERQUE;ENT AMIENS SAINT SAUVEUR FLEG;185;195
DUNKERQUE;ENT AMIENS SAINT SAUVEUR PF;185;195
DUNKERQUE;ENT AMIENS SUPER POULAINVILLE PGC;188;195
DUNKERQUE;ENT CARVIN FL;98;105
DUNKERQUE;ENT CARVIN PF;98;105
DUNKERQUE;ENT IENA1;85;90
DUNKERQUE;ENT IENA2;85;90
DUNKERQUE;ENT MEYZIEU MEDLEY SUD;777;470
DUNKERQUE;ENT SERRIS 1;313;315
DUNKERQUE;ENT SERRIS 2;309;200
DUNKERQUE;ENT SOCOPAL DIEPPE;215;225
DUNKERQUE;ENT V DHL;273;175
DUNKERQUE;ENT V GEODIS;280;180
DUNKERQUE;FACHES;83;90
DUNKERQUE;FRANQUEVILLE CHRONODRIVE 4475;250;165
DUNKERQUE;HERBLAY CHRONODRIVE 444;304;190
DUNKERQUE;HIRSON;205;165
DUNKERQUE;HOUILLES SUPER 1073;299;195
DUNKERQUE;IFS CHRONODRIVE 4253;377;235
DUNKERQUE;ILLKIRCH;631;385
DUNKERQUE;KIRCHBERG;391;255
DUNKERQUE;LA CLOCHE D'OR;383;245
DUNKERQUE;LA QUEUE LES YVELINES SUPER 1096;338;230
DUNKERQUE;LAXOU;480;320
DUNKERQUE;LE CHESNAY PARLY 2 SUPER 1144;313;210
DUNKERQUE;LEERS;94;105
DUNKERQUE;LES MUREAUX HALLES AUCHAN;326;210
DUNKERQUE;LONGUEIL SAINTE MARIE SUPER 4315;229;145
DUNKERQUE;MAUREPAS SUPER 4492;327;225
DUNKERQUE;MERS LES BAINS;173;180
DUNKERQUE;MERU;273;170
DUNKERQUE;MONT SAINT MARTIN;368;240
DUNKERQUE;MONTIVILLIERS;302;315
DUNKERQUE;NANCY CENTRE;486;330
DUNKERQUE;NOGENT SUR OISE;252;165
DUNKERQUE;NOYELLES GODAULT;105;105
DUNKERQUE;NOYON;213;145
DUNKERQUE;OSNY;287;190
DUNKERQUE;PETITE FORET;121;135
DUNKERQUE;ROISSY;272;170
DUNKERQUE;RONCQ;90;90
DUNKERQUE;SCHWEIGHOUSE;620;375
DUNKERQUE;SEMECOURT;456;280
DUNKERQUE;SOCOPAL;215;225
DUNKERQUE;SOISY;294;195
DUNKERQUE;ST OMER;40;45
DUNKERQUE;ST QUENTIN;180;180
DUNKERQUE;STRASBOURG;628;385
DUNKERQUE;TAVERNY;300;185
DUNKERQUE;TOMBLAINE;527;330
DUNKERQUE;VAL DE REUIL SUPER 1209;278;185
DUNKERQUE;VALENCIENNES;128;135
DUNKERQUE;VERNEUIL 1 VERGER SUPER 4981;318;205
DUNKERQUE;VILLENEUVE 2;82;90
DUNKERQUE;VIRY NOUREUIL;210;140
DURY;1186 ST QUENTIN SCHUMANN SUPER;83;90
DURY;4313 CANTELEU SUPER;126;135
DURY;4977 RUE SUPER;80;90
DURY;914 MARQUETTE LES PARTISANS DU GOUT;144;95
DURY;ARRAS;70;75
DURY;AUCHAN CITY TOURCOING;151;165
DURY;AUCHAN LUXEMBOURG SUPPLY;379;240
DURY;BEAUVAIS;58;60
DURY;BETHUNE;89;90
DURY;BOULOGNE;133;135
DURY;CAEN CHRONO 352;253;160
DURY;CALAIS;167;180
DURY;CAMBRAI;100;105
DURY;CERGY;117;120
DURY;CERGY CHRONODRIVE 469;112;120
DURY;CHERBOURG;365;375
DURY;CHRONO AVELIN 4361;130;135
DURY;CHRONO COMPIEGNE 4345;88;90
DURY;CHRONO HALLENNES 4167;149;150
DURY;CHRONO IFS;247;255
DURY;CHRONO LAMBERSART 4424;145;150
DURY;CHRONO VALENCIENNES 4370;126;135
DURY;CHRONO WASQUEHAL 4303;147;150
DURY;CORMEILLES EN PARISIS CHRONODRIVE 413;127;135
DURY;DIEPPE;112;120
DURY;DIFFERDANGE;367;245
DURY;DOUAI;86;90
DURY;DRIVE BEAUVAIS;59;60
DURY;DRIVE BETHUNE;89;90
DURY;DRIVE CAMBRAI;100;105
DURY;DRIVE CHERBOURG;365;375
DURY;DRIVE DIEPPE;113;120
DURY;DRIVE DOUAI;86;90
DURY;DRIVE DUNKERQUE;197;125
DURY;DRIVE DURY;1;15
DURY;DRIVE ENGLOS;146;100
DURY;DRIVE FACHES;132;85
DURY;DRIVE LE HAVRE;182;195
DURY;DRIVE LEERS;133;135
DURY;DRIVE LOUVROIL;159;165
DURY;DRIVE MONTIVILLIERS;176;180
DURY;DRIVE NOGENT SUR OISE;92;105
DURY;DRIVE NOYELLES;93;105
DURY;DRIVE OSNY;98;75
DURY;DRIVE PETITE FORET;128;135
DURY;DRIVE ROISSY;127;135
DURY;DRIVE RONCQ;135;135
DURY;DRIVE SCHWEIGHOUSE;511;305
DURY;DRIVE ST OMER;179;180
DURY;DRIVE ST QUENTIN;78;90
DURY;DRIVE VALENCIENNES;126;135
DURY;DRIVE VILLENEUVE D'ASCQ;138;90
DURY;DUNKERQUE;197;210
DURY;DURY;0;0
DURY;ENGLOS;119;120
DURY;ENT AMIENS SAINT SAUVEUR FLEG;19;30
DURY;ENT AMIENS SAINT SAUVEUR PF;19;30
DURY;ENT AMIENS SUPER POULAINVILLE PGC;10;15
DURY;ENT CARVIN FL;124;135
DURY;ENT CARVIN PF;124;135
DURY;ENT IENA1;135;90
DURY;ENT IENA2;135;90
DURY;ENT MEYZIEU MEDLEY SUD;624;395
DURY;ENT SERRIS 1;162;165
DURY;ENT SERRIS 2;164;165
DURY;ENT V DHL;169;180
DURY;ENT V GEODIS;129;90
DURY;FACHES;115;120
DURY;FRANQUEVILLE CHRONODRIVE 4475;126;135
DURY;HERBLAY CHRONODRIVE 444;114;120
DURY;HIRSON;149;150
DURY;HOUILLES SUPER 1073;131;135
DURY;IFS CHRONODRIVE 4253;250;160
DURY;ILLKIRCH;525;320
DURY;KIRCHBERG;395;250
DURY;LA CLOCHE D'OR;387;245
DURY;LA QUEUE LES YVELINES SUPER 1096;162;120
DURY;LAXOU;374;255
DURY;LE CHESNAY PARLY 2 SUPER 1144;140;105
DURY;LE HAVRE;186;195
DURY;LEERS;133;135
DURY;LES MUREAUX HALLES AUCHAN;136;150
DURY;LONGUEIL SAINTE MARIE SUPER 4315;88;90
DURY;LOUVROIL;159;165
DURY;MAUREPAS SUPER 4492;154;115
DURY;MERS LES BAINS;82;90
DURY;MERU;87;90
DURY;MONT SAINT MARTIN;379;245
DURY;MONTIVILLIERS;176;180
DURY;NANCY CENTRE;380;265
DURY;NOGENT SUR OISE;78;90
DURY;NOYELLES GODAULT;94;105
DURY;OSNY;105;105
DURY;PETITE FORET;128;135
DURY;ROISSY;126;135
DURY;RONCQ;135;135
DURY;SCHWEIGHOUSE;514;310
DURY;SEMECOURT;350;210
DURY;SOISY;119;120
DURY;ST OMER;115;120
DURY;ST QUENTIN;81;90
DURY;STRASBOURG;523;315
DURY;TAVERNY;114;120
DURY;TOMBLAINE;421;265
DURY;VAL DE REUIL SUPER 1209;151;165
DURY;VALENCIENNES;126;135
DURY;VERNEUIL 1 VERGER SUPER 4981;130;95
DURY;VILLENEUVE 2;121;135
DURY;VIRY NOUREUIL;104;105
ENGLOS;1186 ST QUENTIN SCHUMANN SUPER;117;85
ENGLOS;1297 HARNES SUPER;34;45
ENGLOS;4313 CANTELEU SUPER;272;175
ENGLOS;4536 LILLE WAZEMMES MY AUCHAN;9;10
ENGLOS;4926 BILLY BERCLAU SUPER;23;30
ENGLOS;4977 RUE SUPER;131;125
ENGLOS;914 MARQUETTE LES PARTISANS DU GOUT;11;15
ENGLOS;ARRAS;52;60
ENGLOS;AUCHAN CITY TOURCOING;21;30
ENGLOS;AUCHAN LUXEMBOURG SUPPLY;328;220
ENGLOS;BETHUNE;36;45
ENGLOS;BOULOGNE;105;105
ENGLOS;CAEN CHRONO 352;397;255
ENGLOS;CALAIS;108;120
ENGLOS;CAMBRAI;82;90
ENGLOS;CERGY;238;155
ENGLOS;CERGY CHRONODRIVE 469;243;160
ENGLOS;CHERBOURG;514;335
ENGLOS;CHRONO AVELIN 4361;23;30
ENGLOS;CHRONO BONDUES 4703;14;15
ENGLOS;CHRONO COMPIEGNE 4345;165;110
ENGLOS;CHRONO COUDEKERQUE 4242;60;60
ENGLOS;CHRONO CROIX 4154;17;30
ENGLOS;CHRONO ELEU DIT LEAUWETTE 4462;32;45
ENGLOS;CHRONO HALLENNES 4167;3;15
ENGLOS;CHRONO IFS;394;250
ENGLOS;CHRONO LAMBERSART 4424;7;15
ENGLOS;CHRONO MARCQ 4128;13;15
ENGLOS;CHRONO VALENCIENNES 4370;61;75
ENGLOS;CHRONO WASQUEHAL 4303;17;30
ENGLOS;CORMEILLES EN PARISIS CHRONODRIVE 413;234;160
ENGLOS;DIEPPE;191;195
ENGLOS;DIFFERDANGE;309;215
ENGLOS;DOUAI;52;60
ENGLOS;DRIVE ARRAS;52;60
ENGLOS;DRIVE BEAUVAIS;202;210
ENGLOS;DRIVE BETHUNE;36;45
ENGLOS;DRIVE BOULOGNE;108;120
ENGLOS;DRIVE CALAIS;105;105
ENGLOS;DRIVE CAMBRAI;82;90
ENGLOS;DRIVE CERGY;237;155
ENGLOS;DRIVE CHERBOURG;513;335
ENGLOS;DRIVE DIEPPE;257;180
ENGLOS;DRIVE DOUAI;52;60
ENGLOS;DRIVE DUNKERQUE;69;75
ENGLOS;DRIVE DURY;146;150
ENGLOS;DRIVE ENGLOS;0;0
ENGLOS;DRIVE LE HAVRE;328;210
ENGLOS;DRIVE LEERS;25;30
ENGLOS;DRIVE LOUVROIL;95;70
ENGLOS;DRIVE MONTIVILLIERS;319;205
ENGLOS;DRIVE NOGENT SUR OISE;183;120
ENGLOS;DRIVE NOYELLES;39;45
ENGLOS;DRIVE NOYON;146;105
ENGLOS;DRIVE OSNY;243;160
ENGLOS;DRIVE PETITE FORET;56;60
ENGLOS;DRIVE ROISSY;206;135
ENGLOS;DRIVE RONCQ;21;30
ENGLOS;DRIVE SCHWEIGHOUSE;550;330
ENGLOS;DRIVE ST OMER;58;60
ENGLOS;DRIVE ST QUENTIN;115;120
ENGLOS;DRIVE TAVERNY;234;155
ENGLOS;DRIVE VALENCIENNES;62;75
ENGLOS;DRIVE VILLENEUVE D'ASCQ;16;30
ENGLOS;DUNKERQUE;70;75
ENGLOS;DURY;119;120
ENGLOS;ENGLOS;0;0
ENGLOS;ENT AMIENS BINAT;148;100
ENGLOS;ENT AMIENS SAINT SAUVEUR FLEG;134;135
ENGLOS;ENT AMIENS SAINT SAUVEUR PF;134;135
ENGLOS;ENT AMIENS SUPER POULAINVILLE PGC;110;120
ENGLOS;ENT CARVIN FL;31;45
ENGLOS;ENT CARVIN PF;31;45
ENGLOS;ENT IENA1;18;30
ENGLOS;ENT IENA2;18;30
ENGLOS;ENT MEYZIEU MEDLEY SUD;709;430
ENGLOS;ENT SAINGHIN1;19;20
ENGLOS;ENT SERRIS 2;241;160
ENGLOS;ENT SOCOPAL DIEPPE;199;210
ENGLOS;ENT V DHL;262;270
ENGLOS;ENT V GEODIS;212;140
ENGLOS;FACHES;18;30
ENGLOS;FRANQUEVILLE CHRONODRIVE 4475;267;180
ENGLOS;HERBLAY CHRONODRIVE 444;238;155
ENGLOS;HIRSON;138;150
ENGLOS;HOUILLES SUPER 1073;232;155
ENGLOS;IFS CHRONODRIVE 4253;393;250
ENGLOS;ILLKIRCH;564;345
ENGLOS;KIRCHBERG;324;210
ENGLOS;LA CLOCHE D'OR;315;205
ENGLOS;LA QUEUE LES YVELINES SUPER 1096;270;185
ENGLOS;LAXOU;413;280
ENGLOS;LE CHESNAY PARLY 2 SUPER 1144;245;170
ENGLOS;LE HAVRE;296;300
ENGLOS;LEERS;25;30
ENGLOS;LES MUREAUX HALLES AUCHAN;258;170
ENGLOS;LONGUEIL SAINTE MARIE SUPER 4315;161;105
ENGLOS;LOUVROIL;96;105
ENGLOS;MAUREPAS SUPER 4492;259;180
ENGLOS;MERS LES BAINS;156;165
ENGLOS;MERU;228;240
ENGLOS;MONT SAINT MARTIN;301;200
ENGLOS;MONTIVILLIERS;321;205
ENGLOS;NANCY CENTRE;419;290
ENGLOS;NOGENT SUR OISE;185;125
ENGLOS;NOYELLES GODAULT;39;45
ENGLOS;NOYON;148;150
ENGLOS;OSNY;243;160
ENGLOS;PETITE FORET;56;60
ENGLOS;ROISSY;204;130
ENGLOS;RONCQ;21;30
ENGLOS;SCHWEIGHOUSE;553;335
ENGLOS;SEMECOURT;389;235
ENGLOS;SOCOPAL;199;210
ENGLOS;SOISY;226;150
ENGLOS;ST OMER;58;60
ENGLOS;ST QUENTIN;114;120
ENGLOS;STRASBOURG;561;340
ENGLOS;TAVERNY;235;150
ENGLOS;TOMBLAINE;459;290
ENGLOS;VAL DE REUIL SUPER 1209;294;200
ENGLOS;VALENCIENNES;62;75
ENGLOS;VERNEUIL 1 VERGER SUPER 4981;253;170
ENGLOS;VILLENEUVE 2;17;30
ENGLOS;VIRY NOUREUIL;144;150
ENT AMIENS BINAT;1186 ST QUENTIN SCHUMANN SUPER;86;90
ENT AMIENS BINAT;1267 CALAIS DELAROCHE SUPER;155;165
ENT AMIENS BINAT;1297 HARNES SUPER;101;105
ENT AMIENS BINAT;4313 CANTELEU SUPER;130;135
ENT AMIENS BINAT;4536 LILLE WAZEMMES MY AUCHAN;122;135
ENT AMIENS BINAT;4926 BILLY BERCLAU SUPER;94;105
ENT AMIENS BINAT;4977 RUE SUPER;72;75
ENT AMIENS BINAT;914 MARQUETTE LES PARTISANS DU GOUT;124;135
ENT AMIENS BINAT;AUCHAN CITY TOURCOING;131;135
ENT AMIENS BINAT;AUCHAN LUXEMBOURG SUPPLY;405;405
ENT AMIENS BINAT;BEAUVAIS;70;75
ENT AMIENS BINAT;BETHUNE;84;90
ENT AMIENS BINAT;BOULOGNE;137;85
ENT AMIENS BINAT;CAEN CHRONO 352;249;255
ENT AMIENS BINAT;CALAIS;151;95
ENT AMIENS BINAT;CAMBRAI;103;105
ENT AMIENS BINAT;CERGY;120;120
ENT AMIENS BINAT;CERGY CHRONODRIVE 469;123;135
ENT AMIENS BINAT;CHERBOURG;369;375
ENT AMIENS BINAT;CHRONO AVELIN 4361;109;120
ENT AMIENS BINAT;CHRONO BONDUES 4703;127;135
ENT AMIENS BINAT;CHRONO COMPIEGNE 4345;89;90
ENT AMIENS BINAT;CHRONO COUDEKERQUE 4242;143;150
ENT AMIENS BINAT;CHRONO CROIX 4154;127;135
ENT AMIENS BINAT;CHRONO ELEU DIT LEAUWETTE 4462;81;90
ENT AMIENS BINAT;CHRONO HALLENNES 4167;110;120
ENT AMIENS BINAT;CHRONO IFS;251;255
ENT AMIENS BINAT;CHRONO LAMBERSART 4424;123;135
ENT AMIENS BINAT;CHRONO MARCQ 4128;124;135
ENT AMIENS BINAT;CHRONO VALENCIENNES 4370;111;120
ENT AMIENS BINAT;CHRONO WASQUEHAL 4303;125;135
ENT AMIENS BINAT;CORMEILLES EN PARISIS CHRONODRIVE 413;139;150
ENT AMIENS BINAT;DIEPPE;117;120
ENT AMIENS BINAT;DIFFERDANGE;389;390
ENT AMIENS BINAT;DOUAI;84;90
ENT AMIENS BINAT;DRIVE ARRAS;64;75
ENT AMIENS BINAT;DRIVE BEAUVAIS;70;75
ENT AMIENS BINAT;DRIVE BETHUNE;84;90
ENT AMIENS BINAT;DRIVE BOULOGNE;122;135
ENT AMIENS BINAT;DRIVE CALAIS;155;165
ENT AMIENS BINAT;DRIVE CAMBRAI;103;105
ENT AMIENS BINAT;DRIVE CERGY;128;135
ENT AMIENS BINAT;DRIVE CHERBOURG;369;375
ENT AMIENS BINAT;DRIVE DIEPPE;116;120
ENT AMIENS BINAT;DRIVE DOUAI;84;90
ENT AMIENS BINAT;DRIVE DUNKERQUE;150;150
ENT AMIENS BINAT;DRIVE DURY;10;15
ENT AMIENS BINAT;DRIVE ENGLOS;114;120
ENT AMIENS BINAT;DRIVE LE HAVRE;186;195
ENT AMIENS BINAT;DRIVE LEERS;130;135
ENT AMIENS BINAT;DRIVE LOUVROIL;143;150
ENT AMIENS BINAT;DRIVE MONTIVILLIERS;179;180
ENT AMIENS BINAT;DRIVE NOGENT SUR OISE;84;90
ENT AMIENS BINAT;DRIVE NOYELLES;91;105
ENT AMIENS BINAT;DRIVE NOYON;74;75
ENT AMIENS BINAT;DRIVE OSNY;116;120
ENT AMIENS BINAT;DRIVE PETITE FORET;113;120
ENT AMIENS BINAT;DRIVE ROISSY;138;150
ENT AMIENS BINAT;DRIVE RONCQ;132;135
ENT AMIENS BINAT;DRIVE SCHWEIGHOUSE;516;525
ENT AMIENS BINAT;DRIVE ST OMER;112;120
ENT AMIENS BINAT;DRIVE ST QUENTIN;82;90
ENT AMIENS BINAT;DRIVE TAVERNY;125;135
ENT AMIENS BINAT;DRIVE VALENCIENNES;110;120
ENT AMIENS BINAT;DRIVE VILLENEUVE D'ASCQ;119;120
ENT AMIENS BINAT;DUNKERQUE;188;120
ENT AMIENS BINAT;DURY;5;15
ENT AMIENS BINAT;ENGLOS;148;100
ENT AMIENS BINAT;ENT AMIENS BINAT;0;0
ENT AMIENS BINAT;ENT AMIENS SAINT SAUVEUR FLEG;8;15
ENT AMIENS BINAT;ENT AMIENS SAINT SAUVEUR PF;8;15
ENT AMIENS BINAT;ENT AMIENS SUPER POULAINVILLE PGC;2;15
ENT AMIENS BINAT;ENT CARVIN FL;105;105
ENT AMIENS BINAT;ENT CARVIN PF;105;105
ENT AMIENS BINAT;ENT IENA;138;90
ENT AMIENS BINAT;ENT IENA1;138;90
ENT AMIENS BINAT;ENT IENA2;138;90
ENT AMIENS BINAT;ENT MEYZIEU MEDLEY SUD;635;400
ENT AMIENS BINAT;ENT SAINGHIN1;119;120
ENT AMIENS BINAT;ENT SERRIS 1;173;180
ENT AMIENS BINAT;ENT SERRIS 2;175;180
ENT AMIENS BINAT;ENT SOCOPAL DIEPPE;93;105
ENT AMIENS BINAT;ENT V DHL;180;180
ENT AMIENS BINAT;ENT V GEODIS;182;195
ENT AMIENS BINAT;FACHES;113;120
ENT AMIENS BINAT;FRANQUEVILLE CHRONODRIVE 4475;129;135
ENT AMIENS BINAT;HERBLAY CHRONODRIVE 444;126;135
ENT AMIENS BINAT;HIRSON;153;130
ENT AMIENS BINAT;HOUILLES SUPER 1073;143;150
ENT AMIENS BINAT;ILLKIRCH;528;540
ENT AMIENS BINAT;KIRCHBERG;390;390
ENT AMIENS BINAT;LA CLOCHE D'OR;406;420
ENT AMIENS BINAT;LA QUEUE LES YVELINES SUPER 1096;184;195
ENT AMIENS BINAT;LAXOU;377;390
ENT AMIENS BINAT;LE CHESNAY PARLY 2 SUPER 1144;153;165
ENT AMIENS BINAT;LE HAVRE;188;195
ENT AMIENS BINAT;LEERS;130;135
ENT AMIENS BINAT;LES MUREAUX HALLES AUCHAN;150;105
ENT AMIENS BINAT;LONGUEIL SAINTE MARIE SUPER 4315;90;90
ENT AMIENS BINAT;LOUVROIL;162;110
ENT AMIENS BINAT;MAUREPAS SUPER 4492;174;180
ENT AMIENS BINAT;MERS LES BAINS;82;65
ENT AMIENS BINAT;MERU;98;105
ENT AMIENS BINAT;MONT SAINT MARTIN;310;315
ENT AMIENS BINAT;MONTIVILLIERS;182;115
ENT AMIENS BINAT;NANCY CENTRE;383;390
ENT AMIENS BINAT;NOGENT SUR OISE;86;90
ENT AMIENS BINAT;NOYELLES GODAULT;115;75
ENT AMIENS BINAT;NOYON;74;75
ENT AMIENS BINAT;OSNY;116;120
ENT AMIENS BINAT;PETITE FORET;113;120
ENT AMIENS BINAT;ROISSY;137;150
ENT AMIENS BINAT;RONCQ;132;135
ENT AMIENS BINAT;SCHWEIGHOUSE;512;525
ENT AMIENS BINAT;SEMECOURT;348;360
ENT AMIENS BINAT;SOCOPAL;93;105
ENT AMIENS BINAT;SOISY;131;135
ENT AMIENS BINAT;ST OMER;171;115
ENT AMIENS BINAT;STRASBOURG;524;525
ENT AMIENS BINAT;TAVERNY;125;135
ENT AMIENS BINAT;TOMBLAINE;394;405
ENT AMIENS BINAT;VAL DE REUIL SUPER 1209;155;165
ENT AMIENS BINAT;VALENCIENNES;110;120
ENT AMIENS BINAT;VERNEUIL 1 VERGER SUPER 4981;142;150
ENT AMIENS BINAT;VILLENEUVE 2;143;95
ENT AMIENS BINAT;VIRY NOUREUIL;107;120
ENT AMIENS SAINT SAUVEUR FLEG;1186 ST QUENTIN SCHUMANN SUPER;91;105
ENT AMIENS SAINT SAUVEUR FLEG;1267 CALAIS DELAROCHE SUPER;153;165
ENT AMIENS SAINT SAUVEUR FLEG;1297 HARNES SUPER;106;120
ENT AMIENS SAINT SAUVEUR FLEG;4313 CANTELEU SUPER;127;135
ENT AMIENS SAINT SAUVEUR FLEG;4536 LILLE WAZEMMES MY AUCHAN;127;135
ENT AMIENS SAINT SAUVEUR FLEG;4926 BILLY BERCLAU SUPER;101;105
ENT AMIENS SAINT SAUVEUR FLEG;4977 RUE SUPER;69;75
ENT AMIENS SAINT SAUVEUR FLEG;914 MARQUETTE LES PARTISANS DU GOUT;152;105
ENT AMIENS SAINT SAUVEUR FLEG;ARRAS;70;75
ENT AMIENS SAINT SAUVEUR FLEG;AUCHAN LUXEMBOURG SUPPLY;387;245
ENT AMIENS SAINT SAUVEUR FLEG;BEAUVAIS;68;75
ENT AMIENS SAINT SAUVEUR FLEG;BOULOGNE;122;135
ENT AMIENS SAINT SAUVEUR FLEG;CAEN CHRONO 352;251;255
ENT AMIENS SAINT SAUVEUR FLEG;CERGY;127;135
ENT AMIENS SAINT SAUVEUR FLEG;CERGY CHRONODRIVE 469;130;135
ENT AMIENS SAINT SAUVEUR FLEG;CHERBOURG;369;375
ENT AMIENS SAINT SAUVEUR FLEG;CHRONO AVELIN 4361;115;120
ENT AMIENS SAINT SAUVEUR FLEG;CHRONO COMPIEGNE 4345;89;90
ENT AMIENS SAINT SAUVEUR FLEG;CHRONO CROIX 4154;133;135
ENT AMIENS SAINT SAUVEUR FLEG;CHRONO IFS;249;255
ENT AMIENS SAINT SAUVEUR FLEG;CHRONO MARCQ 4128;132;135
ENT AMIENS SAINT SAUVEUR FLEG;CHRONO WASQUEHAL 4303;151;100
ENT AMIENS SAINT SAUVEUR FLEG;CORMEILLES EN PARISIS CHRONODRIVE 413;137;150
ENT AMIENS SAINT SAUVEUR FLEG;DIEPPE;114;120
ENT AMIENS SAINT SAUVEUR FLEG;DIFFERDANGE;375;255
ENT AMIENS SAINT SAUVEUR FLEG;DOUAI;124;135
ENT AMIENS SAINT SAUVEUR FLEG;DRIVE BEAUVAIS;68;75
ENT AMIENS SAINT SAUVEUR FLEG;DRIVE BOULOGNE;120;120
ENT AMIENS SAINT SAUVEUR FLEG;DRIVE CERGY;126;135
ENT AMIENS SAINT SAUVEUR FLEG;DRIVE CHERBOURG;369;375
ENT AMIENS SAINT SAUVEUR FLEG;DRIVE DIEPPE;114;120
ENT AMIENS SAINT SAUVEUR FLEG;DRIVE DOUAI;124;135
ENT AMIENS SAINT SAUVEUR FLEG;DRIVE DURY;19;30
ENT AMIENS SAINT SAUVEUR FLEG;DRIVE LE HAVRE;184;195
ENT AMIENS SAINT SAUVEUR FLEG;DRIVE LEERS;137;150
ENT AMIENS SAINT SAUVEUR FLEG;DRIVE MONTIVILLIERS;180;180
ENT AMIENS SAINT SAUVEUR FLEG;DRIVE NOGENT SUR OISE;102;105
ENT AMIENS SAINT SAUVEUR FLEG;DRIVE NOYON;79;90
ENT AMIENS SAINT SAUVEUR FLEG;DRIVE OSNY;130;135
ENT AMIENS SAINT SAUVEUR FLEG;DRIVE ROISSY;136;150
ENT AMIENS SAINT SAUVEUR FLEG;DRIVE SCHWEIGHOUSE;519;310
ENT AMIENS SAINT SAUVEUR FLEG;DRIVE ST OMER;169;115
ENT AMIENS SAINT SAUVEUR FLEG;DRIVE ST QUENTIN;87;90
ENT AMIENS SAINT SAUVEUR FLEG;DRIVE TAVERNY;123;135
ENT AMIENS SAINT SAUVEUR FLEG;DRIVE VALENCIENNES;134;135
ENT AMIENS SAINT SAUVEUR FLEG;DUNKERQUE;186;195
ENT AMIENS SAINT SAUVEUR FLEG;DURY;19;30
ENT AMIENS SAINT SAUVEUR FLEG;ENT AMIENS BINAT;9;15
ENT AMIENS SAINT SAUVEUR FLEG;ENT AMIENS SAINT SAUVEUR FLEG;0;0
ENT AMIENS SAINT SAUVEUR FLEG;ENT AMIENS SAINT SAUVEUR PF;0;0
ENT AMIENS SAINT SAUVEUR FLEG;ENT AMIENS SUPER POULAINVILLE PGC;8;15
ENT AMIENS SAINT SAUVEUR FLEG;ENT CARVIN FL;110;120
ENT AMIENS SAINT SAUVEUR FLEG;ENT CARVIN PF;110;120
ENT AMIENS SAINT SAUVEUR FLEG;ENT IENA;120;120
ENT AMIENS SAINT SAUVEUR FLEG;ENT IENA1;121;135
ENT AMIENS SAINT SAUVEUR FLEG;ENT IENA2;121;135
ENT AMIENS SAINT SAUVEUR FLEG;ENT MEYZIEU MEDLEY SUD;633;400
ENT AMIENS SAINT SAUVEUR FLEG;ENT SAINGHIN1;124;135
ENT AMIENS SAINT SAUVEUR FLEG;ENT SERRIS 2;173;180
ENT AMIENS SAINT SAUVEUR FLEG;ENT SOCOPAL DIEPPE;91;105
ENT AMIENS SAINT SAUVEUR FLEG;ENT V DHL;136;90
ENT AMIENS SAINT SAUVEUR FLEG;ENT V GEODIS;180;180
ENT AMIENS SAINT SAUVEUR FLEG;FACHES;119;120
ENT AMIENS SAINT SAUVEUR FLEG;FRANQUEVILLE CHRONODRIVE 4475;127;135
ENT AMIENS SAINT SAUVEUR FLEG;HERBLAY CHRONODRIVE 444;125;135
ENT AMIENS SAINT SAUVEUR FLEG;HOUILLES SUPER 1073;140;150
ENT AMIENS SAINT SAUVEUR FLEG;IFS CHRONODRIVE 4253;249;255
ENT AMIENS SAINT SAUVEUR FLEG;ILLKIRCH;533;325
ENT AMIENS SAINT SAUVEUR FLEG;KIRCHBERG;403;255
ENT AMIENS SAINT SAUVEUR FLEG;LA CLOCHE D'OR;394;250
ENT AMIENS SAINT SAUVEUR FLEG;LA QUEUE LES YVELINES SUPER 1096;171;125
ENT AMIENS SAINT SAUVEUR FLEG;LAXOU;382;255
ENT AMIENS SAINT SAUVEUR FLEG;LE CHESNAY PARLY 2 SUPER 1144;149;110
ENT AMIENS SAINT SAUVEUR FLEG;LE HAVRE;186;195
ENT AMIENS SAINT SAUVEUR FLEG;LEERS;137;150
ENT AMIENS SAINT SAUVEUR FLEG;LES MUREAUX HALLES AUCHAN;146;150
ENT AMIENS SAINT SAUVEUR FLEG;LONGUEIL SAINTE MARIE SUPER 4315;95;105
ENT AMIENS SAINT SAUVEUR FLEG;MAUREPAS SUPER 4492;164;120
ENT AMIENS SAINT SAUVEUR FLEG;MERS LES BAINS;80;90
ENT AMIENS SAINT SAUVEUR FLEG;MERU;95;105
ENT AMIENS SAINT SAUVEUR FLEG;MONT SAINT MARTIN;387;250
ENT AMIENS SAINT SAUVEUR FLEG;MONTIVILLIERS;180;180
ENT AMIENS SAINT SAUVEUR FLEG;NANCY CENTRE;388;270
ENT AMIENS SAINT SAUVEUR FLEG;NOGENT SUR OISE;104;105
ENT AMIENS SAINT SAUVEUR FLEG;NOYELLES GODAULT;98;105
ENT AMIENS SAINT SAUVEUR FLEG;NOYON;79;90
ENT AMIENS SAINT SAUVEUR FLEG;OSNY;130;135
ENT AMIENS SAINT SAUVEUR FLEG;ROISSY;134;135
ENT AMIENS SAINT SAUVEUR FLEG;SCHWEIGHOUSE;522;315
ENT AMIENS SAINT SAUVEUR FLEG;SEMECOURT;358;215
ENT AMIENS SAINT SAUVEUR FLEG;SOCOPAL;91;105
ENT AMIENS SAINT SAUVEUR FLEG;SOISY;128;135
ENT AMIENS SAINT SAUVEUR FLEG;ST QUENTIN;87;90
ENT AMIENS SAINT SAUVEUR FLEG;STRASBOURG;530;320
ENT AMIENS SAINT SAUVEUR FLEG;TAVERNY;123;135
ENT AMIENS SAINT SAUVEUR FLEG;TOMBLAINE;429;270
ENT AMIENS SAINT SAUVEUR FLEG;VAL DE REUIL SUPER 1209;153;165
ENT AMIENS SAINT SAUVEUR FLEG;VALENCIENNES;134;135
ENT AMIENS SAINT SAUVEUR FLEG;VERNEUIL 1 VERGER SUPER 4981;140;150
ENT AMIENS SAINT SAUVEUR FLEG;VIRY NOUREUIL;112;120
ENT AMIENS SAINT SAUVEUR PF;1186 ST QUENTIN SCHUMANN SUPER;91;105
ENT AMIENS SAINT SAUVEUR PF;1267 CALAIS DELAROCHE SUPER;153;165
ENT AMIENS SAINT SAUVEUR PF;1297 HARNES SUPER;106;120
ENT AMIENS SAINT SAUVEUR PF;4313 CANTELEU SUPER;127;135
ENT AMIENS SAINT SAUVEUR PF;4536 LILLE WAZEMMES MY AUCHAN;127;135
ENT AMIENS SAINT SAUVEUR PF;4926 BILLY BERCLAU SUPER;101;105
ENT AMIENS SAINT SAUVEUR PF;4977 RUE SUPER;69;75
ENT AMIENS SAINT SAUVEUR PF;914 MARQUETTE LES PARTISANS DU GOUT;153;105
ENT AMIENS SAINT SAUVEUR PF;ARRAS;70;75
ENT AMIENS SAINT SAUVEUR PF;AUCHAN LUXEMBOURG SUPPLY;387;250
ENT AMIENS SAINT SAUVEUR PF;BEAUVAIS;68;75
ENT AMIENS SAINT SAUVEUR PF;BOULOGNE;122;135
ENT AMIENS SAINT SAUVEUR PF;CAEN CHRONO 352;251;255
ENT AMIENS SAINT SAUVEUR PF;CERGY;127;135
ENT AMIENS SAINT SAUVEUR PF;CERGY CHRONODRIVE 469;130;135
ENT AMIENS SAINT SAUVEUR PF;CHERBOURG;369;375
ENT AMIENS SAINT SAUVEUR PF;CHRONO AVELIN 4361;115;120
ENT AMIENS SAINT SAUVEUR PF;CHRONO COMPIEGNE 4345;89;90
ENT AMIENS SAINT SAUVEUR PF;CHRONO CROIX 4154;133;135
ENT AMIENS SAINT SAUVEUR PF;CHRONO IFS;249;255
ENT AMIENS SAINT SAUVEUR PF;CHRONO MARCQ 4128;132;135
ENT AMIENS SAINT SAUVEUR PF;CHRONO WASQUEHAL 4303;151;105
ENT AMIENS SAINT SAUVEUR PF;CORMEILLES EN PARISIS CHRONODRIVE 413;137;150
ENT AMIENS SAINT SAUVEUR PF;DIEPPE;114;120
ENT AMIENS SAINT SAUVEUR PF;DIFFERDANGE;376;255
ENT AMIENS SAINT SAUVEUR PF;DOUAI;124;135
ENT AMIENS SAINT SAUVEUR PF;DRIVE BEAUVAIS;68;75
ENT AMIENS SAINT SAUVEUR PF;DRIVE BOULOGNE;120;120
ENT AMIENS SAINT SAUVEUR PF;DRIVE CERGY;126;135
ENT AMIENS SAINT SAUVEUR PF;DRIVE CHERBOURG;369;375
ENT AMIENS SAINT SAUVEUR PF;DRIVE DIEPPE;114;120
ENT AMIENS SAINT SAUVEUR PF;DRIVE DOUAI;124;135
ENT AMIENS SAINT SAUVEUR PF;DRIVE DURY;19;30
ENT AMIENS SAINT SAUVEUR PF;DRIVE LE HAVRE;184;195
ENT AMIENS SAINT SAUVEUR PF;DRIVE LEERS;137;150
ENT AMIENS SAINT SAUVEUR PF;DRIVE MONTIVILLIERS;180;180
ENT AMIENS SAINT SAUVEUR PF;DRIVE NOGENT SUR OISE;102;105
ENT AMIENS SAINT SAUVEUR PF;DRIVE NOYON;79;90
ENT AMIENS SAINT SAUVEUR PF;DRIVE OSNY;130;135
ENT AMIENS SAINT SAUVEUR PF;DRIVE ROISSY;136;150
ENT AMIENS SAINT SAUVEUR PF;DRIVE SCHWEIGHOUSE;520;315
ENT AMIENS SAINT SAUVEUR PF;DRIVE ST OMER;170;115
ENT AMIENS SAINT SAUVEUR PF;DRIVE ST QUENTIN;87;90
ENT AMIENS SAINT SAUVEUR PF;DRIVE TAVERNY;123;135
ENT AMIENS SAINT SAUVEUR PF;DRIVE VALENCIENNES;134;135
ENT AMIENS SAINT SAUVEUR PF;DUNKERQUE;186;195
ENT AMIENS SAINT SAUVEUR PF;DURY;19;30
ENT AMIENS SAINT SAUVEUR PF;ENT AMIENS BINAT;9;15
ENT AMIENS SAINT SAUVEUR PF;ENT AMIENS SAINT SAUVEUR FLEG;0;0
ENT AMIENS SAINT SAUVEUR PF;ENT AMIENS SAINT SAUVEUR PF;0;0
ENT AMIENS SAINT SAUVEUR PF;ENT AMIENS SUPER POULAINVILLE PGC;8;15
ENT AMIENS SAINT SAUVEUR PF;ENT CARVIN FL;110;120
ENT AMIENS SAINT SAUVEUR PF;ENT CARVIN PF;110;120
ENT AMIENS SAINT SAUVEUR PF;ENT IENA;120;120
ENT AMIENS SAINT SAUVEUR PF;ENT IENA1;121;135
ENT AMIENS SAINT SAUVEUR PF;ENT IENA2;121;135
ENT AMIENS SAINT SAUVEUR PF;ENT MEYZIEU MEDLEY SUD;634;405
ENT AMIENS SAINT SAUVEUR PF;ENT SAINGHIN1;124;135
ENT AMIENS SAINT SAUVEUR PF;ENT SERRIS 2;173;180
ENT AMIENS SAINT SAUVEUR PF;ENT SOCOPAL DIEPPE;91;105
ENT AMIENS SAINT SAUVEUR PF;ENT V DHL;137;95
ENT AMIENS SAINT SAUVEUR PF;ENT V GEODIS;180;180
ENT AMIENS SAINT SAUVEUR PF;FACHES;119;120
ENT AMIENS SAINT SAUVEUR PF;FRANQUEVILLE CHRONODRIVE 4475;127;135
ENT AMIENS SAINT SAUVEUR PF;HERBLAY CHRONODRIVE 444;125;135
ENT AMIENS SAINT SAUVEUR PF;HOUILLES SUPER 1073;140;150
ENT AMIENS SAINT SAUVEUR PF;IFS CHRONODRIVE 4253;249;255
ENT AMIENS SAINT SAUVEUR PF;ILLKIRCH;534;330
ENT AMIENS SAINT SAUVEUR PF;KIRCHBERG;404;260
ENT AMIENS SAINT SAUVEUR PF;LA CLOCHE D'OR;395;255
ENT AMIENS SAINT SAUVEUR PF;LA QUEUE LES YVELINES SUPER 1096;172;130
ENT AMIENS SAINT SAUVEUR PF;LAXOU;383;260
ENT AMIENS SAINT SAUVEUR PF;LE CHESNAY PARLY 2 SUPER 1144;150;110
ENT AMIENS SAINT SAUVEUR PF;LE HAVRE;186;195
ENT AMIENS SAINT SAUVEUR PF;LEERS;137;150
ENT AMIENS SAINT SAUVEUR PF;LES MUREAUX HALLES AUCHAN;146;150
ENT AMIENS SAINT SAUVEUR PF;LONGUEIL SAINTE MARIE SUPER 4315;95;105
ENT AMIENS SAINT SAUVEUR PF;MAUREPAS SUPER 4492;164;125
ENT AMIENS SAINT SAUVEUR PF;MERS LES BAINS;80;90
ENT AMIENS SAINT SAUVEUR PF;MERU;95;105
ENT AMIENS SAINT SAUVEUR PF;MONT SAINT MARTIN;388;255
ENT AMIENS SAINT SAUVEUR PF;MONTIVILLIERS;180;180
ENT AMIENS SAINT SAUVEUR PF;NANCY CENTRE;389;275
ENT AMIENS SAINT SAUVEUR PF;NOGENT SUR OISE;104;105
ENT AMIENS SAINT SAUVEUR PF;NOYELLES GODAULT;98;105
ENT AMIENS SAINT SAUVEUR PF;NOYON;79;90
ENT AMIENS SAINT SAUVEUR PF;OSNY;130;135
ENT AMIENS SAINT SAUVEUR PF;ROISSY;134;135
ENT AMIENS SAINT SAUVEUR PF;SCHWEIGHOUSE;523;320
ENT AMIENS SAINT SAUVEUR PF;SEMECOURT;359;220
ENT AMIENS SAINT SAUVEUR PF;SOCOPAL;91;105
ENT AMIENS SAINT SAUVEUR PF;SOISY;128;135
ENT AMIENS SAINT SAUVEUR PF;ST QUENTIN;87;90
ENT AMIENS SAINT SAUVEUR PF;STRASBOURG;531;325
ENT AMIENS SAINT SAUVEUR PF;TAVERNY;123;135
ENT AMIENS SAINT SAUVEUR PF;TOMBLAINE;430;275
ENT AMIENS SAINT SAUVEUR PF;VAL DE REUIL SUPER 1209;153;165
ENT AMIENS SAINT SAUVEUR PF;VALENCIENNES;134;135
ENT AMIENS SAINT SAUVEUR PF;VERNEUIL 1 VERGER SUPER 4981;140;150
ENT AMIENS SAINT SAUVEUR PF;VIRY NOUREUIL;112;120
ENT AMIENS SUPER POULAINVILLE PGC;1267 CALAIS DELAROCHE SUPER;156;165
ENT AMIENS SUPER POULAINVILLE PGC;1297 HARNES SUPER;92;105
ENT AMIENS SUPER POULAINVILLE PGC;4313 CANTELEU SUPER;130;135
ENT AMIENS SUPER POULAINVILLE PGC;4536 LILLE WAZEMMES MY AUCHAN;123;135
ENT AMIENS SUPER POULAINVILLE PGC;4926 BILLY BERCLAU SUPER;95;105
ENT AMIENS SUPER POULAINVILLE PGC;4977 RUE SUPER;72;75
ENT AMIENS SUPER POULAINVILLE PGC;914 MARQUETTE LES PARTISANS DU GOUT;125;135
ENT AMIENS SUPER POULAINVILLE PGC;ARRAS;61;75
ENT AMIENS SUPER POULAINVILLE PGC;AUCHAN CITY TOURCOING;133;135
ENT AMIENS SUPER POULAINVILLE PGC;AUCHAN LUXEMBOURG SUPPLY;382;245
ENT AMIENS SUPER POULAINVILLE PGC;BEAUVAIS;71;75
ENT AMIENS SUPER POULAINVILLE PGC;BETHUNE;96;105
ENT AMIENS SUPER POULAINVILLE PGC;BOULOGNE;125;135
ENT AMIENS SUPER POULAINVILLE PGC;CAEN CHRONO 352;250;255
ENT AMIENS SUPER POULAINVILLE PGC;CALAIS;152;165
ENT AMIENS SUPER POULAINVILLE PGC;CAMBRAI;104;105
ENT AMIENS SUPER POULAINVILLE PGC;CERGY;130;135
ENT AMIENS SUPER POULAINVILLE PGC;CERGY CHRONODRIVE 469;133;135
ENT AMIENS SUPER POULAINVILLE PGC;CHERBOURG;372;375
ENT AMIENS SUPER POULAINVILLE PGC;CHRONO AVELIN 4361;111;120
ENT AMIENS SUPER POULAINVILLE PGC;CHRONO BONDUES 4703;132;135
ENT AMIENS SUPER POULAINVILLE PGC;CHRONO COMPIEGNE 4345;85;90
ENT AMIENS SUPER POULAINVILLE PGC;CHRONO COUDEKERQUE 4242;198;210
ENT AMIENS SUPER POULAINVILLE PGC;CHRONO CROIX 4154;129;135
ENT AMIENS SUPER POULAINVILLE PGC;CHRONO ELEU DIT LEAUWETTE 4462;79;90
ENT AMIENS SUPER POULAINVILLE PGC;CHRONO HALLENNES 4167;108;120
ENT AMIENS SUPER POULAINVILLE PGC;CHRONO IFS;251;255
ENT AMIENS SUPER POULAINVILLE PGC;CHRONO LAMBERSART 4424;124;135
ENT AMIENS SUPER POULAINVILLE PGC;CHRONO MARCQ 4128;128;135
ENT AMIENS SUPER POULAINVILLE PGC;CHRONO VALENCIENNES 4370;130;135
ENT AMIENS SUPER POULAINVILLE PGC;CHRONO WASQUEHAL 4303;128;135
ENT AMIENS SUPER POULAINVILLE PGC;DIEPPE;117;120
ENT AMIENS SUPER POULAINVILLE PGC;DIFFERDANGE;371;250
ENT AMIENS SUPER POULAINVILLE PGC;DOUAI;120;120
ENT AMIENS SUPER POULAINVILLE PGC;DRIVE ARRAS;60;60
ENT AMIENS SUPER POULAINVILLE PGC;DRIVE BEAUVAIS;71;75
ENT AMIENS SUPER POULAINVILLE PGC;DRIVE BETHUNE;96;105
ENT AMIENS SUPER POULAINVILLE PGC;DRIVE BOULOGNE;123;135
ENT AMIENS SUPER POULAINVILLE PGC;DRIVE CALAIS;152;165
ENT AMIENS SUPER POULAINVILLE PGC;DRIVE CAMBRAI;104;105
ENT AMIENS SUPER POULAINVILLE PGC;DRIVE CHERBOURG;372;375
ENT AMIENS SUPER POULAINVILLE PGC;DRIVE DIEPPE;117;120
ENT AMIENS SUPER POULAINVILLE PGC;DRIVE DOUAI;120;120
ENT AMIENS SUPER POULAINVILLE PGC;DRIVE DUNKERQUE;189;195
ENT AMIENS SUPER POULAINVILLE PGC;DRIVE DURY;10;15
ENT AMIENS SUPER POULAINVILLE PGC;DRIVE ENGLOS;112;120
ENT AMIENS SUPER POULAINVILLE PGC;DRIVE FACHES;115;120
ENT AMIENS SUPER POULAINVILLE PGC;DRIVE LE HAVRE;187;195
ENT AMIENS SUPER POULAINVILLE PGC;DRIVE LEERS;133;135
ENT AMIENS SUPER POULAINVILLE PGC;DRIVE LOUVROIL;162;165
ENT AMIENS SUPER POULAINVILLE PGC;DRIVE MONTIVILLIERS;183;195
ENT AMIENS SUPER POULAINVILLE PGC;DRIVE NOGENT SUR OISE;105;105
ENT AMIENS SUPER POULAINVILLE PGC;DRIVE NOYELLES;94;105
ENT AMIENS SUPER POULAINVILLE PGC;DRIVE NOYON;75;75
ENT AMIENS SUPER POULAINVILLE PGC;DRIVE PETITE FORET;132;135
ENT AMIENS SUPER POULAINVILLE PGC;DRIVE ROISSY;137;90
ENT AMIENS SUPER POULAINVILLE PGC;DRIVE RONCQ;135;135
ENT AMIENS SUPER POULAINVILLE PGC;DRIVE SCHWEIGHOUSE;515;310
ENT AMIENS SUPER POULAINVILLE PGC;DRIVE ST OMER;171;180
ENT AMIENS SUPER POULAINVILLE PGC;DRIVE ST QUENTIN;82;90
ENT AMIENS SUPER POULAINVILLE PGC;DRIVE TAVERNY;124;80
ENT AMIENS SUPER POULAINVILLE PGC;DRIVE VALENCIENNES;129;135
ENT AMIENS SUPER POULAINVILLE PGC;DRIVE VILLENEUVE D'ASCQ;121;135
ENT AMIENS SUPER POULAINVILLE PGC;DUNKERQUE;189;195
ENT AMIENS SUPER POULAINVILLE PGC;DURY;10;15
ENT AMIENS SUPER POULAINVILLE PGC;ENGLOS;112;120
ENT AMIENS SUPER POULAINVILLE PGC;ENT AMIENS BINAT;2;15
ENT AMIENS SUPER POULAINVILLE PGC;ENT AMIENS SAINT SAUVEUR FLEG;9;15
ENT AMIENS SUPER POULAINVILLE PGC;ENT AMIENS SAINT SAUVEUR PF;9;15
ENT AMIENS SUPER POULAINVILLE PGC;ENT AMIENS SUPER POULAINVILLE PGC;0;0
ENT AMIENS SUPER POULAINVILLE PGC;ENT CARVIN FL;105;105
ENT AMIENS SUPER POULAINVILLE PGC;ENT CARVIN PF;105;105
ENT AMIENS SUPER POULAINVILLE PGC;ENT IENA;116;120
ENT AMIENS SUPER POULAINVILLE PGC;ENT IENA1;117;120
ENT AMIENS SUPER POULAINVILLE PGC;ENT IENA2;117;120
ENT AMIENS SUPER POULAINVILLE PGC;ENT MEYZIEU MEDLEY SUD;635;405
ENT AMIENS SUPER POULAINVILLE PGC;ENT SAINGHIN1;120;120
ENT AMIENS SUPER POULAINVILLE PGC;ENT SERRIS 1;181;195
ENT AMIENS SUPER POULAINVILLE PGC;ENT SERRIS 2;173;120
ENT AMIENS SUPER POULAINVILLE PGC;ENT SOCOPAL DIEPPE;94;105
ENT AMIENS SUPER POULAINVILLE PGC;ENT V DHL;183;195
ENT AMIENS SUPER POULAINVILLE PGC;ENT V GEODIS;183;195
ENT AMIENS SUPER POULAINVILLE PGC;FACHES;115;120
ENT AMIENS SUPER POULAINVILLE PGC;FRANQUEVILLE CHRONODRIVE 4475;130;135
ENT AMIENS SUPER POULAINVILLE PGC;HERBLAY CHRONODRIVE 444;128;135
ENT AMIENS SUPER POULAINVILLE PGC;HIRSON;154;165
ENT AMIENS SUPER POULAINVILLE PGC;HOUILLES SUPER 1073;139;150
ENT AMIENS SUPER POULAINVILLE PGC;ILLKIRCH;529;540
ENT AMIENS SUPER POULAINVILLE PGC;KIRCHBERG;391;405
ENT AMIENS SUPER POULAINVILLE PGC;LA CLOCHE D'OR;391;250
ENT AMIENS SUPER POULAINVILLE PGC;LA QUEUE LES YVELINES SUPER 1096;169;180
ENT AMIENS SUPER POULAINVILLE PGC;LAXOU;377;390
ENT AMIENS SUPER POULAINVILLE PGC;LE CHESNAY PARLY 2 SUPER 1144;159;165
ENT AMIENS SUPER POULAINVILLE PGC;LE HAVRE;189;195
ENT AMIENS SUPER POULAINVILLE PGC;LEERS;133;135
ENT AMIENS SUPER POULAINVILLE PGC;LES MUREAUX HALLES AUCHAN;150;105
ENT AMIENS SUPER POULAINVILLE PGC;LONGUEIL SAINTE MARIE SUPER 4315;91;105
ENT AMIENS SUPER POULAINVILLE PGC;LOUVROIL;163;165
ENT AMIENS SUPER POULAINVILLE PGC;MAUREPAS SUPER 4492;166;125
ENT AMIENS SUPER POULAINVILLE PGC;MERS LES BAINS;83;90
ENT AMIENS SUPER POULAINVILLE PGC;MERU;98;105
ENT AMIENS SUPER POULAINVILLE PGC;MONT SAINT MARTIN;379;390
ENT AMIENS SUPER POULAINVILLE PGC;MONTIVILLIERS;182;195
ENT AMIENS SUPER POULAINVILLE PGC;NANCY CENTRE;384;390
ENT AMIENS SUPER POULAINVILLE PGC;NOGENT SUR OISE;107;120
ENT AMIENS SUPER POULAINVILLE PGC;NOYELLES GODAULT;94;105
ENT AMIENS SUPER POULAINVILLE PGC;NOYON;75;75
ENT AMIENS SUPER POULAINVILLE PGC;OSNY;133;135
ENT AMIENS SUPER POULAINVILLE PGC;PETITE FORET;132;135
ENT AMIENS SUPER POULAINVILLE PGC;ROISSY;137;150
ENT AMIENS SUPER POULAINVILLE PGC;RONCQ;135;135
ENT AMIENS SUPER POULAINVILLE PGC;SCHWEIGHOUSE;517;525
ENT AMIENS SUPER POULAINVILLE PGC;SEMECOURT;354;360
ENT AMIENS SUPER POULAINVILLE PGC;SOCOPAL;94;105
ENT AMIENS SUPER POULAINVILLE PGC;SOISY;131;135
ENT AMIENS SUPER POULAINVILLE PGC;ST OMER;172;180
ENT AMIENS SUPER POULAINVILLE PGC;ST QUENTIN;83;90
ENT AMIENS SUPER POULAINVILLE PGC;STRASBOURG;525;525
ENT AMIENS SUPER POULAINVILLE PGC;TAVERNY;126;135
ENT AMIENS SUPER POULAINVILLE PGC;TOMBLAINE;395;405
ENT AMIENS SUPER POULAINVILLE PGC;VAL DE REUIL SUPER 1209;149;150
ENT AMIENS SUPER POULAINVILLE PGC;VALENCIENNES;129;135
ENT AMIENS SUPER POULAINVILLE PGC;VERNEUIL 1 VERGER SUPER 4981;143;150
ENT AMIENS SUPER POULAINVILLE PGC;VILLENEUVE 2;121;135
ENT AMIENS SUPER POULAINVILLE PGC;VIRY NOUREUIL;108;120
ENT CARVIN FL;1186 ST QUENTIN SCHUMANN SUPER;92;105
ENT CARVIN FL;1267 CALAIS DELAROCHE SUPER;119;120
ENT CARVIN FL;1297 HARNES SUPER;8;15
ENT CARVIN FL;4313 CANTELEU SUPER;243;255
ENT CARVIN FL;4536 LILLE WAZEMMES MY AUCHAN;25;30
ENT CARVIN FL;4926 BILLY BERCLAU SUPER;18;30
ENT CARVIN FL;4977 RUE SUPER;117;115
ENT CARVIN FL;914 MARQUETTE LES PARTISANS DU GOUT;29;30
ENT CARVIN FL;ARRAS;37;45
ENT CARVIN FL;AUCHAN CITY TOURCOING;35;45
ENT CARVIN FL;AUCHAN LUXEMBOURG SUPPLY;334;220
ENT CARVIN FL;BEAUVAIS;176;180
ENT CARVIN FL;BETHUNE;44;45
ENT CARVIN FL;CAEN CHRONO 352;372;235
ENT CARVIN FL;CALAIS;123;135
ENT CARVIN FL;CAMBRAI;60;60
ENT CARVIN FL;CERGY;213;140
ENT CARVIN FL;CERGY CHRONODRIVE 469;218;140
ENT CARVIN FL;CHERBOURG;484;495
ENT CARVIN FL;CHRONO AVELIN 4361;13;15
ENT CARVIN FL;CHRONO BONDUES 4703;35;45
ENT CARVIN FL;CHRONO COMPIEGNE 4345;131;135
ENT CARVIN FL;CHRONO COUDEKERQUE 4242;90;90
ENT CARVIN FL;CHRONO CROIX 4154;31;45
ENT CARVIN FL;CHRONO ELEU DIT LEAUWETTE 4462;22;30
ENT CARVIN FL;CHRONO HALLENNES 4167;32;45
ENT CARVIN FL;CHRONO IFS;370;230
ENT CARVIN FL;CHRONO LAMBERSART 4424;29;30
ENT CARVIN FL;CHRONO MARCQ 4128;31;45
ENT CARVIN FL;CHRONO VALENCIENNES 4370;58;60
ENT CARVIN FL;CHRONO WASQUEHAL 4303;30;30
ENT CARVIN FL;CORMEILLES EN PARISIS CHRONODRIVE 413;209;210
ENT CARVIN FL;DIEPPE;229;240
ENT CARVIN FL;DIFFERDANGE;314;215
ENT CARVIN FL;DOUAI;27;30
ENT CARVIN FL;DRIVE ARRAS;40;45
ENT CARVIN FL;DRIVE BETHUNE;44;45
ENT CARVIN FL;DRIVE BOULOGNE;124;135
ENT CARVIN FL;DRIVE CALAIS;123;135
ENT CARVIN FL;DRIVE CAMBRAI;60;60
ENT CARVIN FL;DRIVE CERGY;213;140
ENT CARVIN FL;DRIVE CHERBOURG;484;495
ENT CARVIN FL;DRIVE DIEPPE;230;240
ENT CARVIN FL;DRIVE DOUAI;27;30
ENT CARVIN FL;DRIVE DUNKERQUE;99;105
ENT CARVIN FL;DRIVE DURY;120;120
ENT CARVIN FL;DRIVE ENGLOS;32;45
ENT CARVIN FL;DRIVE FACHES;17;30
ENT CARVIN FL;DRIVE LE HAVRE;300;300
ENT CARVIN FL;DRIVE LEERS;35;45
ENT CARVIN FL;DRIVE LOUVROIL;91;105
ENT CARVIN FL;DRIVE MONTIVILLIERS;295;300
ENT CARVIN FL;DRIVE NOGENT SUR OISE;158;105
ENT CARVIN FL;DRIVE NOYELLES;12;15
ENT CARVIN FL;DRIVE NOYON;121;135
ENT CARVIN FL;DRIVE OSNY;218;145
ENT CARVIN FL;DRIVE PETITE FORET;59;40
ENT CARVIN FL;DRIVE ROISSY;181;115
ENT CARVIN FL;DRIVE RONCQ;38;45
ENT CARVIN FL;DRIVE SCHWEIGHOUSE;525;315
ENT CARVIN FL;DRIVE ST OMER;93;105
ENT CARVIN FL;DRIVE ST QUENTIN;88;90
ENT CARVIN FL;DRIVE TAVERNY;209;135
ENT CARVIN FL;DRIVE VALENCIENNES;58;60
ENT CARVIN FL;DRIVE VILLENEUVE D'ASCQ;23;30
ENT CARVIN FL;DUNKERQUE;98;105
ENT CARVIN FL;DURY;120;120
ENT CARVIN FL;ENGLOS;32;45
ENT CARVIN FL;ENT AMIENS BINAT;103;105
ENT CARVIN FL;ENT AMIENS SAINT SAUVEUR FLEG;108;120
ENT CARVIN FL;ENT AMIENS SAINT SAUVEUR PF;108;120
ENT CARVIN FL;ENT AMIENS SUPER POULAINVILLE PGC;103;105
ENT CARVIN FL;ENT CARVIN FL;0;0
ENT CARVIN FL;ENT CARVIN PF;0;0
ENT CARVIN FL;ENT IENA;18;30
ENT CARVIN FL;ENT IENA1;19;30
ENT CARVIN FL;ENT IENA2;19;30
ENT CARVIN FL;ENT MEYZIEU MEDLEY SUD;682;690
ENT CARVIN FL;ENT SAINGHIN1;22;30
ENT CARVIN FL;ENT SERRIS 2;216;140
ENT CARVIN FL;ENT V DHL;181;115
ENT CARVIN FL;ENT V GEODIS;236;240
ENT CARVIN FL;FACHES;17;30
ENT CARVIN FL;FRANQUEVILLE CHRONODRIVE 4475;241;160
ENT CARVIN FL;HERBLAY CHRONODRIVE 444;213;135
ENT CARVIN FL;HIRSON;142;150
ENT CARVIN FL;IFS CHRONODRIVE 4253;368;230
ENT CARVIN FL;ILLKIRCH;540;540
ENT CARVIN FL;KIRCHBERG;330;215
ENT CARVIN FL;LA CLOCHE D'OR;322;210
ENT CARVIN FL;LA QUEUE LES YVELINES SUPER 1096;245;170
ENT CARVIN FL;LAXOU;387;260
ENT CARVIN FL;LE CHESNAY PARLY 2 SUPER 1144;220;150
ENT CARVIN FL;LE HAVRE;302;315
ENT CARVIN FL;LEERS;35;45
ENT CARVIN FL;LES MUREAUX HALLES AUCHAN;233;155
ENT CARVIN FL;LONGUEIL SAINTE MARIE SUPER 4315;136;85
ENT CARVIN FL;LOUVROIL;91;105
ENT CARVIN FL;MAUREPAS SUPER 4492;234;160
ENT CARVIN FL;MERS LES BAINS;156;165
ENT CARVIN FL;MERU;202;210
ENT CARVIN FL;MONT SAINT MARTIN;307;205
ENT CARVIN FL;MONTIVILLIERS;295;300
ENT CARVIN FL;NANCY CENTRE;393;270
ENT CARVIN FL;NOGENT SUR OISE;160;165
ENT CARVIN FL;NOYELLES GODAULT;12;15
ENT CARVIN FL;NOYON;121;135
ENT CARVIN FL;OSNY;217;140
ENT CARVIN FL;PETITE FORET;60;45
ENT CARVIN FL;ROISSY;179;110
ENT CARVIN FL;RONCQ;38;45
ENT CARVIN FL;SCHWEIGHOUSE;528;540
ENT CARVIN FL;SEMECOURT;363;220
ENT CARVIN FL;ST OMER;88;90
ENT CARVIN FL;ST QUENTIN;88;90
ENT CARVIN FL;STRASBOURG;537;540
ENT CARVIN FL;TAVERNY;209;130
ENT CARVIN FL;TOMBLAINE;434;270
ENT CARVIN FL;VAL DE REUIL SUPER 1209;269;180
ENT CARVIN FL;VALENCIENNES;58;60
ENT CARVIN FL;VERNEUIL 1 VERGER SUPER 4981;227;150
ENT CARVIN FL;VILLENEUVE 2;23;30
ENT CARVIN FL;VIRY NOUREUIL;117;120
ENT CARVIN PF;1186 ST QUENTIN SCHUMANN SUPER;92;105
ENT CARVIN PF;1267 CALAIS DELAROCHE SUPER;119;120
ENT CARVIN PF;1297 HARNES SUPER;8;15
ENT CARVIN PF;4313 CANTELEU SUPER;243;255
ENT CARVIN PF;4536 LILLE WAZEMMES MY AUCHAN;25;30
ENT CARVIN PF;4926 BILLY BERCLAU SUPER;18;30
ENT CARVIN PF;4977 RUE SUPER;117;115
ENT CARVIN PF;914 MARQUETTE LES PARTISANS DU GOUT;29;30
ENT CARVIN PF;ARRAS;37;45
ENT CARVIN PF;AUCHAN CITY TOURCOING;35;45
ENT CARVIN PF;AUCHAN LUXEMBOURG SUPPLY;334;220
ENT CARVIN PF;BEAUVAIS;176;180
ENT CARVIN PF;BETHUNE;44;45
ENT CARVIN PF;CAEN CHRONO 352;372;235
ENT CARVIN PF;CALAIS;123;135
ENT CARVIN PF;CAMBRAI;60;60
ENT CARVIN PF;CERGY;213;140
ENT CARVIN PF;CERGY CHRONODRIVE 469;218;140
ENT CARVIN PF;CHERBOURG;484;495
ENT CARVIN PF;CHRONO AVELIN 4361;13;15
ENT CARVIN PF;CHRONO BONDUES 4703;35;45
ENT CARVIN PF;CHRONO COMPIEGNE 4345;131;135
ENT CARVIN PF;CHRONO COUDEKERQUE 4242;90;90
ENT CARVIN PF;CHRONO CROIX 4154;31;45
ENT CARVIN PF;CHRONO ELEU DIT LEAUWETTE 4462;22;30
ENT CARVIN PF;CHRONO HALLENNES 4167;32;45
ENT CARVIN PF;CHRONO IFS;370;230
ENT CARVIN PF;CHRONO LAMBERSART 4424;29;30
ENT CARVIN PF;CHRONO MARCQ 4128;31;45
ENT CARVIN PF;CHRONO VALENCIENNES 4370;58;60
ENT CARVIN PF;CHRONO WASQUEHAL 4303;30;30
ENT CARVIN PF;CORMEILLES EN PARISIS CHRONODRIVE 413;209;210
ENT CARVIN PF;DIEPPE;229;240
ENT CARVIN PF;DIFFERDANGE;314;215
ENT CARVIN PF;DOUAI;27;30
ENT CARVIN PF;DRIVE ARRAS;40;45
ENT CARVIN PF;DRIVE BETHUNE;44;45
ENT CARVIN PF;DRIVE BOULOGNE;124;135
ENT CARVIN PF;DRIVE CALAIS;123;135
ENT CARVIN PF;DRIVE CAMBRAI;60;60
ENT CARVIN PF;DRIVE CERGY;213;140
ENT CARVIN PF;DRIVE CHERBOURG;484;495
ENT CARVIN PF;DRIVE DIEPPE;230;240
ENT CARVIN PF;DRIVE DOUAI;27;30
ENT CARVIN PF;DRIVE DUNKERQUE;99;105
ENT CARVIN PF;DRIVE DURY;120;120
ENT CARVIN PF;DRIVE ENGLOS;32;45
ENT CARVIN PF;DRIVE FACHES;17;30
ENT CARVIN PF;DRIVE LE HAVRE;300;300
ENT CARVIN PF;DRIVE LEERS;35;45
ENT CARVIN PF;DRIVE LOUVROIL;91;105
ENT CARVIN PF;DRIVE MONTIVILLIERS;295;300
ENT CARVIN PF;DRIVE NOGENT SUR OISE;158;105
ENT CARVIN PF;DRIVE NOYELLES;12;15
ENT CARVIN PF;DRIVE NOYON;121;135
ENT CARVIN PF;DRIVE OSNY;218;145
ENT CARVIN PF;DRIVE PETITE FORET;59;40
ENT CARVIN PF;DRIVE ROISSY;181;115
ENT CARVIN PF;DRIVE RONCQ;38;45
ENT CARVIN PF;DRIVE SCHWEIGHOUSE;525;315
ENT CARVIN PF;DRIVE ST OMER;93;105
ENT CARVIN PF;DRIVE ST QUENTIN;88;90
ENT CARVIN PF;DRIVE TAVERNY;209;135
ENT CARVIN PF;DRIVE VALENCIENNES;58;60
ENT CARVIN PF;DRIVE VILLENEUVE D'ASCQ;23;30
ENT CARVIN PF;DUNKERQUE;98;105
ENT CARVIN PF;DURY;120;120
ENT CARVIN PF;ENGLOS;32;45
ENT CARVIN PF;ENT AMIENS BINAT;103;105
ENT CARVIN PF;ENT AMIENS SAINT SAUVEUR FLEG;108;120
ENT CARVIN PF;ENT AMIENS SAINT SAUVEUR PF;108;120
ENT CARVIN PF;ENT AMIENS SUPER POULAINVILLE PGC;103;105
ENT CARVIN PF;ENT CARVIN FL;0;0
ENT CARVIN PF;ENT CARVIN PF;0;0
ENT CARVIN PF;ENT IENA;18;30
ENT CARVIN PF;ENT IENA1;19;30
ENT CARVIN PF;ENT IENA2;19;30
ENT CARVIN PF;ENT MEYZIEU MEDLEY SUD;682;690
ENT CARVIN PF;ENT SAINGHIN1;22;30
ENT CARVIN PF;ENT SERRIS 2;216;140
ENT CARVIN PF;ENT V DHL;181;115
ENT CARVIN PF;ENT V GEODIS;236;240
ENT CARVIN PF;FACHES;17;30
ENT CARVIN PF;FRANQUEVILLE CHRONODRIVE 4475;241;160
ENT CARVIN PF;HERBLAY CHRONODRIVE 444;213;135
ENT CARVIN PF;HIRSON;142;150
ENT CARVIN PF;IFS CHRONODRIVE 4253;368;230
ENT CARVIN PF;ILLKIRCH;540;540
ENT CARVIN PF;KIRCHBERG;330;215
ENT CARVIN PF;LA CLOCHE D'OR;322;210
ENT CARVIN PF;LA QUEUE LES YVELINES SUPER 1096;245;170
ENT CARVIN PF;LAXOU;387;260
ENT CARVIN PF;LE CHESNAY PARLY 2 SUPER 1144;220;150
ENT CARVIN PF;LE HAVRE;302;315
ENT CARVIN PF;LEERS;35;45
ENT CARVIN PF;LES MUREAUX HALLES AUCHAN;233;155
ENT CARVIN PF;LONGUEIL SAINTE MARIE SUPER 4315;136;85
ENT CARVIN PF;LOUVROIL;91;105
ENT CARVIN PF;MAUREPAS SUPER 4492;234;160
ENT CARVIN PF;MERS LES BAINS;156;165
ENT CARVIN PF;MERU;202;210
ENT CARVIN PF;MONT SAINT MARTIN;307;205
ENT CARVIN PF;MONTIVILLIERS;295;300
ENT CARVIN PF;NANCY CENTRE;393;270
ENT CARVIN PF;NOGENT SUR OISE;160;165
ENT CARVIN PF;NOYELLES GODAULT;12;15
ENT CARVIN PF;NOYON;121;135
ENT CARVIN PF;OSNY;217;140
ENT CARVIN PF;PETITE FORET;60;45
ENT CARVIN PF;ROISSY;179;110
ENT CARVIN PF;RONCQ;38;45
ENT CARVIN PF;SCHWEIGHOUSE;528;540
ENT CARVIN PF;SEMECOURT;363;220
ENT CARVIN PF;ST OMER;88;90
ENT CARVIN PF;ST QUENTIN;88;90
ENT CARVIN PF;STRASBOURG;537;540
ENT CARVIN PF;TAVERNY;209;130
ENT CARVIN PF;TOMBLAINE;434;270
ENT CARVIN PF;VAL DE REUIL SUPER 1209;269;180
ENT CARVIN PF;VALENCIENNES;58;60
ENT CARVIN PF;VERNEUIL 1 VERGER SUPER 4981;227;150
ENT CARVIN PF;VILLENEUVE 2;23;30
ENT CARVIN PF;VIRY NOUREUIL;117;120
ENT IENA;1186 ST QUENTIN SCHUMANN SUPER;105;105
ENT IENA;1267 CALAIS DELAROCHE SUPER;116;120
ENT IENA;1297 HARNES SUPER;23;30
ENT IENA;4536 LILLE WAZEMMES MY AUCHAN;10;15
ENT IENA;4926 BILLY BERCLAU SUPER;42;45
ENT IENA;914 MARQUETTE LES PARTISANS DU GOUT;14;15
ENT IENA;ARRAS;45;45
ENT IENA;AUCHAN CITY TOURCOING;21;30
ENT IENA;AUCHAN LUXEMBOURG SUPPLY;317;330
ENT IENA;BETHUNE;48;60
ENT IENA;BOULOGNE;138;95
ENT IENA;CAEN CHRONO 352;384;240
ENT IENA;CALAIS;118;120
ENT IENA;CAMBRAI;68;75
ENT IENA;CERGY;227;240
ENT IENA;CERGY CHRONODRIVE 469;230;145
ENT IENA;CHERBOURG;475;480
ENT IENA;CHRONO AVELIN 4361;9;15
ENT IENA;CHRONO BONDUES 4703;17;30
ENT IENA;CHRONO COMPIEGNE 4345;149;150
ENT IENA;CHRONO COUDEKERQUE 4242;75;75
ENT IENA;CHRONO CROIX 4154;17;30
ENT IENA;CHRONO ELEU DIT LEAUWETTE 4462;34;45
ENT IENA;CHRONO HALLENNES 4167;18;30
ENT IENA;CHRONO IFS;377;390
ENT IENA;CHRONO LAMBERSART 4424;13;15
ENT IENA;CHRONO MARCQ 4128;14;15
ENT IENA;CHRONO VALENCIENNES 4370;46;60
ENT IENA;CHRONO WASQUEHAL 4303;15;15
ENT IENA;CORMEILLES EN PARISIS CHRONODRIVE 413;221;145
ENT IENA;DIEPPE;243;255
ENT IENA;DIFFERDANGE;300;300
ENT IENA;DOUAI;38;45
ENT IENA;DRIVE ARRAS;50;60
ENT IENA;DRIVE BEAUVAIS;189;195
ENT IENA;DRIVE BETHUNE;48;60
ENT IENA;DRIVE BOULOGNE;123;135
ENT IENA;DRIVE CALAIS;120;120
ENT IENA;DRIVE CAMBRAI;68;75
ENT IENA;DRIVE CERGY;225;145
ENT IENA;DRIVE CHERBOURG;475;480
ENT IENA;DRIVE DIEPPE;243;255
ENT IENA;DRIVE DOUAI;38;45
ENT IENA;DRIVE DUNKERQUE;83;90
ENT IENA;DRIVE DURY;117;120
ENT IENA;DRIVE ENGLOS;18;30
ENT IENA;DRIVE FACHES;3;15
ENT IENA;DRIVE LE HAVRE;312;315
ENT IENA;DRIVE LEERS;21;20
ENT IENA;DRIVE LOUVROIL;81;90
ENT IENA;DRIVE MONTIVILLIERS;286;300
ENT IENA;DRIVE NOGENT SUR OISE;172;180
ENT IENA;DRIVE NOYELLES;24;30
ENT IENA;DRIVE NOYON;134;135
ENT IENA;DRIVE OSNY;230;150
ENT IENA;DRIVE PETITE FORET;41;45
ENT IENA;DRIVE ROISSY;193;120
ENT IENA;DRIVE RONCQ;22;30
ENT IENA;DRIVE SCHWEIGHOUSE;486;495
ENT IENA;DRIVE ST OMER;73;75
ENT IENA;DRIVE ST QUENTIN;100;105
ENT IENA;DRIVE TAVERNY;221;140
ENT IENA;DRIVE VALENCIENNES;48;60
ENT IENA;DRIVE VILLENEUVE D'ASCQ;9;15
ENT IENA;DUNKERQUE;88;90
ENT IENA;DURY;111;120
ENT IENA;ENGLOS;17;30
ENT IENA;ENT AMIENS BINAT;138;90
ENT IENA;ENT AMIENS SAINT SAUVEUR FLEG;121;135
ENT IENA;ENT AMIENS SAINT SAUVEUR PF;121;135
ENT IENA;ENT AMIENS SUPER POULAINVILLE PGC;116;120
ENT IENA;ENT CARVIN FL;18;30
ENT IENA;ENT CARVIN PF;18;30
ENT IENA;ENT IENA;0;0
ENT IENA;ENT IENA1;0;0
ENT IENA;ENT IENA2;0;0
ENT IENA;ENT MEYZIEU MEDLEY SUD;695;705
ENT IENA;ENT SAINGHIN1;3;15
ENT IENA;ENT SERRIS 1;233;240
ENT IENA;ENT SERRIS 2;229;150
ENT IENA;ENT SOCOPAL DIEPPE;199;210
ENT IENA;ENT V DHL;249;255
ENT IENA;ENT V GEODIS;249;255
ENT IENA;FACHES;3;15
ENT IENA;HERBLAY CHRONODRIVE 444;226;145
ENT IENA;HIRSON;122;135
ENT IENA;IFS CHRONODRIVE 4253;381;235
ENT IENA;ILLKIRCH;525;525
ENT IENA;KIRCHBERG;301;315
ENT IENA;LA CLOCHE D'OR;312;315
ENT IENA;LA QUEUE LES YVELINES SUPER 1096;258;175
ENT IENA;LAXOU;416;420
ENT IENA;LE CHESNAY PARLY 2 SUPER 1144;233;160
ENT IENA;LE HAVRE;314;200
ENT IENA;LEERS;20;20
ENT IENA;LES MUREAUX HALLES AUCHAN;246;160
ENT IENA;LOUVROIL;81;90
ENT IENA;MAUREPAS SUPER 4492;247;170
ENT IENA;MERS LES BAINS;217;150
ENT IENA;MERU;201;210
ENT IENA;MONT SAINT MARTIN;290;300
ENT IENA;MONTIVILLIERS;309;195
ENT IENA;NANCY CENTRE;418;420
ENT IENA;NOGENT SUR OISE;172;180
ENT IENA;NOYELLES GODAULT;25;20
ENT IENA;NOYON;134;135
ENT IENA;OSNY;228;240
ENT IENA;PETITE FORET;41;45
ENT IENA;ROISSY;192;120
ENT IENA;RONCQ;22;30
ENT IENA;SCHWEIGHOUSE;486;495
ENT IENA;SEMECOURT;355;360
ENT IENA;SOCOPAL;199;210
ENT IENA;SOISY;219;225
ENT IENA;STRASBOURG;522;525
ENT IENA;TAVERNY;222;140
ENT IENA;TOMBLAINE;418;420
ENT IENA;VAL DE REUIL SUPER 1209;281;285
ENT IENA;VALENCIENNES;48;60
ENT IENA;VERNEUIL 1 VERGER SUPER 4981;240;160
ENT IENA;VILLENEUVE 2;6;10
ENT IENA;VIRY NOUREUIL;130;85
ENT IENA1;1186 ST QUENTIN SCHUMANN SUPER;104;70
ENT IENA1;1267 CALAIS DELAROCHE SUPER;116;80
ENT IENA1;1297 HARNES SUPER;24;20
ENT IENA1;4536 LILLE WAZEMMES MY AUCHAN;11;15
ENT IENA1;4926 BILLY BERCLAU SUPER;34;30
ENT IENA1;4977 RUE SUPER;142;120
ENT IENA1;ARRAS;50;40
ENT IENA1;AUCHAN LUXEMBOURG SUPPLY;320;210
ENT IENA1;BEAUVAIS;190;120
ENT IENA1;BOULOGNE;138;95
ENT IENA1;CAEN CHRONO 352;384;240
ENT IENA1;CALAIS;121;85
ENT IENA1;CAMBRAI;75;55
ENT IENA1;CERGY;225;145
ENT IENA1;CERGY CHRONODRIVE 469;230;145
ENT IENA1;CHERBOURG;501;325
ENT IENA1;CHRONO COMPIEGNE 4345;152;95
ENT IENA1;CHRONO COUDEKERQUE 4242;85;60
ENT IENA1;CHRONO ELEU DIT LEAUWETTE 4462;35;25
ENT IENA1;CHRONO HALLENNES 4167;19;20
ENT IENA1;CHRONO IFS;382;235
ENT IENA1;CHRONO LAMBERSART 4424;15;20
ENT IENA1;CHRONO MARCQ 4128;18;20
ENT IENA1;CHRONO VALENCIENNES 4370;48;35
ENT IENA1;CHRONO WASQUEHAL 4303;10;15
ENT IENA1;CORMEILLES EN PARISIS CHRONODRIVE 413;221;145
ENT IENA1;DIEPPE;244;165
ENT IENA1;DIFFERDANGE;301;205
ENT IENA1;DRIVE ARRAS;51;40
ENT IENA1;DRIVE BEAUVAIS;190;120
ENT IENA1;DRIVE BOULOGNE;136;95
ENT IENA1;DRIVE CAMBRAI;75;55
ENT IENA1;DRIVE CERGY;225;145
ENT IENA1;DRIVE CHERBOURG;501;325
ENT IENA1;DRIVE DIEPPE;244;170
ENT IENA1;DRIVE DUNKERQUE;84;60
ENT IENA1;DRIVE DURY;135;85
ENT IENA1;DRIVE ENGLOS;18;20
ENT IENA1;DRIVE FACHES;3;5
ENT IENA1;DRIVE LE HAVRE;316;200
ENT IENA1;DRIVE MONTIVILLIERS;306;195
ENT IENA1;DRIVE NOGENT SUR OISE;170;110
ENT IENA1;DRIVE NOYON;134;95
ENT IENA1;DRIVE OSNY;230;150
ENT IENA1;DRIVE ROISSY;193;120
ENT IENA1;DRIVE SCHWEIGHOUSE;537;320
ENT IENA1;DRIVE ST QUENTIN;99;60
ENT IENA1;DRIVE TAVERNY;221;140
ENT IENA1;DRIVE VALENCIENNES;48;35
ENT IENA1;DURY;135;90
ENT IENA1;ENT AMIENS BINAT;138;90
ENT IENA1;ENT IENA2;0;0
ENT IENA1;ENT MEYZIEU MEDLEY SUD;697;420
ENT IENA1;ENT SAINGHIN1;4;5
ENT IENA1;ENT SERRIS 1;229;150
ENT IENA1;ENT SERRIS 2;229;150
ENT IENA1;ENT SOCOPAL DIEPPE;226;150
ENT IENA1;ENT V DHL;194;125
ENT IENA1;ENT V GEODIS;200;130
ENT IENA1;FACHES;4;5
ENT IENA1;FRANQUEVILLE CHRONODRIVE 4475;254;165
ENT IENA1;HERBLAY CHRONODRIVE 444;226;145
ENT IENA1;HIRSON;125;110
ENT IENA1;HOUILLES SUPER 1073;219;140
ENT IENA1;IFS CHRONODRIVE 4253;381;235
ENT IENA1;ILLKIRCH;551;335
ENT IENA1;KIRCHBERG;315;205
ENT IENA1;LA CLOCHE D'OR;307;195
ENT IENA1;LA QUEUE LES YVELINES SUPER 1096;258;175
ENT IENA1;LAXOU;401;265
ENT IENA1;LE CHESNAY PARLY 2 SUPER 1144;233;160
ENT IENA1;LE HAVRE;314;200
ENT IENA1;LES MUREAUX HALLES AUCHAN;246;160
ENT IENA1;LONGUEIL SAINTE MARIE SUPER 4315;149;95
ENT IENA1;MAUREPAS SUPER 4492;247;170
ENT IENA1;MERS LES BAINS;217;150
ENT IENA1;MERU;216;135
ENT IENA1;MONT SAINT MARTIN;292;190
ENT IENA1;MONTIVILLIERS;309;195
ENT IENA1;NANCY CENTRE;406;280
ENT IENA1;NOGENT SUR OISE;173;110
ENT IENA1;NOYELLES GODAULT;25;20
ENT IENA1;NOYON;133;95
ENT IENA1;OSNY;231;145
ENT IENA1;ROISSY;192;120
ENT IENA1;SCHWEIGHOUSE;540;325
ENT IENA1;SEMECOURT;376;225
ENT IENA1;SOCOPAL;222;140
ENT IENA1;SOISY;214;140
ENT IENA1;ST QUENTIN;101;65
ENT IENA1;STRASBOURG;549;330
ENT IENA1;TAVERNY;222;140
ENT IENA1;TOMBLAINE;447;280
ENT IENA1;VAL DE REUIL SUPER 1209;282;185
ENT IENA1;VALENCIENNES;48;35
ENT IENA1;VERNEUIL 1 VERGER SUPER 4981;240;160
ENT IENA2;1186 ST QUENTIN SCHUMANN SUPER;104;70
ENT IENA2;1267 CALAIS DELAROCHE SUPER;116;80
ENT IENA2;1297 HARNES SUPER;24;20
ENT IENA2;4536 LILLE WAZEMMES MY AUCHAN;11;15
ENT IENA2;4926 BILLY BERCLAU SUPER;34;30
ENT IENA2;4977 RUE SUPER;142;120
ENT IENA2;ARRAS;50;40
ENT IENA2;AUCHAN LUXEMBOURG SUPPLY;320;210
ENT IENA2;BEAUVAIS;190;120
ENT IENA2;BOULOGNE;138;95
ENT IENA2;CAEN CHRONO 352;384;240
ENT IENA2;CALAIS;121;85
ENT IENA2;CAMBRAI;75;55
ENT IENA2;CERGY;225;145
ENT IENA2;CERGY CHRONODRIVE 469;230;145
ENT IENA2;CHERBOURG;501;325
ENT IENA2;CHRONO COMPIEGNE 4345;152;95
ENT IENA2;CHRONO COUDEKERQUE 4242;85;60
ENT IENA2;CHRONO ELEU DIT LEAUWETTE 4462;35;25
ENT IENA2;CHRONO HALLENNES 4167;19;20
ENT IENA2;CHRONO IFS;382;235
ENT IENA2;CHRONO LAMBERSART 4424;15;20
ENT IENA2;CHRONO MARCQ 4128;18;20
ENT IENA2;CHRONO VALENCIENNES 4370;48;35
ENT IENA2;CHRONO WASQUEHAL 4303;10;15
ENT IENA2;CORMEILLES EN PARISIS CHRONODRIVE 413;221;145
ENT IENA2;DIEPPE;244;165
ENT IENA2;DIFFERDANGE;301;205
ENT IENA2;DRIVE ARRAS;51;40
ENT IENA2;DRIVE BEAUVAIS;190;120
ENT IENA2;DRIVE BOULOGNE;136;95
ENT IENA2;DRIVE CAMBRAI;75;55
ENT IENA2;DRIVE CERGY;225;145
ENT IENA2;DRIVE CHERBOURG;501;325
ENT IENA2;DRIVE DIEPPE;244;170
ENT IENA2;DRIVE DUNKERQUE;84;60
ENT IENA2;DRIVE DURY;135;85
ENT IENA2;DRIVE ENGLOS;18;20
ENT IENA2;DRIVE FACHES;3;5
ENT IENA2;DRIVE LE HAVRE;316;200
ENT IENA2;DRIVE MONTIVILLIERS;306;195
ENT IENA2;DRIVE NOGENT SUR OISE;170;110
ENT IENA2;DRIVE NOYON;134;95
ENT IENA2;DRIVE OSNY;230;150
ENT IENA2;DRIVE ROISSY;193;120
ENT IENA2;DRIVE SCHWEIGHOUSE;537;320
ENT IENA2;DRIVE ST QUENTIN;99;60
ENT IENA2;DRIVE TAVERNY;221;140
ENT IENA2;DRIVE VALENCIENNES;48;35
ENT IENA2;DURY;135;90
ENT IENA2;ENT AMIENS BINAT;138;90
ENT IENA2;ENT IENA1;0;0
ENT IENA2;ENT MEYZIEU MEDLEY SUD;697;420
ENT IENA2;ENT SAINGHIN1;4;5
ENT IENA2;ENT SERRIS 1;229;150
ENT IENA2;ENT SERRIS 2;229;150
ENT IENA2;ENT SOCOPAL DIEPPE;226;150
ENT IENA2;ENT V DHL;194;125
ENT IENA2;ENT V GEODIS;200;130
ENT IENA2;FACHES;4;5
ENT IENA2;FRANQUEVILLE CHRONODRIVE 4475;254;165
ENT IENA2;HERBLAY CHRONODRIVE 444;226;145
ENT IENA2;HIRSON;125;110
ENT IENA2;HOUILLES SUPER 1073;219;140
ENT IENA2;IFS CHRONODRIVE 4253;381;235
ENT IENA2;ILLKIRCH;551;335
ENT IENA2;KIRCHBERG;315;205
ENT IENA2;LA CLOCHE D'OR;307;195
ENT IENA2;LA QUEUE LES YVELINES SUPER 1096;258;175
ENT IENA2;LAXOU;401;265
ENT IENA2;LE CHESNAY PARLY 2 SUPER 1144;233;160
ENT IENA2;LE HAVRE;314;200
ENT IENA2;LES MUREAUX HALLES AUCHAN;246;160
ENT IENA2;LONGUEIL SAINTE MARIE SUPER 4315;149;95
ENT IENA2;MAUREPAS SUPER 4492;247;170
ENT IENA2;MERS LES BAINS;217;150
ENT IENA2;MERU;216;135
ENT IENA2;MONT SAINT MARTIN;292;190
ENT IENA2;MONTIVILLIERS;309;195
ENT IENA2;NANCY CENTRE;406;280
ENT IENA2;NOGENT SUR OISE;173;110
ENT IENA2;NOYELLES GODAULT;25;20
ENT IENA2;NOYON;133;95
ENT IENA2;OSNY;231;145
ENT IENA2;ROISSY;192;120
ENT IENA2;SCHWEIGHOUSE;540;325
ENT IENA2;SEMECOURT;376;225
ENT IENA2;SOCOPAL;222;140
ENT IENA2;SOISY;214;140
ENT IENA2;ST QUENTIN;101;65
ENT IENA2;STRASBOURG;549;330
ENT IENA2;TAVERNY;222;140
ENT IENA2;TOMBLAINE;447;280
ENT IENA2;VAL DE REUIL SUPER 1209;282;185
ENT IENA2;VALENCIENNES;48;35
ENT IENA2;VERNEUIL 1 VERGER SUPER 4981;240;160
ENT MEYZIEU MEDLEY SUD;1186 ST QUENTIN SCHUMANN SUPER;599;365
ENT MEYZIEU MEDLEY SUD;1267 CALAIS DELAROCHE SUPER;768;455
ENT MEYZIEU MEDLEY SUD;1297 HARNES SUPER;682;410
ENT MEYZIEU MEDLEY SUD;4313 CANTELEU SUPER;606;385
ENT MEYZIEU MEDLEY SUD;4536 LILLE WAZEMMES MY AUCHAN;702;425
ENT MEYZIEU MEDLEY SUD;4926 BILLY BERCLAU SUPER;692;420
ENT MEYZIEU MEDLEY SUD;4977 RUE SUPER;694;435
ENT MEYZIEU MEDLEY SUD;914 MARQUETTE LES PARTISANS DU GOUT;707;430
ENT MEYZIEU MEDLEY SUD;ARRAS;678;410
ENT MEYZIEU MEDLEY SUD;AUCHAN CITY TOURCOING;713;435
ENT MEYZIEU MEDLEY SUD;AUCHAN LUXEMBOURG SUPPLY;519;330
ENT MEYZIEU MEDLEY SUD;BEAUVAIS;568;360
ENT MEYZIEU MEDLEY SUD;BETHUNE;694;415
ENT MEYZIEU MEDLEY SUD;BOULOGNE;789;470
ENT MEYZIEU MEDLEY SUD;CAEN CHRONO 352;705;440
ENT MEYZIEU MEDLEY SUD;CALAIS;773;460
ENT MEYZIEU MEDLEY SUD;CAMBRAI;644;390
ENT MEYZIEU MEDLEY SUD;CERGY;509;335
ENT MEYZIEU MEDLEY SUD;CERGY CHRONODRIVE 469;514;335
ENT MEYZIEU MEDLEY SUD;CHERBOURG;821;520
ENT MEYZIEU MEDLEY SUD;CHRONO AVELIN 4361;691;415
ENT MEYZIEU MEDLEY SUD;CHRONO BONDUES 4703;712;430
ENT MEYZIEU MEDLEY SUD;CHRONO COMPIEGNE 4345;552;350
ENT MEYZIEU MEDLEY SUD;CHRONO COUDEKERQUE 4242;777;470
ENT MEYZIEU MEDLEY SUD;CHRONO CROIX 4154;707;430
ENT MEYZIEU MEDLEY SUD;CHRONO ELEU DIT LEAUWETTE 4462;679;410
ENT MEYZIEU MEDLEY SUD;CHRONO HALLENNES 4167;701;425
ENT MEYZIEU MEDLEY SUD;CHRONO IFS;702;435
ENT MEYZIEU MEDLEY SUD;CHRONO LAMBERSART 4424;707;430
ENT MEYZIEU MEDLEY SUD;CHRONO MARCQ 4128;710;430
ENT MEYZIEU MEDLEY SUD;CHRONO VALENCIENNES 4370;672;405
ENT MEYZIEU MEDLEY SUD;CHRONO WASQUEHAL 4303;706;425
ENT MEYZIEU MEDLEY SUD;CORMEILLES EN PARISIS CHRONODRIVE 413;499;320
ENT MEYZIEU MEDLEY SUD;DIEPPE;663;425
ENT MEYZIEU MEDLEY SUD;DIFFERDANGE;534;340
ENT MEYZIEU MEDLEY SUD;DOUAI;662;405
ENT MEYZIEU MEDLEY SUD;DRIVE ARRAS;677;410
ENT MEYZIEU MEDLEY SUD;DRIVE BEAUVAIS;569;360
ENT MEYZIEU MEDLEY SUD;DRIVE BETHUNE;695;415
ENT MEYZIEU MEDLEY SUD;DRIVE BOULOGNE;771;465
ENT MEYZIEU MEDLEY SUD;DRIVE CALAIS;772;460
ENT MEYZIEU MEDLEY SUD;DRIVE CAMBRAI;644;390
ENT MEYZIEU MEDLEY SUD;DRIVE CERGY;509;335
ENT MEYZIEU MEDLEY SUD;DRIVE CHERBOURG;821;520
ENT MEYZIEU MEDLEY SUD;DRIVE DIEPPE;664;425
ENT MEYZIEU MEDLEY SUD;DRIVE DOUAI;661;405
ENT MEYZIEU MEDLEY SUD;DRIVE DUNKERQUE;776;470
ENT MEYZIEU MEDLEY SUD;DRIVE DURY;624;395
ENT MEYZIEU MEDLEY SUD;DRIVE ENGLOS;710;430
ENT MEYZIEU MEDLEY SUD;DRIVE FACHES;695;415
ENT MEYZIEU MEDLEY SUD;DRIVE LE HAVRE;669;420
ENT MEYZIEU MEDLEY SUD;DRIVE LEERS;713;435
ENT MEYZIEU MEDLEY SUD;DRIVE LOUVROIL;705;430
ENT MEYZIEU MEDLEY SUD;DRIVE MONTIVILLIERS;664;420
ENT MEYZIEU MEDLEY SUD;DRIVE NOGENT SUR OISE;541;345
ENT MEYZIEU MEDLEY SUD;DRIVE NOYELLES;673;405
ENT MEYZIEU MEDLEY SUD;DRIVE NOYON;581;370
ENT MEYZIEU MEDLEY SUD;DRIVE OSNY;514;340
ENT MEYZIEU MEDLEY SUD;DRIVE PETITE FORET;673;405
ENT MEYZIEU MEDLEY SUD;DRIVE ROISSY;502;320
ENT MEYZIEU MEDLEY SUD;DRIVE RONCQ;715;435
ENT MEYZIEU MEDLEY SUD;DRIVE SCHWEIGHOUSE;513;315
ENT MEYZIEU MEDLEY SUD;DRIVE ST OMER;736;445
ENT MEYZIEU MEDLEY SUD;DRIVE ST QUENTIN;600;360
ENT MEYZIEU MEDLEY SUD;DRIVE TAVERNY;501;330
ENT MEYZIEU MEDLEY SUD;DRIVE VALENCIENNES;670;400
ENT MEYZIEU MEDLEY SUD;DRIVE VILLENEUVE D'ASCQ;701;420
ENT MEYZIEU MEDLEY SUD;DUNKERQUE;777;470
ENT MEYZIEU MEDLEY SUD;DURY;624;395
ENT MEYZIEU MEDLEY SUD;ENGLOS;709;430
ENT MEYZIEU MEDLEY SUD;ENT AMIENS BINAT;635;400
ENT MEYZIEU MEDLEY SUD;ENT AMIENS SAINT SAUVEUR FLEG;633;400
ENT MEYZIEU MEDLEY SUD;ENT AMIENS SAINT SAUVEUR PF;634;405
ENT MEYZIEU MEDLEY SUD;ENT AMIENS SUPER POULAINVILLE PGC;635;405
ENT MEYZIEU MEDLEY SUD;ENT IENA1;697;420
ENT MEYZIEU MEDLEY SUD;ENT IENA2;697;420
ENT MEYZIEU MEDLEY SUD;ENT SAINGHIN1;698;420
ENT MEYZIEU MEDLEY SUD;ENT SERRIS 1;479;300
ENT MEYZIEU MEDLEY SUD;ENT SERRIS 2;479;300
ENT MEYZIEU MEDLEY SUD;ENT SOCOPAL DIEPPE;655;420
ENT MEYZIEU MEDLEY SUD;ENT V DHL;502;315
ENT MEYZIEU MEDLEY SUD;ENT V GEODIS;498;320
ENT MEYZIEU MEDLEY SUD;FACHES;694;415
ENT MEYZIEU MEDLEY SUD;FRANQUEVILLE CHRONODRIVE 4475;596;380
ENT MEYZIEU MEDLEY SUD;HERBLAY CHRONODRIVE 444;500;325
ENT MEYZIEU MEDLEY SUD;HIRSON;592;385
ENT MEYZIEU MEDLEY SUD;HOUILLES SUPER 1073;493;315
ENT MEYZIEU MEDLEY SUD;IFS CHRONODRIVE 4253;700;435
ENT MEYZIEU MEDLEY SUD;ILLKIRCH;480;295
ENT MEYZIEU MEDLEY SUD;KIRCHBERG;534;335
ENT MEYZIEU MEDLEY SUD;LA CLOCHE D'OR;525;330
ENT MEYZIEU MEDLEY SUD;LA QUEUE LES YVELINES SUPER 1096;502;315
ENT MEYZIEU MEDLEY SUD;LAXOU;412;250
ENT MEYZIEU MEDLEY SUD;LE CHESNAY PARLY 2 SUPER 1144;480;305
ENT MEYZIEU MEDLEY SUD;LE HAVRE;666;420
ENT MEYZIEU MEDLEY SUD;LEERS;712;430
ENT MEYZIEU MEDLEY SUD;LES MUREAUX HALLES AUCHAN;505;315
ENT MEYZIEU MEDLEY SUD;LONGUEIL SAINTE MARIE SUPER 4315;548;345
ENT MEYZIEU MEDLEY SUD;LOUVROIL;703;425
ENT MEYZIEU MEDLEY SUD;MAUREPAS SUPER 4492;491;310
ENT MEYZIEU MEDLEY SUD;MERS LES BAINS;706;450
ENT MEYZIEU MEDLEY SUD;MERU;545;345
ENT MEYZIEU MEDLEY SUD;MONT SAINT MARTIN;534;345
ENT MEYZIEU MEDLEY SUD;MONTIVILLIERS;660;415
ENT MEYZIEU MEDLEY SUD;NANCY CENTRE;412;260
ENT MEYZIEU MEDLEY SUD;NOGENT SUR OISE;540;340
ENT MEYZIEU MEDLEY SUD;NOYELLES GODAULT;673;400
ENT MEYZIEU MEDLEY SUD;NOYON;581;365
ENT MEYZIEU MEDLEY SUD;OSNY;514;335
ENT MEYZIEU MEDLEY SUD;PETITE FORET;671;400
ENT MEYZIEU MEDLEY SUD;ROISSY;500;315
ENT MEYZIEU MEDLEY SUD;RONCQ;713;435
ENT MEYZIEU MEDLEY SUD;SCHWEIGHOUSE;513;320
ENT MEYZIEU MEDLEY SUD;SEMECOURT;480;300
ENT MEYZIEU MEDLEY SUD;SOCOPAL;633;405
ENT MEYZIEU MEDLEY SUD;SOISY;496;325
ENT MEYZIEU MEDLEY SUD;ST OMER;736;440
ENT MEYZIEU MEDLEY SUD;ST QUENTIN;600;360
ENT MEYZIEU MEDLEY SUD;STRASBOURG;485;300
ENT MEYZIEU MEDLEY SUD;TAVERNY;500;325
ENT MEYZIEU MEDLEY SUD;TOMBLAINE;413;260
ENT MEYZIEU MEDLEY SUD;VAL DE REUIL SUPER 1209;574;360
ENT MEYZIEU MEDLEY SUD;VALENCIENNES;670;400
ENT MEYZIEU MEDLEY SUD;VERNEUIL 1 VERGER SUPER 4981;505;320
ENT MEYZIEU MEDLEY SUD;VILLENEUVE 2;700;420
ENT MEYZIEU MEDLEY SUD;VIRY NOUREUIL;591;360
ENT SAINGHIN1;1186 ST QUENTIN SCHUMANN SUPER;118;120
ENT SAINGHIN1;1267 CALAIS DELAROCHE SUPER;118;120
ENT SAINGHIN1;1297 HARNES SUPER;30;30
ENT SAINGHIN1;4313 CANTELEU SUPER;262;270
ENT SAINGHIN1;4536 LILLE WAZEMMES MY AUCHAN;13;15
ENT SAINGHIN1;4926 BILLY BERCLAU SUPER;38;45
ENT SAINGHIN1;4977 RUE SUPER;167;180
ENT SAINGHIN1;914 MARQUETTE LES PARTISANS DU GOUT;17;30
ENT SAINGHIN1;ARRAS;57;60
ENT SAINGHIN1;AUCHAN CITY TOURCOING;22;30
ENT SAINGHIN1;AUCHAN LUXEMBOURG SUPPLY;318;330
ENT SAINGHIN1;BEAUVAIS;196;210
ENT SAINGHIN1;BETHUNE;50;60
ENT SAINGHIN1;BOULOGNE;140;95
ENT SAINGHIN1;CAEN CHRONO 352;362;375
ENT SAINGHIN1;CALAIS;123;135
ENT SAINGHIN1;CAMBRAI;67;75
ENT SAINGHIN1;CERGY;234;240
ENT SAINGHIN1;CERGY CHRONODRIVE 469;238;240
ENT SAINGHIN1;CHERBOURG;481;495
ENT SAINGHIN1;CHRONO AVELIN 4361;16;30
ENT SAINGHIN1;CHRONO BONDUES 4703;21;30
ENT SAINGHIN1;CHRONO COMPIEGNE 4345;156;165
ENT SAINGHIN1;CHRONO COUDEKERQUE 4242;78;90
ENT SAINGHIN1;CHRONO CROIX 4154;16;30
ENT SAINGHIN1;CHRONO ELEU DIT LEAUWETTE 4462;41;45
ENT SAINGHIN1;CHRONO HALLENNES 4167;20;30
ENT SAINGHIN1;CHRONO IFS;384;390
ENT SAINGHIN1;CHRONO LAMBERSART 4424;16;30
ENT SAINGHIN1;CHRONO MARCQ 4128;17;30
ENT SAINGHIN1;CHRONO VALENCIENNES 4370;44;45
ENT SAINGHIN1;CHRONO WASQUEHAL 4303;14;15
ENT SAINGHIN1;CORMEILLES EN PARISIS CHRONODRIVE 413;224;150
ENT SAINGHIN1;DIEPPE;197;210
ENT SAINGHIN1;DIFFERDANGE;300;205
ENT SAINGHIN1;DOUAI;37;45
ENT SAINGHIN1;DRIVE ARRAS;57;60
ENT SAINGHIN1;DRIVE BEAUVAIS;180;180
ENT SAINGHIN1;DRIVE BETHUNE;50;60
ENT SAINGHIN1;DRIVE BOULOGNE;126;135
ENT SAINGHIN1;DRIVE CALAIS;123;135
ENT SAINGHIN1;DRIVE CAMBRAI;67;75
ENT SAINGHIN1;DRIVE CERGY;228;150
ENT SAINGHIN1;DRIVE CHERBOURG;481;495
ENT SAINGHIN1;DRIVE DIEPPE;249;255
ENT SAINGHIN1;DRIVE DOUAI;37;45
ENT SAINGHIN1;DRIVE DUNKERQUE;86;90
ENT SAINGHIN1;DRIVE DURY;123;135
ENT SAINGHIN1;DRIVE ENGLOS;21;30
ENT SAINGHIN1;DRIVE FACHES;10;15
ENT SAINGHIN1;DRIVE LE HAVRE;319;330
ENT SAINGHIN1;DRIVE LEERS;19;20
ENT SAINGHIN1;DRIVE LOUVROIL;79;90
ENT SAINGHIN1;DRIVE MONTIVILLIERS;292;300
ENT SAINGHIN1;DRIVE NOGENT SUR OISE;177;180
ENT SAINGHIN1;DRIVE NOYELLES;31;45
ENT SAINGHIN1;DRIVE NOYON;141;150
ENT SAINGHIN1;DRIVE PETITE FORET;39;45
ENT SAINGHIN1;DRIVE ROISSY;197;125
ENT SAINGHIN1;DRIVE RONCQ;23;30
ENT SAINGHIN1;DRIVE SCHWEIGHOUSE;540;325
ENT SAINGHIN1;DRIVE ST OMER;76;90
ENT SAINGHIN1;DRIVE ST QUENTIN;107;120
ENT SAINGHIN1;DRIVE TAVERNY;224;145
ENT SAINGHIN1;DRIVE VALENCIENNES;46;60
ENT SAINGHIN1;DRIVE VILLENEUVE D'ASCQ;7;15
ENT SAINGHIN1;DUNKERQUE;91;105
ENT SAINGHIN1;DURY;140;150
ENT SAINGHIN1;ENGLOS;19;20
ENT SAINGHIN1;ENT AMIENS SAINT SAUVEUR FLEG;128;135
ENT SAINGHIN1;ENT AMIENS SAINT SAUVEUR PF;128;135
ENT SAINGHIN1;ENT AMIENS SUPER POULAINVILLE PGC;123;135
ENT SAINGHIN1;ENT CARVIN FL;25;30
ENT SAINGHIN1;ENT CARVIN PF;25;30
ENT SAINGHIN1;ENT IENA;4;15
ENT SAINGHIN1;ENT IENA1;4;5
ENT SAINGHIN1;ENT IENA2;4;5
ENT SAINGHIN1;ENT MEYZIEU MEDLEY SUD;698;420
ENT SAINGHIN1;ENT SAINGHIN1;0;0
ENT SAINGHIN1;ENT SERRIS 1;229;240
ENT SAINGHIN1;ENT SERRIS 2;236;240
ENT SAINGHIN1;ENT SOCOPAL DIEPPE;226;240
ENT SAINGHIN1;ENT V DHL;256;270
ENT SAINGHIN1;ENT V GEODIS;203;135
ENT SAINGHIN1;FACHES;10;15
ENT SAINGHIN1;FRANQUEVILLE CHRONODRIVE 4475;242;255
ENT SAINGHIN1;HERBLAY CHRONODRIVE 444;230;240
ENT SAINGHIN1;HIRSON;122;110
ENT SAINGHIN1;HOUILLES SUPER 1073;226;240
ENT SAINGHIN1;ILLKIRCH;526;540
ENT SAINGHIN1;KIRCHBERG;302;315
ENT SAINGHIN1;LA CLOCHE D'OR;307;200
ENT SAINGHIN1;LA QUEUE LES YVELINES SUPER 1096;261;180
ENT SAINGHIN1;LAXOU;417;420
ENT SAINGHIN1;LE CHESNAY PARLY 2 SUPER 1144;236;165
ENT SAINGHIN1;LEERS;19;20
ENT SAINGHIN1;LES MUREAUX HALLES AUCHAN;249;165
ENT SAINGHIN1;LONGUEIL SAINTE MARIE SUPER 4315;156;165
ENT SAINGHIN1;LOUVROIL;79;60
ENT SAINGHIN1;MAUREPAS SUPER 4492;251;175
ENT SAINGHIN1;MERS LES BAINS;220;155
ENT SAINGHIN1;MERU;222;225
ENT SAINGHIN1;MONT SAINT MARTIN;291;300
ENT SAINGHIN1;MONTIVILLIERS;312;200
ENT SAINGHIN1;NANCY CENTRE;419;420
ENT SAINGHIN1;NOGENT SUR OISE;179;180
ENT SAINGHIN1;NOYELLES GODAULT;28;25
ENT SAINGHIN1;NOYON;141;150
ENT SAINGHIN1;OSNY;237;240
ENT SAINGHIN1;PETITE FORET;39;45
ENT SAINGHIN1;ROISSY;200;210
ENT SAINGHIN1;RONCQ;23;30
ENT SAINGHIN1;SCHWEIGHOUSE;487;495
ENT SAINGHIN1;SEMECOURT;356;360
ENT SAINGHIN1;SOCOPAL;226;240
ENT SAINGHIN1;SOISY;220;225
ENT SAINGHIN1;ST OMER;76;90
ENT SAINGHIN1;ST QUENTIN;104;70
ENT SAINGHIN1;STRASBOURG;522;525
ENT SAINGHIN1;TAVERNY;230;240
ENT SAINGHIN1;TOMBLAINE;419;420
ENT SAINGHIN1;VAL DE REUIL SUPER 1209;288;300
ENT SAINGHIN1;VALENCIENNES;46;60
ENT SAINGHIN1;VERNEUIL 1 VERGER SUPER 4981;247;255
ENT SAINGHIN1;VILLENEUVE 2;7;10
ENT SAINGHIN1;VIRY NOUREUIL;133;90
ENT SERRIS 1;1186 ST QUENTIN SCHUMANN SUPER;156;165
ENT SERRIS 1;1267 CALAIS DELAROCHE SUPER;319;330
ENT SERRIS 1;1297 HARNES SUPER;217;225
ENT SERRIS 1;4313 CANTELEU SUPER;179;180
ENT SERRIS 1;4536 LILLE WAZEMMES MY AUCHAN;237;240
ENT SERRIS 1;4926 BILLY BERCLAU SUPER;229;240
ENT SERRIS 1;4977 RUE SUPER;235;240
ENT SERRIS 1;914 MARQUETTE LES PARTISANS DU GOUT;240;160
ENT SERRIS 1;ARRAS;200;210
ENT SERRIS 1;AUCHAN CITY TOURCOING;248;255
ENT SERRIS 1;AUCHAN LUXEMBOURG SUPPLY;330;330
ENT SERRIS 1;BEAUVAIS;103;105
ENT SERRIS 1;BETHUNE;229;240
ENT SERRIS 1;BOULOGNE;288;300
ENT SERRIS 1;CAEN CHRONO 352;275;285
ENT SERRIS 1;CALAIS;315;315
ENT SERRIS 1;CAMBRAI;196;210
ENT SERRIS 1;CERGY;67;75
ENT SERRIS 1;CERGY CHRONODRIVE 469;72;75
ENT SERRIS 1;CHERBOURG;393;405
ENT SERRIS 1;CHRONO AVELIN 4361;226;240
ENT SERRIS 1;CHRONO BONDUES 4703;247;255
ENT SERRIS 1;CHRONO COMPIEGNE 4345;96;105
ENT SERRIS 1;CHRONO COUDEKERQUE 4242;302;315
ENT SERRIS 1;CHRONO CROIX 4154;244;255
ENT SERRIS 1;CHRONO ELEU DIT LEAUWETTE 4462;214;225
ENT SERRIS 1;CHRONO HALLENNES 4167;245;255
ENT SERRIS 1;CHRONO IFS;273;285
ENT SERRIS 1;CHRONO LAMBERSART 4424;241;255
ENT SERRIS 1;CHRONO MARCQ 4128;243;255
ENT SERRIS 1;CHRONO VALENCIENNES 4370;222;225
ENT SERRIS 1;CHRONO WASQUEHAL 4303;243;255
ENT SERRIS 1;CORMEILLES EN PARISIS CHRONODRIVE 413;58;60
ENT SERRIS 1;DIEPPE;233;240
ENT SERRIS 1;DIFFERDANGE;330;330
ENT SERRIS 1;DOUAI;212;225
ENT SERRIS 1;DRIVE ARRAS;201;210
ENT SERRIS 1;DRIVE BEAUVAIS;103;105
ENT SERRIS 1;DRIVE BETHUNE;229;240
ENT SERRIS 1;DRIVE BOULOGNE;286;300
ENT SERRIS 1;DRIVE CALAIS;315;315
ENT SERRIS 1;DRIVE CAMBRAI;196;210
ENT SERRIS 1;DRIVE CERGY;68;75
ENT SERRIS 1;DRIVE CHERBOURG;393;405
ENT SERRIS 1;DRIVE DIEPPE;234;240
ENT SERRIS 1;DRIVE DOUAI;212;225
ENT SERRIS 1;DRIVE DUNKERQUE;311;315
ENT SERRIS 1;DRIVE DURY;163;165
ENT SERRIS 1;DRIVE ENGLOS;244;255
ENT SERRIS 1;DRIVE FACHES;229;240
ENT SERRIS 1;DRIVE LE HAVRE;238;240
ENT SERRIS 1;DRIVE LEERS;247;255
ENT SERRIS 1;DRIVE LOUVROIL;254;255
ENT SERRIS 1;DRIVE MONTIVILLIERS;234;240
ENT SERRIS 1;DRIVE NOGENT SUR OISE;73;75
ENT SERRIS 1;DRIVE NOYELLES;208;210
ENT SERRIS 1;DRIVE NOYON;123;135
ENT SERRIS 1;DRIVE OSNY;72;75
ENT SERRIS 1;DRIVE PETITE FORET;224;225
ENT SERRIS 1;DRIVE ROISSY;41;45
ENT SERRIS 1;DRIVE RONCQ;250;255
ENT SERRIS 1;DRIVE SCHWEIGHOUSE;448;450
ENT SERRIS 1;DRIVE ST OMER;278;285
ENT SERRIS 1;DRIVE ST QUENTIN;156;165
ENT SERRIS 1;DRIVE TAVERNY;59;60
ENT SERRIS 1;DRIVE VALENCIENNES;220;225
ENT SERRIS 1;DRIVE VILLENEUVE D'ASCQ;236;240
ENT SERRIS 1;DUNKERQUE;311;315
ENT SERRIS 1;DURY;163;165
ENT SERRIS 1;ENGLOS;244;255
ENT SERRIS 1;ENT AMIENS BINAT;167;180
ENT SERRIS 1;ENT AMIENS SAINT SAUVEUR FLEG;174;180
ENT SERRIS 1;ENT AMIENS SAINT SAUVEUR PF;174;180
ENT SERRIS 1;ENT AMIENS SUPER POULAINVILLE PGC;176;180
ENT SERRIS 1;ENT CARVIN FL;220;225
ENT SERRIS 1;ENT CARVIN PF;220;225
ENT SERRIS 1;ENT IENA;230;240
ENT SERRIS 1;ENT IENA1;229;150
ENT SERRIS 1;ENT IENA2;229;150
ENT SERRIS 1;ENT MEYZIEU MEDLEY SUD;479;300
ENT SERRIS 1;ENT SAINGHIN1;233;240
ENT SERRIS 1;ENT SERRIS 1;0;0
ENT SERRIS 1;ENT SERRIS 2;1;15
ENT SERRIS 1;ENT SOCOPAL DIEPPE;252;175
ENT SERRIS 1;ENT V DHL;54;60
ENT SERRIS 1;ENT V GEODIS;52;60
ENT SERRIS 1;FACHES;230;240
ENT SERRIS 1;FRANQUEVILLE CHRONODRIVE 4475;169;180
ENT SERRIS 1;HERBLAY CHRONODRIVE 444;59;60
ENT SERRIS 1;HIRSON;185;195
ENT SERRIS 1;HOUILLES SUPER 1073;54;60
ENT SERRIS 1;IFS CHRONODRIVE 4253;270;270
ENT SERRIS 1;ILLKIRCH;459;465
ENT SERRIS 1;KIRCHBERG;331;345
ENT SERRIS 1;LA CLOCHE D'OR;347;360
ENT SERRIS 1;LA QUEUE LES YVELINES SUPER 1096;85;90
ENT SERRIS 1;LAXOU;278;285
ENT SERRIS 1;LE CHESNAY PARLY 2 SUPER 1144;59;60
ENT SERRIS 1;LE HAVRE;241;255
ENT SERRIS 1;LEERS;247;255
ENT SERRIS 1;LES MUREAUX HALLES AUCHAN;82;70
ENT SERRIS 1;LONGUEIL SAINTE MARIE SUPER 4315;87;90
ENT SERRIS 1;LOUVROIL;255;255
ENT SERRIS 1;MAUREPAS SUPER 4492;72;75
ENT SERRIS 1;MERS LES BAINS;246;255
ENT SERRIS 1;MERU;81;90
ENT SERRIS 1;MONT SAINT MARTIN;320;330
ENT SERRIS 1;MONTIVILLIERS;234;240
ENT SERRIS 1;NANCY CENTRE;284;285
ENT SERRIS 1;NOGENT SUR OISE;80;90
ENT SERRIS 1;NOYELLES GODAULT;209;210
ENT SERRIS 1;NOYON;123;135
ENT SERRIS 1;OSNY;71;75
ENT SERRIS 1;PETITE FORET;224;225
ENT SERRIS 1;ROISSY;40;45
ENT SERRIS 1;RONCQ;250;255
ENT SERRIS 1;SCHWEIGHOUSE;448;450
ENT SERRIS 1;SEMECOURT;284;285
ENT SERRIS 1;SOCOPAL;211;160
ENT SERRIS 1;SOISY;49;60
ENT SERRIS 1;ST OMER;272;285
ENT SERRIS 1;ST QUENTIN;156;165
ENT SERRIS 1;STRASBOURG;456;465
ENT SERRIS 1;TAVERNY;57;60
ENT SERRIS 1;TOMBLAINE;286;300
ENT SERRIS 1;VAL DE REUIL SUPER 1209;148;150
ENT SERRIS 1;VALENCIENNES;220;225
ENT SERRIS 1;VERNEUIL 1 VERGER SUPER 4981;79;90
ENT SERRIS 1;VILLENEUVE 2;235;240
ENT SERRIS 1;VIRY NOUREUIL;129;135
ENT SERRIS 2;1186 ST QUENTIN SCHUMANN SUPER;200;125
ENT SERRIS 2;1267 CALAIS DELAROCHE SUPER;301;190
ENT SERRIS 2;1297 HARNES SUPER;214;140
ENT SERRIS 2;4313 CANTELEU SUPER;181;135
ENT SERRIS 2;4536 LILLE WAZEMMES MY AUCHAN;235;155
ENT SERRIS 2;4926 BILLY BERCLAU SUPER;227;150
ENT SERRIS 2;4977 RUE SUPER;232;155
ENT SERRIS 2;914 MARQUETTE LES PARTISANS DU GOUT;239;160
ENT SERRIS 2;ARRAS;198;140
ENT SERRIS 2;AUCHAN CITY TOURCOING;245;165
ENT SERRIS 2;AUCHAN LUXEMBOURG SUPPLY;314;200
ENT SERRIS 2;BEAUVAIS;106;80
ENT SERRIS 2;BETHUNE;227;150
ENT SERRIS 2;BOULOGNE;299;195
ENT SERRIS 2;CAEN CHRONO 352;279;185
ENT SERRIS 2;CALAIS;305;195
ENT SERRIS 2;CAMBRAI;193;130
ENT SERRIS 2;CHERBOURG;396;270
ENT SERRIS 2;CHRONO AVELIN 4361;224;145
ENT SERRIS 2;CHRONO BONDUES 4703;244;160
ENT SERRIS 2;CHRONO COMPIEGNE 4345;90;70
ENT SERRIS 2;CHRONO COUDEKERQUE 4242;309;200
ENT SERRIS 2;CHRONO CROIX 4154;240;160
ENT SERRIS 2;CHRONO ELEU DIT LEAUWETTE 4462;212;140
ENT SERRIS 2;CHRONO HALLENNES 4167;234;155
ENT SERRIS 2;CHRONO IFS;277;185
ENT SERRIS 2;CHRONO LAMBERSART 4424;240;160
ENT SERRIS 2;CHRONO MARCQ 4128;242;160
ENT SERRIS 2;CHRONO VALENCIENNES 4370;220;145
ENT SERRIS 2;CHRONO WASQUEHAL 4303;238;155
ENT SERRIS 2;DIEPPE;238;175
ENT SERRIS 2;DOUAI;211;145
ENT SERRIS 2;DRIVE ARRAS;199;140
ENT SERRIS 2;DRIVE BEAUVAIS;106;80
ENT SERRIS 2;DRIVE BETHUNE;227;150
ENT SERRIS 2;DRIVE BOULOGNE;286;185
ENT SERRIS 2;DRIVE CALAIS;305;195
ENT SERRIS 2;DRIVE CAMBRAI;193;130
ENT SERRIS 2;DRIVE CHERBOURG;396;270
ENT SERRIS 2;DRIVE DIEPPE;238;175
ENT SERRIS 2;DRIVE DOUAI;210;145
ENT SERRIS 2;DRIVE DUNKERQUE;308;200
ENT SERRIS 2;DRIVE DURY;162;115
ENT SERRIS 2;DRIVE ENGLOS;242;160
ENT SERRIS 2;DRIVE FACHES;227;145
ENT SERRIS 2;DRIVE LE HAVRE;244;170
ENT SERRIS 2;DRIVE LEERS;245;165
ENT SERRIS 2;DRIVE LOUVROIL;254;170
ENT SERRIS 2;DRIVE MONTIVILLIERS;239;165
ENT SERRIS 2;DRIVE NOGENT SUR OISE;79;65
ENT SERRIS 2;DRIVE NOYELLES;205;135
ENT SERRIS 2;DRIVE NOYON;120;90
ENT SERRIS 2;DRIVE PETITE FORET;221;145
ENT SERRIS 2;DRIVE RONCQ;247;165
ENT SERRIS 2;DRIVE SCHWEIGHOUSE;446;265
ENT SERRIS 2;DRIVE ST OMER;269;175
ENT SERRIS 2;DRIVE ST QUENTIN;176;120
ENT SERRIS 2;DRIVE VALENCIENNES;219;140
ENT SERRIS 2;DRIVE VILLENEUVE D'ASCQ;233;150
ENT SERRIS 2;DUNKERQUE;309;200
ENT SERRIS 2;ENGLOS;241;160
ENT SERRIS 2;ENT AMIENS SUPER POULAINVILLE PGC;173;120
ENT SERRIS 2;ENT CARVIN FL;216;140
ENT SERRIS 2;ENT CARVIN PF;216;140
ENT SERRIS 2;ENT IENA;229;150
ENT SERRIS 2;ENT IENA1;229;150
ENT SERRIS 2;ENT IENA2;229;150
ENT SERRIS 2;ENT MEYZIEU MEDLEY SUD;479;300
ENT SERRIS 2;ENT SOCOPAL DIEPPE;251;170
ENT SERRIS 2;ENT V DHL;37;35
ENT SERRIS 2;ENT V GEODIS;44;40
ENT SERRIS 2;FACHES;230;145
ENT SERRIS 2;FRANQUEVILLE CHRONODRIVE 4475;172;130
ENT SERRIS 2;HIRSON;210;150
ENT SERRIS 2;IFS CHRONODRIVE 4253;276;185
ENT SERRIS 2;ILLKIRCH;460;280
ENT SERRIS 2;KIRCHBERG;330;210
ENT SERRIS 2;LA CLOCHE D'OR;322;205
ENT SERRIS 2;LA QUEUE LES YVELINES SUPER 1096;85;70
ENT SERRIS 2;LAXOU;309;210
ENT SERRIS 2;LE CHESNAY PARLY 2 SUPER 1144;58;60
ENT SERRIS 2;LE HAVRE;242;170
ENT SERRIS 2;LEERS;248;165
ENT SERRIS 2;LES MUREAUX HALLES AUCHAN;81;70
ENT SERRIS 2;LONGUEIL SAINTE MARIE SUPER 4315;89;65
ENT SERRIS 2;LOUVROIL;255;165
ENT SERRIS 2;MAUREPAS SUPER 4492;75;65
ENT SERRIS 2;MERS LES BAINS;247;175
ENT SERRIS 2;MONTIVILLIERS;237;165
ENT SERRIS 2;NANCY CENTRE;315;225
ENT SERRIS 2;NOYELLES GODAULT;209;135
ENT SERRIS 2;PETITE FORET;223;145
ENT SERRIS 2;RONCQ;249;165
ENT SERRIS 2;SCHWEIGHOUSE;449;270
ENT SERRIS 2;SEMECOURT;285;170
ENT SERRIS 2;SOCOPAL;209;155
ENT SERRIS 2;ST OMER;272;175
ENT SERRIS 2;ST QUENTIN;179;120
ENT SERRIS 2;STRASBOURG;458;275
ENT SERRIS 2;TOMBLAINE;356;225
ENT SERRIS 2;VAL DE REUIL SUPER 1209;150;110
ENT SERRIS 2;VALENCIENNES;222;145
ENT SERRIS 2;VERNEUIL 1 VERGER SUPER 4981;81;70
ENT SERRIS 2;VILLENEUVE 2;236;155
ENT SERRIS 2;VIRY NOUREUIL;129;110
ENT SOCOPAL DIEPPE;1186 ST QUENTIN SCHUMANN SUPER;169;180
ENT SOCOPAL DIEPPE;1267 CALAIS DELAROCHE SUPER;184;195
ENT SOCOPAL DIEPPE;1297 HARNES SUPER;207;210
ENT SOCOPAL DIEPPE;4313 CANTELEU SUPER;39;45
ENT SOCOPAL DIEPPE;4536 LILLE WAZEMMES MY AUCHAN;227;240
ENT SOCOPAL DIEPPE;4926 BILLY BERCLAU SUPER;183;195
ENT SOCOPAL DIEPPE;4977 RUE SUPER;101;105
ENT SOCOPAL DIEPPE;914 MARQUETTE LES PARTISANS DU GOUT;231;240
ENT SOCOPAL DIEPPE;ARRAS;161;165
ENT SOCOPAL DIEPPE;AUCHAN CITY TOURCOING;237;240
ENT SOCOPAL DIEPPE;AUCHAN LUXEMBOURG SUPPLY;471;305
ENT SOCOPAL DIEPPE;BEAUVAIS;88;90
ENT SOCOPAL DIEPPE;BETHUNE;165;165
ENT SOCOPAL DIEPPE;BOULOGNE;153;165
ENT SOCOPAL DIEPPE;CAEN CHRONO 352;159;165
ENT SOCOPAL DIEPPE;CALAIS;181;195
ENT SOCOPAL DIEPPE;CAMBRAI;186;195
ENT SOCOPAL DIEPPE;CERGY;109;120
ENT SOCOPAL DIEPPE;CERGY CHRONODRIVE 469;104;105
ENT SOCOPAL DIEPPE;CHERBOURG;281;285
ENT SOCOPAL DIEPPE;CHRONO AVELIN 4361;216;225
ENT SOCOPAL DIEPPE;CHRONO BONDUES 4703;237;240
ENT SOCOPAL DIEPPE;CHRONO COMPIEGNE 4345;147;150
ENT SOCOPAL DIEPPE;CHRONO COUDEKERQUE 4242;226;240
ENT SOCOPAL DIEPPE;CHRONO CROIX 4154;233;240
ENT SOCOPAL DIEPPE;CHRONO ELEU DIT LEAUWETTE 4462;176;180
ENT SOCOPAL DIEPPE;CHRONO HALLENNES 4167;199;210
ENT SOCOPAL DIEPPE;CHRONO IFS;161;165
ENT SOCOPAL DIEPPE;CHRONO LAMBERSART 4424;231;240
ENT SOCOPAL DIEPPE;CHRONO MARCQ 4128;233;240
ENT SOCOPAL DIEPPE;CHRONO VALENCIENNES 4370;212;225
ENT SOCOPAL DIEPPE;CHRONO WASQUEHAL 4303;233;240
ENT SOCOPAL DIEPPE;CORMEILLES EN PARISIS CHRONODRIVE 413;124;135
ENT SOCOPAL DIEPPE;DIEPPE;51;60
ENT SOCOPAL DIEPPE;DIFFERDANGE;459;310
ENT SOCOPAL DIEPPE;DOUAI;202;210
ENT SOCOPAL DIEPPE;DRIVE ARRAS;161;165
ENT SOCOPAL DIEPPE;DRIVE BEAUVAIS;88;90
ENT SOCOPAL DIEPPE;DRIVE BETHUNE;165;165
ENT SOCOPAL DIEPPE;DRIVE BOULOGNE;151;165
ENT SOCOPAL DIEPPE;DRIVE CALAIS;180;180
ENT SOCOPAL DIEPPE;DRIVE CAMBRAI;186;195
ENT SOCOPAL DIEPPE;DRIVE CERGY;110;120
ENT SOCOPAL DIEPPE;DRIVE CHERBOURG;281;285
ENT SOCOPAL DIEPPE;DRIVE DIEPPE;52;60
ENT SOCOPAL DIEPPE;DRIVE DOUAI;202;210
ENT SOCOPAL DIEPPE;DRIVE DUNKERQUE;218;225
ENT SOCOPAL DIEPPE;DRIVE DURY;90;90
ENT SOCOPAL DIEPPE;DRIVE ENGLOS;234;240
ENT SOCOPAL DIEPPE;DRIVE FACHES;219;225
ENT SOCOPAL DIEPPE;DRIVE LE HAVRE;95;105
ENT SOCOPAL DIEPPE;DRIVE LEERS;237;240
ENT SOCOPAL DIEPPE;DRIVE LOUVROIL;244;255
ENT SOCOPAL DIEPPE;DRIVE MONTIVILLIERS;88;90
ENT SOCOPAL DIEPPE;DRIVE NOGENT SUR OISE;121;135
ENT SOCOPAL DIEPPE;DRIVE NOYELLES;198;210
ENT SOCOPAL DIEPPE;DRIVE NOYON;158;165
ENT SOCOPAL DIEPPE;DRIVE OSNY;114;120
ENT SOCOPAL DIEPPE;DRIVE PETITE FORET;214;225
ENT SOCOPAL DIEPPE;DRIVE ROISSY;212;140
ENT SOCOPAL DIEPPE;DRIVE RONCQ;240;240
ENT SOCOPAL DIEPPE;DRIVE SCHWEIGHOUSE;603;370
ENT SOCOPAL DIEPPE;DRIVE ST OMER;200;210
ENT SOCOPAL DIEPPE;DRIVE ST QUENTIN;164;165
ENT SOCOPAL DIEPPE;DRIVE TAVERNY;199;130
ENT SOCOPAL DIEPPE;DRIVE VALENCIENNES;211;225
ENT SOCOPAL DIEPPE;DRIVE VILLENEUVE D'ASCQ;226;240
ENT SOCOPAL DIEPPE;DUNKERQUE;217;225
ENT SOCOPAL DIEPPE;DURY;90;90
ENT SOCOPAL DIEPPE;ENGLOS;234;240
ENT SOCOPAL DIEPPE;ENT AMIENS BINAT;95;105
ENT SOCOPAL DIEPPE;ENT AMIENS SAINT SAUVEUR FLEG;92;105
ENT SOCOPAL DIEPPE;ENT AMIENS SAINT SAUVEUR PF;92;105
ENT SOCOPAL DIEPPE;ENT AMIENS SUPER POULAINVILLE PGC;94;105
ENT SOCOPAL DIEPPE;ENT CARVIN FL;210;210
ENT SOCOPAL DIEPPE;ENT CARVIN PF;210;210
ENT SOCOPAL DIEPPE;ENT IENA;221;225
ENT SOCOPAL DIEPPE;ENT IENA1;226;150
ENT SOCOPAL DIEPPE;ENT IENA2;226;150
ENT SOCOPAL DIEPPE;ENT MEYZIEU MEDLEY SUD;655;420
ENT SOCOPAL DIEPPE;ENT SAINGHIN1;224;225
ENT SOCOPAL DIEPPE;ENT SERRIS 1;252;175
ENT SOCOPAL DIEPPE;ENT SERRIS 2;251;170
ENT SOCOPAL DIEPPE;ENT SOCOPAL DIEPPE;0;0
ENT SOCOPAL DIEPPE;ENT V DHL;213;145
ENT SOCOPAL DIEPPE;ENT V GEODIS;214;145
ENT SOCOPAL DIEPPE;FACHES;220;225
ENT SOCOPAL DIEPPE;FRANQUEVILLE CHRONODRIVE 4475;39;45
ENT SOCOPAL DIEPPE;HERBLAY CHRONODRIVE 444;117;120
ENT SOCOPAL DIEPPE;HIRSON;236;240
ENT SOCOPAL DIEPPE;HOUILLES SUPER 1073;155;165
ENT SOCOPAL DIEPPE;IFS CHRONODRIVE 4253;156;165
ENT SOCOPAL DIEPPE;ILLKIRCH;616;380
ENT SOCOPAL DIEPPE;KIRCHBERG;486;310
ENT SOCOPAL DIEPPE;LA CLOCHE D'OR;478;305
ENT SOCOPAL DIEPPE;LA QUEUE LES YVELINES SUPER 1096;147;150
ENT SOCOPAL DIEPPE;LAXOU;466;315
ENT SOCOPAL DIEPPE;LE CHESNAY PARLY 2 SUPER 1144;153;165
ENT SOCOPAL DIEPPE;LE HAVRE;97;105
ENT SOCOPAL DIEPPE;LEERS;237;240
ENT SOCOPAL DIEPPE;LES MUREAUX HALLES AUCHAN;153;110
ENT SOCOPAL DIEPPE;LONGUEIL SAINTE MARIE SUPER 4315;141;150
ENT SOCOPAL DIEPPE;LOUVROIL;245;255
ENT SOCOPAL DIEPPE;MAUREPAS SUPER 4492;162;165
ENT SOCOPAL DIEPPE;MERS LES BAINS;71;75
ENT SOCOPAL DIEPPE;MERU;101;105
ENT SOCOPAL DIEPPE;MONT SAINT MARTIN;470;305
ENT SOCOPAL DIEPPE;MONTIVILLIERS;88;90
ENT SOCOPAL DIEPPE;NANCY CENTRE;471;325
ENT SOCOPAL DIEPPE;NOGENT SUR OISE;123;135
ENT SOCOPAL DIEPPE;NOYELLES GODAULT;199;210
ENT SOCOPAL DIEPPE;NOYON;158;165
ENT SOCOPAL DIEPPE;OSNY;109;120
ENT SOCOPAL DIEPPE;PETITE FORET;214;225
ENT SOCOPAL DIEPPE;ROISSY;155;165
ENT SOCOPAL DIEPPE;RONCQ;240;240
ENT SOCOPAL DIEPPE;SCHWEIGHOUSE;605;370
ENT SOCOPAL DIEPPE;SEMECOURT;442;270
ENT SOCOPAL DIEPPE;SOCOPAL;0;0
ENT SOCOPAL DIEPPE;SOISY;129;135
ENT SOCOPAL DIEPPE;ST OMER;201;210
ENT SOCOPAL DIEPPE;ST QUENTIN;165;165
ENT SOCOPAL DIEPPE;STRASBOURG;614;375
ENT SOCOPAL DIEPPE;TAVERNY;123;135
ENT SOCOPAL DIEPPE;TOMBLAINE;512;325
ENT SOCOPAL DIEPPE;VAL DE REUIL SUPER 1209;58;60
ENT SOCOPAL DIEPPE;VALENCIENNES;211;225
ENT SOCOPAL DIEPPE;VERNEUIL 1 VERGER SUPER 4981;135;135
ENT SOCOPAL DIEPPE;VILLENEUVE 2;225;225
ENT SOCOPAL DIEPPE;VIRY NOUREUIL;190;195
ENT V DHL;1186 ST QUENTIN SCHUMANN SUPER;145;100
ENT V DHL;1267 CALAIS DELAROCHE SUPER;265;165
ENT V DHL;1297 HARNES SUPER;179;115
ENT V DHL;4313 CANTELEU SUPER;156;115
ENT V DHL;4536 LILLE WAZEMMES MY AUCHAN;199;130
ENT V DHL;4926 BILLY BERCLAU SUPER;192;125
ENT V DHL;4977 RUE SUPER;197;130
ENT V DHL;914 MARQUETTE LES PARTISANS DU GOUT;204;135
ENT V DHL;ARRAS;163;115
ENT V DHL;AUCHAN CITY TOURCOING;210;140
ENT V DHL;AUCHAN LUXEMBOURG SUPPLY;342;230
ENT V DHL;BETHUNE;191;120
ENT V DHL;BOULOGNE;264;165
ENT V DHL;CAEN CHRONO 352;254;170
ENT V DHL;CALAIS;270;170
ENT V DHL;CAMBRAI;158;105
ENT V DHL;CHERBOURG;371;250
ENT V DHL;CHRONO AVELIN 4361;188;120
ENT V DHL;CHRONO BONDUES 4703;209;135
ENT V DHL;CHRONO COUDEKERQUE 4242;274;175
ENT V DHL;CHRONO CROIX 4154;204;135
ENT V DHL;CHRONO ELEU DIT LEAUWETTE 4462;176;115
ENT V DHL;CHRONO HALLENNES 4167;198;130
ENT V DHL;CHRONO IFS;252;165
ENT V DHL;CHRONO LAMBERSART 4424;204;135
ENT V DHL;CHRONO MARCQ 4128;207;135
ENT V DHL;CHRONO VALENCIENNES 4370;185;120
ENT V DHL;CHRONO WASQUEHAL 4303;203;130
ENT V DHL;DIEPPE;213;155
ENT V DHL;DIFFERDANGE;331;235
ENT V DHL;DRIVE ARRAS;163;115
ENT V DHL;DRIVE BETHUNE;192;125
ENT V DHL;DRIVE BOULOGNE;251;160
ENT V DHL;DRIVE CALAIS;269;170
ENT V DHL;DRIVE CAMBRAI;157;105
ENT V DHL;DRIVE CHERBOURG;371;250
ENT V DHL;DRIVE DIEPPE;213;155
ENT V DHL;DRIVE DUNKERQUE;273;175
ENT V DHL;DRIVE DURY;127;85
ENT V DHL;DRIVE ENGLOS;206;135
ENT V DHL;DRIVE FACHES;192;120
ENT V DHL;DRIVE LOUVROIL;218;145
ENT V DHL;DRIVE MONTIVILLIERS;214;150
ENT V DHL;DRIVE NOYELLES;170;110
ENT V DHL;DRIVE RONCQ;212;140
ENT V DHL;DRIVE SCHWEIGHOUSE;475;295
ENT V DHL;DRIVE ST OMER;234;150
ENT V DHL;DRIVE ST QUENTIN;140;95
ENT V DHL;DRIVE VILLENEUVE D'ASCQ;198;125
ENT V DHL;DUNKERQUE;273;175
ENT V DHL;ENT AMIENS SAINT SAUVEUR FLEG;136;90
ENT V DHL;ENT AMIENS SAINT SAUVEUR PF;137;95
ENT V DHL;ENT CARVIN FL;181;115
ENT V DHL;ENT CARVIN PF;181;115
ENT V DHL;ENT IENA1;194;125
ENT V DHL;ENT IENA2;194;125
ENT V DHL;ENT MEYZIEU MEDLEY SUD;502;315
ENT V DHL;ENT SERRIS 2;37;35
ENT V DHL;ENT SOCOPAL DIEPPE;213;145
ENT V DHL;ENT V GEODIS;12;20
ENT V DHL;HOUILLES SUPER 1073;31;35
ENT V DHL;IFS CHRONODRIVE 4253;252;165
ENT V DHL;ILLKIRCH;490;310
ENT V DHL;LA CLOCHE D'OR;352;235
ENT V DHL;LA QUEUE LES YVELINES SUPER 1096;70;65
ENT V DHL;LAXOU;340;240
ENT V DHL;LES MUREAUX HALLES AUCHAN;57;50
ENT V DHL;LONGUEIL SAINTE MARIE SUPER 4315;51;45
ENT V DHL;MERS LES BAINS;209;145
ENT V DHL;MONT SAINT MARTIN;329;235
ENT V DHL;MONTIVILLIERS;213;150
ENT V DHL;NANCY CENTRE;345;255
ENT V DHL;RONCQ;211;140
ENT V DHL;SCHWEIGHOUSE;479;300
ENT V DHL;SOCOPAL;209;135
ENT V DHL;ST QUENTIN;141;95
ENT V DHL;STRASBOURG;488;305
ENT V DHL;TOMBLAINE;386;255
ENT V DHL;VAL DE REUIL SUPER 1209;127;95
ENT V DHL;VERNEUIL 1 VERGER SUPER 4981;57;55
ENT V DHL;VILLENEUVE 2;198;130
ENT V DHL;VIRY NOUREUIL;106;85
ENT V GEODIS;1186 ST QUENTIN SCHUMANN SUPER;151;105
ENT V GEODIS;1267 CALAIS DELAROCHE SUPER;271;170
ENT V GEODIS;1297 HARNES SUPER;185;120
ENT V GEODIS;4313 CANTELEU SUPER;148;110
ENT V GEODIS;4536 LILLE WAZEMMES MY AUCHAN;205;135
ENT V GEODIS;4926 BILLY BERCLAU SUPER;198;130
ENT V GEODIS;4977 RUE SUPER;199;130
ENT V GEODIS;914 MARQUETTE LES PARTISANS DU GOUT;210;140
ENT V GEODIS;ARRAS;169;120
ENT V GEODIS;AUCHAN CITY TOURCOING;216;145
ENT V GEODIS;AUCHAN LUXEMBOURG SUPPLY;349;235
ENT V GEODIS;BETHUNE;197;125
ENT V GEODIS;BOULOGNE;266;170
ENT V GEODIS;CALAIS;276;175
ENT V GEODIS;CAMBRAI;164;110
ENT V GEODIS;CHERBOURG;363;250
ENT V GEODIS;CHRONO AVELIN 4361;194;125
ENT V GEODIS;CHRONO BONDUES 4703;215;140
ENT V GEODIS;CHRONO COUDEKERQUE 4242;280;180
ENT V GEODIS;CHRONO CROIX 4154;210;140
ENT V GEODIS;CHRONO ELEU DIT LEAUWETTE 4462;182;120
ENT V GEODIS;CHRONO HALLENNES 4167;204;135
ENT V GEODIS;CHRONO IFS;244;165
ENT V GEODIS;CHRONO LAMBERSART 4424;210;140
ENT V GEODIS;CHRONO MARCQ 4128;213;140
ENT V GEODIS;CHRONO VALENCIENNES 4370;191;125
ENT V GEODIS;CHRONO WASQUEHAL 4303;209;135
ENT V GEODIS;DIEPPE;205;150
ENT V GEODIS;DIFFERDANGE;338;240
ENT V GEODIS;DRIVE ARRAS;169;120
ENT V GEODIS;DRIVE BETHUNE;198;130
ENT V GEODIS;DRIVE BOULOGNE;252;160
ENT V GEODIS;DRIVE CALAIS;276;175
ENT V GEODIS;DRIVE CAMBRAI;164;110
ENT V GEODIS;DRIVE CHERBOURG;363;250
ENT V GEODIS;DRIVE DIEPPE;205;150
ENT V GEODIS;DRIVE DUNKERQUE;279;180
ENT V GEODIS;DRIVE DURY;129;90
ENT V GEODIS;DRIVE ENGLOS;213;140
ENT V GEODIS;DRIVE FACHES;198;125
ENT V GEODIS;DRIVE LOUVROIL;224;150
ENT V GEODIS;DRIVE MONTIVILLIERS;206;145
ENT V GEODIS;DRIVE NOYELLES;176;115
ENT V GEODIS;DRIVE SCHWEIGHOUSE;482;300
ENT V GEODIS;DRIVE ST OMER;240;155
ENT V GEODIS;DRIVE ST QUENTIN;147;100
ENT V GEODIS;DRIVE VALENCIENNES;189;120
ENT V GEODIS;DRIVE VILLENEUVE D'ASCQ;204;130
ENT V GEODIS;DUNKERQUE;280;180
ENT V GEODIS;DURY;129;90
ENT V GEODIS;ENGLOS;212;140
ENT V GEODIS;ENT IENA1;200;130
ENT V GEODIS;ENT IENA2;200;130
ENT V GEODIS;ENT MEYZIEU MEDLEY SUD;498;320
ENT V GEODIS;ENT SAINGHIN1;203;135
ENT V GEODIS;ENT SERRIS 2;44;40
ENT V GEODIS;ENT SOCOPAL DIEPPE;214;145
ENT V GEODIS;ENT V DHL;12;20
ENT V GEODIS;HOUILLES SUPER 1073;23;30
ENT V GEODIS;IFS CHRONODRIVE 4253;244;160
ENT V GEODIS;ILLKIRCH;497;315
ENT V GEODIS;LA QUEUE LES YVELINES SUPER 1096;65;60
ENT V GEODIS;LAXOU;346;245
ENT V GEODIS;LE HAVRE;210;150
ENT V GEODIS;LES MUREAUX HALLES AUCHAN;49;45
ENT V GEODIS;LONGUEIL SAINTE MARIE SUPER 4315;58;45
ENT V GEODIS;MERS LES BAINS;212;150
ENT V GEODIS;MONT SAINT MARTIN;335;240
ENT V GEODIS;MONTIVILLIERS;205;145
ENT V GEODIS;NANCY CENTRE;352;255
ENT V GEODIS;SCHWEIGHOUSE;486;305
ENT V GEODIS;SOCOPAL;177;135
ENT V GEODIS;ST OMER;241;155
ENT V GEODIS;ST QUENTIN;148;100
ENT V GEODIS;STRASBOURG;494;310
ENT V GEODIS;TOMBLAINE;392;260
ENT V GEODIS;VAL DE REUIL SUPER 1209;118;90
ENT V GEODIS;VALENCIENNES;190;125
ENT V GEODIS;VERNEUIL 1 VERGER SUPER 4981;49;50
ENT V GEODIS;VIRY NOUREUIL;113;90
FACHES;1186 ST QUENTIN SCHUMANN SUPER;104;105
FACHES;1267 CALAIS DELAROCHE SUPER;115;120
FACHES;1297 HARNES SUPER;22;30
FACHES;4313 CANTELEU SUPER;258;165
FACHES;4536 LILLE WAZEMMES MY AUCHAN;10;15
FACHES;4926 BILLY BERCLAU SUPER;40;45
FACHES;4977 RUE SUPER;158;165
FACHES;914 MARQUETTE LES PARTISANS DU GOUT;14;15
FACHES;ARRAS;48;60
FACHES;AUCHAN CITY TOURCOING;21;30
FACHES;AUCHAN LUXEMBOURG SUPPLY;319;210
FACHES;BEAUVAIS;187;195
FACHES;BETHUNE;56;60
FACHES;BOULOGNE;120;120
FACHES;CAEN CHRONO 352;383;240
FACHES;CALAIS;123;135
FACHES;CAMBRAI;73;75
FACHES;CERGY;223;145
FACHES;CERGY CHRONODRIVE 469;228;145
FACHES;CHRONO AVELIN 4361;7;15
FACHES;CHRONO BONDUES 4703;17;30
FACHES;CHRONO COUDEKERQUE 4242;75;75
FACHES;CHRONO CROIX 4154;16;30
FACHES;CHRONO ELEU DIT LEAUWETTE 4462;33;45
FACHES;CHRONO HALLENNES 4167;18;30
FACHES;CHRONO IFS;380;235
FACHES;CHRONO LAMBERSART 4424;13;15
FACHES;CHRONO MARCQ 4128;14;15
FACHES;CHRONO VALENCIENNES 4370;50;60
FACHES;CHRONO WASQUEHAL 4303;15;15
FACHES;CORMEILLES EN PARISIS CHRONODRIVE 413;220;145
FACHES;DIFFERDANGE;299;205
FACHES;DOUAI;36;45
FACHES;DRIVE BEAUVAIS;189;120
FACHES;DRIVE BETHUNE;56;60
FACHES;DRIVE BOULOGNE;123;135
FACHES;DRIVE CAMBRAI;73;75
FACHES;DRIVE CERGY;223;145
FACHES;DRIVE DIEPPE;243;165
FACHES;DRIVE DOUAI;36;45
FACHES;DRIVE DUNKERQUE;83;90
FACHES;DRIVE ENGLOS;18;30
FACHES;DRIVE FACHES;0;0
FACHES;DRIVE LE HAVRE;314;200
FACHES;DRIVE LEERS;20;30
FACHES;DRIVE LOUVROIL;85;90
FACHES;DRIVE NOGENT SUR OISE;169;110
FACHES;DRIVE NOYELLES;23;30
FACHES;DRIVE NOYON;132;135
FACHES;DRIVE OSNY;228;150
FACHES;DRIVE PETITE FORET;45;45
FACHES;DRIVE ROISSY;192;120
FACHES;DRIVE RONCQ;22;30
FACHES;DRIVE SCHWEIGHOUSE;535;320
FACHES;DRIVE ST OMER;75;75
FACHES;DRIVE ST QUENTIN;99;105
FACHES;DRIVE TAVERNY;220;140
FACHES;DRIVE VALENCIENNES;52;60
FACHES;DRIVE VILLENEUVE D'ASCQ;9;15
FACHES;DUNKERQUE;84;90
FACHES;DURY;115;120
FACHES;ENGLOS;18;30
FACHES;ENT AMIENS SAINT SAUVEUR FLEG;119;120
FACHES;ENT AMIENS SAINT SAUVEUR PF;119;120
FACHES;ENT AMIENS SUPER POULAINVILLE PGC;115;120
FACHES;ENT CARVIN FL;17;30
FACHES;ENT CARVIN PF;17;30
FACHES;ENT IENA1;4;5
FACHES;ENT IENA2;4;5
FACHES;ENT MEYZIEU MEDLEY SUD;694;415
FACHES;ENT SAINGHIN1;7;15
FACHES;ENT SERRIS 2;230;145
FACHES;ENT V DHL;247;255
FACHES;ENT V GEODIS;248;255
FACHES;FACHES;0;0
FACHES;FRANQUEVILLE CHRONODRIVE 4475;253;165
FACHES;HERBLAY CHRONODRIVE 444;224;140
FACHES;HIRSON;128;135
FACHES;HOUILLES SUPER 1073;218;140
FACHES;IFS CHRONODRIVE 4253;379;235
FACHES;ILLKIRCH;549;330
FACHES;KIRCHBERG;315;205
FACHES;LA CLOCHE D'OR;307;200
FACHES;LA QUEUE LES YVELINES SUPER 1096;256;175
FACHES;LAXOU;399;265
FACHES;LE CHESNAY PARLY 2 SUPER 1144;231;155
FACHES;LEERS;20;30
FACHES;LES MUREAUX HALLES AUCHAN;244;160
FACHES;LONGUEIL SAINTE MARIE SUPER 4315;147;95
FACHES;LOUVROIL;85;90
FACHES;MAUREPAS SUPER 4492;245;170
FACHES;MERS LES BAINS;215;150
FACHES;MERU;214;225
FACHES;MONT SAINT MARTIN;292;195
FACHES;NANCY CENTRE;404;275
FACHES;NOGENT SUR OISE;169;180
FACHES;NOYELLES GODAULT;23;30
FACHES;NOYON;132;135
FACHES;OSNY;229;145
FACHES;PETITE FORET;45;45
FACHES;ROISSY;190;120
FACHES;RONCQ;22;30
FACHES;SCHWEIGHOUSE;538;325
FACHES;SEMECOURT;375;225
FACHES;SOISY;212;140
FACHES;ST OMER;73;75
FACHES;ST QUENTIN;101;105
FACHES;STRASBOURG;547;330
FACHES;TAVERNY;221;140
FACHES;TOMBLAINE;418;420
FACHES;VAL DE REUIL SUPER 1209;280;185
FACHES;VALENCIENNES;52;60
FACHES;VERNEUIL 1 VERGER SUPER 4981;238;160
FACHES;VILLENEUVE 2;8;15
FACHES;VIRY NOUREUIL;128;135
FRANQUEVILLE CHRONODRIVE 4475;1186 ST QUENTIN SCHUMANN SUPER;203;140
FRANQUEVILLE CHRONODRIVE 4475;1267 CALAIS DELAROCHE SUPER;217;145
FRANQUEVILLE CHRONODRIVE 4475;1297 HARNES SUPER;239;160
FRANQUEVILLE CHRONODRIVE 4475;4313 CANTELEU SUPER;14;15
FRANQUEVILLE CHRONODRIVE 4475;4536 LILLE WAZEMMES MY AUCHAN;260;175
FRANQUEVILLE CHRONODRIVE 4475;4926 BILLY BERCLAU SUPER;253;165
FRANQUEVILLE CHRONODRIVE 4475;4977 RUE SUPER;132;95
FRANQUEVILLE CHRONODRIVE 4475;914 MARQUETTE LES PARTISANS DU GOUT;265;180
FRANQUEVILLE CHRONODRIVE 4475;ARRAS;187;150
FRANQUEVILLE CHRONODRIVE 4475;AUCHAN CITY TOURCOING;271;180
FRANQUEVILLE CHRONODRIVE 4475;AUCHAN LUXEMBOURG SUPPLY;500;325
FRANQUEVILLE CHRONODRIVE 4475;BETHUNE;252;165
FRANQUEVILLE CHRONODRIVE 4475;BOULOGNE;199;130
FRANQUEVILLE CHRONODRIVE 4475;CAEN CHRONO 352;136;150
FRANQUEVILLE CHRONODRIVE 4475;CALAIS;213;140
FRANQUEVILLE CHRONODRIVE 4475;CAMBRAI;218;150
FRANQUEVILLE CHRONODRIVE 4475;CERGY;83;90
FRANQUEVILLE CHRONODRIVE 4475;CHERBOURG;250;175
FRANQUEVILLE CHRONODRIVE 4475;CHRONO AVELIN 4361;249;160
FRANQUEVILLE CHRONODRIVE 4475;CHRONO BONDUES 4703;270;180
FRANQUEVILLE CHRONODRIVE 4475;CHRONO COMPIEGNE 4345;141;135
FRANQUEVILLE CHRONODRIVE 4475;CHRONO COUDEKERQUE 4242;255;165
FRANQUEVILLE CHRONODRIVE 4475;CHRONO CROIX 4154;265;175
FRANQUEVILLE CHRONODRIVE 4475;CHRONO ELEU DIT LEAUWETTE 4462;237;160
FRANQUEVILLE CHRONODRIVE 4475;CHRONO HALLENNES 4167;259;175
FRANQUEVILLE CHRONODRIVE 4475;CHRONO IFS;130;135
FRANQUEVILLE CHRONODRIVE 4475;CHRONO LAMBERSART 4424;265;180
FRANQUEVILLE CHRONODRIVE 4475;CHRONO MARCQ 4128;268;180
FRANQUEVILLE CHRONODRIVE 4475;CHRONO VALENCIENNES 4370;246;165
FRANQUEVILLE CHRONODRIVE 4475;CHRONO WASQUEHAL 4303;263;175
FRANQUEVILLE CHRONODRIVE 4475;DIFFERDANGE;488;330
FRANQUEVILLE CHRONODRIVE 4475;DOUAI;236;160
FRANQUEVILLE CHRONODRIVE 4475;DRIVE ARRAS;186;150
FRANQUEVILLE CHRONODRIVE 4475;DRIVE BEAUVAIS;85;95
FRANQUEVILLE CHRONODRIVE 4475;DRIVE BETHUNE;253;165
FRANQUEVILLE CHRONODRIVE 4475;DRIVE BOULOGNE;186;120
FRANQUEVILLE CHRONODRIVE 4475;DRIVE CALAIS;213;140
FRANQUEVILLE CHRONODRIVE 4475;DRIVE CAMBRAI;218;150
FRANQUEVILLE CHRONODRIVE 4475;DRIVE CERGY;83;90
FRANQUEVILLE CHRONODRIVE 4475;DRIVE CHERBOURG;250;175
FRANQUEVILLE CHRONODRIVE 4475;DRIVE DOUAI;236;160
FRANQUEVILLE CHRONODRIVE 4475;DRIVE DUNKERQUE;250;165
FRANQUEVILLE CHRONODRIVE 4475;DRIVE DURY;124;85
FRANQUEVILLE CHRONODRIVE 4475;DRIVE ENGLOS;267;180
FRANQUEVILLE CHRONODRIVE 4475;DRIVE FACHES;252;165
FRANQUEVILLE CHRONODRIVE 4475;DRIVE LE HAVRE;98;75
FRANQUEVILLE CHRONODRIVE 4475;DRIVE LEERS;270;180
FRANQUEVILLE CHRONODRIVE 4475;DRIVE LOUVROIL;279;185
FRANQUEVILLE CHRONODRIVE 4475;DRIVE MONTIVILLIERS;93;70
FRANQUEVILLE CHRONODRIVE 4475;DRIVE NOGENT SUR OISE;125;120
FRANQUEVILLE CHRONODRIVE 4475;DRIVE NOYELLES;231;150
FRANQUEVILLE CHRONODRIVE 4475;DRIVE NOYON;190;145
FRANQUEVILLE CHRONODRIVE 4475;DRIVE PETITE FORET;247;165
FRANQUEVILLE CHRONODRIVE 4475;DRIVE ROISSY;123;135
FRANQUEVILLE CHRONODRIVE 4475;DRIVE RONCQ;272;185
FRANQUEVILLE CHRONODRIVE 4475;DRIVE SCHWEIGHOUSE;632;390
FRANQUEVILLE CHRONODRIVE 4475;DRIVE ST OMER;234;160
FRANQUEVILLE CHRONODRIVE 4475;DRIVE ST QUENTIN;199;135
FRANQUEVILLE CHRONODRIVE 4475;DRIVE VALENCIENNES;244;160
FRANQUEVILLE CHRONODRIVE 4475;DRIVE VILLENEUVE D'ASCQ;259;170
FRANQUEVILLE CHRONODRIVE 4475;DUNKERQUE;250;165
FRANQUEVILLE CHRONODRIVE 4475;ENGLOS;267;180
FRANQUEVILLE CHRONODRIVE 4475;ENT AMIENS BINAT;130;135
FRANQUEVILLE CHRONODRIVE 4475;ENT AMIENS SAINT SAUVEUR FLEG;127;135
FRANQUEVILLE CHRONODRIVE 4475;ENT AMIENS SAINT SAUVEUR PF;127;135
FRANQUEVILLE CHRONODRIVE 4475;ENT AMIENS SUPER POULAINVILLE PGC;129;135
FRANQUEVILLE CHRONODRIVE 4475;ENT CARVIN FL;241;160
FRANQUEVILLE CHRONODRIVE 4475;ENT CARVIN PF;241;160
FRANQUEVILLE CHRONODRIVE 4475;ENT IENA;256;270
FRANQUEVILLE CHRONODRIVE 4475;ENT IENA1;254;165
FRANQUEVILLE CHRONODRIVE 4475;ENT IENA2;254;165
FRANQUEVILLE CHRONODRIVE 4475;ENT MEYZIEU MEDLEY SUD;596;380
FRANQUEVILLE CHRONODRIVE 4475;ENT SAINGHIN1;259;270
FRANQUEVILLE CHRONODRIVE 4475;ENT SERRIS 1;150;150
FRANQUEVILLE CHRONODRIVE 4475;ENT SERRIS 2;172;130
FRANQUEVILLE CHRONODRIVE 4475;ENT V DHL;166;180
FRANQUEVILLE CHRONODRIVE 4475;ENT V GEODIS;167;180
FRANQUEVILLE CHRONODRIVE 4475;FACHES;253;165
FRANQUEVILLE CHRONODRIVE 4475;FRANQUEVILLE CHRONODRIVE 4475;0;0
FRANQUEVILLE CHRONODRIVE 4475;HERBLAY CHRONODRIVE 444;91;105
FRANQUEVILLE CHRONODRIVE 4475;HIRSON;272;210
FRANQUEVILLE CHRONODRIVE 4475;HOUILLES SUPER 1073;118;85
FRANQUEVILLE CHRONODRIVE 4475;IFS CHRONODRIVE 4253;134;135
FRANQUEVILLE CHRONODRIVE 4475;ILLKIRCH;647;400
FRANQUEVILLE CHRONODRIVE 4475;KIRCHBERG;516;330
FRANQUEVILLE CHRONODRIVE 4475;LA CLOCHE D'OR;508;325
FRANQUEVILLE CHRONODRIVE 4475;LA QUEUE LES YVELINES SUPER 1096;97;85
FRANQUEVILLE CHRONODRIVE 4475;LAXOU;496;330
FRANQUEVILLE CHRONODRIVE 4475;LE CHESNAY PARLY 2 SUPER 1144;113;80
FRANQUEVILLE CHRONODRIVE 4475;LE HAVRE;97;105
FRANQUEVILLE CHRONODRIVE 4475;LEERS;273;180
FRANQUEVILLE CHRONODRIVE 4475;LES MUREAUX HALLES AUCHAN;91;65
FRANQUEVILLE CHRONODRIVE 4475;LONGUEIL SAINTE MARIE SUPER 4315;137;130
FRANQUEVILLE CHRONODRIVE 4475;LOUVROIL;280;185
FRANQUEVILLE CHRONODRIVE 4475;MAUREPAS SUPER 4492;125;90
FRANQUEVILLE CHRONODRIVE 4475;MERU;84;90
FRANQUEVILLE CHRONODRIVE 4475;MONT SAINT MARTIN;501;325
FRANQUEVILLE CHRONODRIVE 4475;MONTIVILLIERS;94;105
FRANQUEVILLE CHRONODRIVE 4475;NANCY CENTRE;502;345
FRANQUEVILLE CHRONODRIVE 4475;NOGENT SUR OISE;125;120
FRANQUEVILLE CHRONODRIVE 4475;NOYELLES GODAULT;234;150
FRANQUEVILLE CHRONODRIVE 4475;NOYON;193;140
FRANQUEVILLE CHRONODRIVE 4475;PETITE FORET;248;160
FRANQUEVILLE CHRONODRIVE 4475;ROISSY;144;110
FRANQUEVILLE CHRONODRIVE 4475;RONCQ;274;185
FRANQUEVILLE CHRONODRIVE 4475;SCHWEIGHOUSE;636;390
FRANQUEVILLE CHRONODRIVE 4475;SEMECOURT;472;290
FRANQUEVILLE CHRONODRIVE 4475;SOISY;103;105
FRANQUEVILLE CHRONODRIVE 4475;ST OMER;235;160
FRANQUEVILLE CHRONODRIVE 4475;ST QUENTIN;200;130
FRANQUEVILLE CHRONODRIVE 4475;STRASBOURG;644;395
FRANQUEVILLE CHRONODRIVE 4475;TAVERNY;97;105
FRANQUEVILLE CHRONODRIVE 4475;TOMBLAINE;542;345
FRANQUEVILLE CHRONODRIVE 4475;VAL DE REUIL SUPER 1209;22;30
FRANQUEVILLE CHRONODRIVE 4475;VALENCIENNES;247;160
FRANQUEVILLE CHRONODRIVE 4475;VERNEUIL 1 VERGER SUPER 4981;96;75
FRANQUEVILLE CHRONODRIVE 4475;VILLENEUVE 2;261;170
FRANQUEVILLE CHRONODRIVE 4475;VIRY NOUREUIL;225;150
HERBLAY CHRONODRIVE 444;1186 ST QUENTIN SCHUMANN SUPER;177;120
HERBLAY CHRONODRIVE 444;1267 CALAIS DELAROCHE SUPER;271;170
HERBLAY CHRONODRIVE 444;1297 HARNES SUPER;211;135
HERBLAY CHRONODRIVE 444;4313 CANTELEU SUPER;134;135
HERBLAY CHRONODRIVE 444;4536 LILLE WAZEMMES MY AUCHAN;231;150
HERBLAY CHRONODRIVE 444;4926 BILLY BERCLAU SUPER;224;145
HERBLAY CHRONODRIVE 444;4977 RUE SUPER;186;120
HERBLAY CHRONODRIVE 444;914 MARQUETTE LES PARTISANS DU GOUT;236;155
HERBLAY CHRONODRIVE 444;ARRAS;195;135
HERBLAY CHRONODRIVE 444;AUCHAN CITY TOURCOING;242;160
HERBLAY CHRONODRIVE 444;AUCHAN LUXEMBOURG SUPPLY;370;245
HERBLAY CHRONODRIVE 444;BETHUNE;223;140
HERBLAY CHRONODRIVE 444;BOULOGNE;253;155
HERBLAY CHRONODRIVE 444;CAEN CHRONO 352;229;155
HERBLAY CHRONODRIVE 444;CALAIS;266;165
HERBLAY CHRONODRIVE 444;CAMBRAI;190;125
HERBLAY CHRONODRIVE 444;CERGY;11;15
HERBLAY CHRONODRIVE 444;CERGY CHRONODRIVE 469;16;30
HERBLAY CHRONODRIVE 444;CHERBOURG;346;235
HERBLAY CHRONODRIVE 444;CHRONO AVELIN 4361;220;140
HERBLAY CHRONODRIVE 444;CHRONO BONDUES 4703;241;155
HERBLAY CHRONODRIVE 444;CHRONO COMPIEGNE 4345;87;65
HERBLAY CHRONODRIVE 444;CHRONO COUDEKERQUE 4242;309;195
HERBLAY CHRONODRIVE 444;CHRONO CROIX 4154;236;155
HERBLAY CHRONODRIVE 444;CHRONO ELEU DIT LEAUWETTE 4462;208;135
HERBLAY CHRONODRIVE 444;CHRONO HALLENNES 4167;230;150
HERBLAY CHRONODRIVE 444;CHRONO IFS;227;150
HERBLAY CHRONODRIVE 444;CHRONO LAMBERSART 4424;236;155
HERBLAY CHRONODRIVE 444;CHRONO MARCQ 4128;239;155
HERBLAY CHRONODRIVE 444;CHRONO VALENCIENNES 4370;217;140
HERBLAY CHRONODRIVE 444;CHRONO WASQUEHAL 4303;234;150
HERBLAY CHRONODRIVE 444;CORMEILLES EN PARISIS CHRONODRIVE 413;8;15
HERBLAY CHRONODRIVE 444;DIEPPE;188;140
HERBLAY CHRONODRIVE 444;DIFFERDANGE;358;250
HERBLAY CHRONODRIVE 444;DOUAI;207;140
HERBLAY CHRONODRIVE 444;DRIVE ARRAS;195;135
HERBLAY CHRONODRIVE 444;DRIVE BETHUNE;224;145
HERBLAY CHRONODRIVE 444;DRIVE BOULOGNE;239;145
HERBLAY CHRONODRIVE 444;DRIVE CALAIS;266;165
HERBLAY CHRONODRIVE 444;DRIVE CAMBRAI;189;125
HERBLAY CHRONODRIVE 444;DRIVE CHERBOURG;346;235
HERBLAY CHRONODRIVE 444;DRIVE DIEPPE;188;140
HERBLAY CHRONODRIVE 444;DRIVE DOUAI;207;140
HERBLAY CHRONODRIVE 444;DRIVE DUNKERQUE;303;190
HERBLAY CHRONODRIVE 444;DRIVE DURY;116;75
HERBLAY CHRONODRIVE 444;DRIVE ENGLOS;238;155
HERBLAY CHRONODRIVE 444;DRIVE FACHES;224;140
HERBLAY CHRONODRIVE 444;DRIVE LE HAVRE;194;135
HERBLAY CHRONODRIVE 444;DRIVE LEERS;241;160
HERBLAY CHRONODRIVE 444;DRIVE LOUVROIL;250;165
HERBLAY CHRONODRIVE 444;DRIVE MONTIVILLIERS;188;130
HERBLAY CHRONODRIVE 444;DRIVE NOYELLES;202;130
HERBLAY CHRONODRIVE 444;DRIVE NOYON;116;85
HERBLAY CHRONODRIVE 444;DRIVE PETITE FORET;218;140
HERBLAY CHRONODRIVE 444;DRIVE ROISSY;34;45
HERBLAY CHRONODRIVE 444;DRIVE RONCQ;244;160
HERBLAY CHRONODRIVE 444;DRIVE SCHWEIGHOUSE;503;310
HERBLAY CHRONODRIVE 444;DRIVE ST OMER;266;170
HERBLAY CHRONODRIVE 444;DRIVE ST QUENTIN;172;115
HERBLAY CHRONODRIVE 444;DRIVE VALENCIENNES;215;135
HERBLAY CHRONODRIVE 444;DRIVE VILLENEUVE D'ASCQ;230;145
HERBLAY CHRONODRIVE 444;DUNKERQUE;304;190
HERBLAY CHRONODRIVE 444;ENGLOS;238;155
HERBLAY CHRONODRIVE 444;ENT AMIENS SAINT SAUVEUR FLEG;126;135
HERBLAY CHRONODRIVE 444;ENT AMIENS SAINT SAUVEUR PF;126;135
HERBLAY CHRONODRIVE 444;ENT AMIENS SUPER POULAINVILLE PGC;128;135
HERBLAY CHRONODRIVE 444;ENT CARVIN FL;213;135
HERBLAY CHRONODRIVE 444;ENT CARVIN PF;213;135
HERBLAY CHRONODRIVE 444;ENT IENA;226;145
HERBLAY CHRONODRIVE 444;ENT IENA1;226;145
HERBLAY CHRONODRIVE 444;ENT IENA2;226;145
HERBLAY CHRONODRIVE 444;ENT MEYZIEU MEDLEY SUD;500;325
HERBLAY CHRONODRIVE 444;ENT SERRIS 1;61;75
HERBLAY CHRONODRIVE 444;ENT SERRIS 2;61;75
HERBLAY CHRONODRIVE 444;ENT V DHL;59;60
HERBLAY CHRONODRIVE 444;ENT V GEODIS;64;75
HERBLAY CHRONODRIVE 444;FACHES;224;140
HERBLAY CHRONODRIVE 444;FRANQUEVILLE CHRONODRIVE 4475;91;105
HERBLAY CHRONODRIVE 444;HERBLAY CHRONODRIVE 444;0;0
HERBLAY CHRONODRIVE 444;HIRSON;204;175
HERBLAY CHRONODRIVE 444;HOUILLES SUPER 1073;20;30
HERBLAY CHRONODRIVE 444;IFS CHRONODRIVE 4253;228;150
HERBLAY CHRONODRIVE 444;ILLKIRCH;517;325
HERBLAY CHRONODRIVE 444;KIRCHBERG;387;255
HERBLAY CHRONODRIVE 444;LA CLOCHE D'OR;379;250
HERBLAY CHRONODRIVE 444;LA QUEUE LES YVELINES SUPER 1096;62;75
HERBLAY CHRONODRIVE 444;LAXOU;366;255
HERBLAY CHRONODRIVE 444;LE HAVRE;194;140
HERBLAY CHRONODRIVE 444;LEERS;240;160
HERBLAY CHRONODRIVE 444;LONGUEIL SAINTE MARIE SUPER 4315;82;65
HERBLAY CHRONODRIVE 444;LOUVROIL;248;165
HERBLAY CHRONODRIVE 444;MAUREPAS SUPER 4492;43;45
HERBLAY CHRONODRIVE 444;MERU;38;45
HERBLAY CHRONODRIVE 444;MONT SAINT MARTIN;356;250
HERBLAY CHRONODRIVE 444;MONTIVILLIERS;189;130
HERBLAY CHRONODRIVE 444;NANCY CENTRE;372;270
HERBLAY CHRONODRIVE 444;NOGENT SUR OISE;54;60
HERBLAY CHRONODRIVE 444;NOYELLES GODAULT;202;130
HERBLAY CHRONODRIVE 444;OSNY;15;15
HERBLAY CHRONODRIVE 444;PETITE FORET;216;140
HERBLAY CHRONODRIVE 444;ROISSY;38;45
HERBLAY CHRONODRIVE 444;RONCQ;242;160
HERBLAY CHRONODRIVE 444;SCHWEIGHOUSE;506;315
HERBLAY CHRONODRIVE 444;SEMECOURT;342;215
HERBLAY CHRONODRIVE 444;SOISY;13;15
HERBLAY CHRONODRIVE 444;ST OMER;265;170
HERBLAY CHRONODRIVE 444;ST QUENTIN;172;115
HERBLAY CHRONODRIVE 444;STRASBOURG;515;320
HERBLAY CHRONODRIVE 444;TAVERNY;6;15
HERBLAY CHRONODRIVE 444;TOMBLAINE;413;270
HERBLAY CHRONODRIVE 444;VAL DE REUIL SUPER 1209;102;80
HERBLAY CHRONODRIVE 444;VALENCIENNES;215;140
HERBLAY CHRONODRIVE 444;VERNEUIL 1 VERGER SUPER 4981;21;30
HERBLAY CHRONODRIVE 444;VILLENEUVE 2;229;150
HERBLAY CHRONODRIVE 444;VIRY NOUREUIL;137;105
HIRSON;1267 CALAIS DELAROCHE SUPER;244;255
HIRSON;1297 HARNES SUPER;140;150
HIRSON;4313 CANTELEU SUPER;275;205
HIRSON;4536 LILLE WAZEMMES MY AUCHAN;131;120
HIRSON;4926 BILLY BERCLAU SUPER;135;130
HIRSON;4977 RUE SUPER;221;175
HIRSON;914 MARQUETTE LES PARTISANS DU GOUT;135;125
HIRSON;ARRAS;127;135
HIRSON;AUCHAN LUXEMBOURG SUPPLY;213;155
HIRSON;BEAUVAIS;206;160
HIRSON;BETHUNE;139;150
HIRSON;BOULOGNE;216;225
HIRSON;CAEN CHRONO 352;400;280
HIRSON;CALAIS;248;255
HIRSON;CAMBRAI;75;75
HIRSON;CERGY;210;180
HIRSON;CERGY CHRONODRIVE 469;215;180
HIRSON;CHERBOURG;516;365
HIRSON;CHRONO AVELIN 4361;128;135
HIRSON;CHRONO BONDUES 4703;139;125
HIRSON;CHRONO COUDEKERQUE 4242;203;210
HIRSON;CHRONO ELEU DIT LEAUWETTE 4462;145;150
HIRSON;CHRONO HALLENNES 4167;146;150
HIRSON;CHRONO IFS;397;280
HIRSON;CHRONO LAMBERSART 4424;143;150
HIRSON;CHRONO MARCQ 4128;137;125
HIRSON;CHRONO VALENCIENNES 4370;89;90
HIRSON;CHRONO WASQUEHAL 4303;131;135
HIRSON;CORMEILLES EN PARISIS CHRONODRIVE 413;201;175
HIRSON;DIEPPE;277;285
HIRSON;DIFFERDANGE;193;150
HIRSON;DOUAI;95;105
HIRSON;DRIVE ARRAS;114;120
HIRSON;DRIVE BEAUVAIS;206;160
HIRSON;DRIVE BETHUNE;139;150
HIRSON;DRIVE BOULOGNE;226;180
HIRSON;DRIVE CALAIS;218;225
HIRSON;DRIVE CAMBRAI;75;75
HIRSON;DRIVE CERGY;210;180
HIRSON;DRIVE CHERBOURG;516;365
HIRSON;DRIVE DIEPPE;259;210
HIRSON;DRIVE DOUAI;95;105
HIRSON;DRIVE DUNKERQUE;203;210
HIRSON;DRIVE DURY;167;180
HIRSON;DRIVE LE HAVRE;331;240
HIRSON;DRIVE LEERS;137;150
HIRSON;DRIVE LOUVROIL;53;60
HIRSON;DRIVE MONTIVILLIERS;321;235
HIRSON;DRIVE NOGENT SUR OISE;167;155
HIRSON;DRIVE NOYELLES;136;150
HIRSON;DRIVE OSNY;215;185
HIRSON;DRIVE PETITE FORET;86;90
HIRSON;DRIVE ROISSY;174;155
HIRSON;DRIVE RONCQ;140;150
HIRSON;DRIVE SCHWEIGHOUSE;407;275
HIRSON;DRIVE ST OMER;191;155
HIRSON;DRIVE TAVERNY;207;175
HIRSON;DRIVE VALENCIENNES;79;90
HIRSON;DRIVE VILLENEUVE D'ASCQ;125;110
HIRSON;DUNKERQUE;205;165
HIRSON;DURY;167;180
HIRSON;ENGLOS;138;150
HIRSON;ENT AMIENS BINAT;153;130
HIRSON;ENT AMIENS SAINT SAUVEUR FLEG;175;180
HIRSON;ENT AMIENS SAINT SAUVEUR PF;175;180
HIRSON;ENT AMIENS SUPER POULAINVILLE PGC;170;180
HIRSON;ENT CARVIN FL;151;165
HIRSON;ENT CARVIN PF;151;165
HIRSON;ENT IENA1;125;110
HIRSON;ENT IENA2;125;110
HIRSON;ENT MEYZIEU MEDLEY SUD;592;385
HIRSON;ENT SAINGHIN1;122;110
HIRSON;ENT SERRIS 2;210;150
HIRSON;ENT SOCOPAL DIEPPE;253;255
HIRSON;ENT V DHL;224;225
HIRSON;ENT V GEODIS;230;240
HIRSON;FACHES;128;135
HIRSON;FRANQUEVILLE CHRONODRIVE 4475;272;210
HIRSON;HERBLAY CHRONODRIVE 444;204;175
HIRSON;HIRSON;0;0
HIRSON;HOUILLES SUPER 1073;199;175
HIRSON;IFS CHRONODRIVE 4253;414;280
HIRSON;ILLKIRCH;421;285
HIRSON;KIRCHBERG;210;150
HIRSON;LA CLOCHE D'OR;201;145
HIRSON;LA QUEUE LES YVELINES SUPER 1096;238;205
HIRSON;LAXOU;312;225
HIRSON;LE CHESNAY PARLY 2 SUPER 1144;213;190
HIRSON;LE HAVRE;348;240
HIRSON;LEERS;137;150
HIRSON;LES MUREAUX HALLES AUCHAN;226;190
HIRSON;LONGUEIL SAINTE MARIE SUPER 4315;148;150
HIRSON;LOUVROIL;53;60
HIRSON;MAUREPAS SUPER 4492;227;200
HIRSON;MERS LES BAINS;228;240
HIRSON;MERU;249;175
HIRSON;MONT SAINT MARTIN;187;140
HIRSON;MONTIVILLIERS;342;235
HIRSON;NANCY CENTRE;313;230
HIRSON;NOGENT SUR OISE;169;155
HIRSON;NOYELLES GODAULT;110;120
HIRSON;NOYON;102;105
HIRSON;OSNY;214;180
HIRSON;PETITE FORET;86;90
HIRSON;ROISSY;178;150
HIRSON;RONCQ;140;150
HIRSON;SCHWEIGHOUSE;409;275
HIRSON;SEMECOURT;250;180
HIRSON;SOCOPAL;253;255
HIRSON;SOISY;194;170
HIRSON;ST QUENTIN;72;75
HIRSON;STRASBOURG;418;285
HIRSON;TAVERNY;206;175
HIRSON;TOMBLAINE;316;230
HIRSON;VAL DE REUIL SUPER 1209;315;230
HIRSON;VALENCIENNES;79;90
HIRSON;VERNEUIL 1 VERGER SUPER 4981;223;195
HIRSON;VIRY NOUREUIL;88;90
HOUILLES SUPER 1073;1186 ST QUENTIN SCHUMANN SUPER;171;120
HOUILLES SUPER 1073;1267 CALAIS DELAROCHE SUPER;283;180
HOUILLES SUPER 1073;1297 HARNES SUPER;205;135
HOUILLES SUPER 1073;4313 CANTELEU SUPER;129;135
HOUILLES SUPER 1073;4536 LILLE WAZEMMES MY AUCHAN;225;150
HOUILLES SUPER 1073;4926 BILLY BERCLAU SUPER;218;145
HOUILLES SUPER 1073;4977 RUE SUPER;199;130
HOUILLES SUPER 1073;914 MARQUETTE LES PARTISANS DU GOUT;230;155
HOUILLES SUPER 1073;ARRAS;188;130
HOUILLES SUPER 1073;AUCHAN CITY TOURCOING;236;160
HOUILLES SUPER 1073;AUCHAN LUXEMBOURG SUPPLY;366;245
HOUILLES SUPER 1073;BEAUVAIS;72;55
HOUILLES SUPER 1073;BETHUNE;217;140
HOUILLES SUPER 1073;BOULOGNE;265;170
HOUILLES SUPER 1073;CAEN CHRONO 352;227;145
HOUILLES SUPER 1073;CALAIS;279;175
HOUILLES SUPER 1073;CAMBRAI;183;125
HOUILLES SUPER 1073;CERGY;31;45
HOUILLES SUPER 1073;CERGY CHRONODRIVE 469;34;45
HOUILLES SUPER 1073;CHERBOURG;344;225
HOUILLES SUPER 1073;CHRONO AVELIN 4361;214;140
HOUILLES SUPER 1073;CHRONO BONDUES 4703;235;155
HOUILLES SUPER 1073;CHRONO COMPIEGNE 4345;81;60
HOUILLES SUPER 1073;CHRONO COUDEKERQUE 4242;299;195
HOUILLES SUPER 1073;CHRONO CROIX 4154;230;155
HOUILLES SUPER 1073;CHRONO ELEU DIT LEAUWETTE 4462;202;135
HOUILLES SUPER 1073;CHRONO HALLENNES 4167;224;150
HOUILLES SUPER 1073;CHRONO IFS;224;140
HOUILLES SUPER 1073;CHRONO LAMBERSART 4424;230;155
HOUILLES SUPER 1073;CHRONO MARCQ 4128;233;155
HOUILLES SUPER 1073;CHRONO VALENCIENNES 4370;211;140
HOUILLES SUPER 1073;CHRONO WASQUEHAL 4303;228;150
HOUILLES SUPER 1073;CORMEILLES EN PARISIS CHRONODRIVE 413;5;15
HOUILLES SUPER 1073;DIEPPE;186;130
HOUILLES SUPER 1073;DIFFERDANGE;354;250
HOUILLES SUPER 1073;DOUAI;201;140
HOUILLES SUPER 1073;DRIVE ARRAS;189;135
HOUILLES SUPER 1073;DRIVE BETHUNE;218;140
HOUILLES SUPER 1073;DRIVE BOULOGNE;252;160
HOUILLES SUPER 1073;DRIVE CALAIS;279;175
HOUILLES SUPER 1073;DRIVE CAMBRAI;183;125
HOUILLES SUPER 1073;DRIVE CHERBOURG;344;225
HOUILLES SUPER 1073;DRIVE DIEPPE;186;130
HOUILLES SUPER 1073;DRIVE DOUAI;201;140
HOUILLES SUPER 1073;DRIVE DUNKERQUE;299;195
HOUILLES SUPER 1073;DRIVE ENGLOS;232;155
HOUILLES SUPER 1073;DRIVE FACHES;217;140
HOUILLES SUPER 1073;DRIVE LE HAVRE;191;130
HOUILLES SUPER 1073;DRIVE LEERS;235;160
HOUILLES SUPER 1073;DRIVE LOUVROIL;244;160
HOUILLES SUPER 1073;DRIVE MONTIVILLIERS;186;125
HOUILLES SUPER 1073;DRIVE NOYELLES;196;130
HOUILLES SUPER 1073;DRIVE PETITE FORET;212;140
HOUILLES SUPER 1073;DRIVE ROISSY;29;30
HOUILLES SUPER 1073;DRIVE RONCQ;237;160
HOUILLES SUPER 1073;DRIVE SCHWEIGHOUSE;498;310
HOUILLES SUPER 1073;DRIVE ST OMER;260;170
HOUILLES SUPER 1073;DRIVE ST QUENTIN;166;110
HOUILLES SUPER 1073;DRIVE VALENCIENNES;209;135
HOUILLES SUPER 1073;DRIVE VILLENEUVE D'ASCQ;224;145
HOUILLES SUPER 1073;DUNKERQUE;299;195
HOUILLES SUPER 1073;DURY;131;135
HOUILLES SUPER 1073;ENGLOS;232;155
HOUILLES SUPER 1073;ENT AMIENS BINAT;136;150
HOUILLES SUPER 1073;ENT AMIENS SAINT SAUVEUR FLEG;142;150
HOUILLES SUPER 1073;ENT AMIENS SAINT SAUVEUR PF;142;150
HOUILLES SUPER 1073;ENT AMIENS SUPER POULAINVILLE PGC;137;150
HOUILLES SUPER 1073;ENT CARVIN FL;208;210
HOUILLES SUPER 1073;ENT CARVIN PF;208;210
HOUILLES SUPER 1073;ENT IENA;219;225
HOUILLES SUPER 1073;ENT IENA1;219;140
HOUILLES SUPER 1073;ENT IENA2;219;140
HOUILLES SUPER 1073;ENT MEYZIEU MEDLEY SUD;493;315
HOUILLES SUPER 1073;ENT SAINGHIN1;223;225
HOUILLES SUPER 1073;ENT SERRIS 1;56;60
HOUILLES SUPER 1073;ENT SERRIS 2;56;60
HOUILLES SUPER 1073;ENT V DHL;31;35
HOUILLES SUPER 1073;ENT V GEODIS;23;30
HOUILLES SUPER 1073;FACHES;218;140
HOUILLES SUPER 1073;FRANQUEVILLE CHRONODRIVE 4475;118;85
HOUILLES SUPER 1073;HERBLAY CHRONODRIVE 444;21;30
HOUILLES SUPER 1073;HIRSON;199;175
HOUILLES SUPER 1073;HOUILLES SUPER 1073;0;0
HOUILLES SUPER 1073;IFS CHRONODRIVE 4253;224;140
HOUILLES SUPER 1073;ILLKIRCH;512;320
HOUILLES SUPER 1073;KIRCHBERG;382;255
HOUILLES SUPER 1073;LA CLOCHE D'OR;374;250
HOUILLES SUPER 1073;LA QUEUE LES YVELINES SUPER 1096;45;45
HOUILLES SUPER 1073;LAXOU;362;255
HOUILLES SUPER 1073;LE HAVRE;191;125
HOUILLES SUPER 1073;LEERS;236;155
HOUILLES SUPER 1073;LES MUREAUX HALLES AUCHAN;32;45
HOUILLES SUPER 1073;LONGUEIL SAINTE MARIE SUPER 4315;75;75
HOUILLES SUPER 1073;LOUVROIL;243;160
HOUILLES SUPER 1073;MAUREPAS SUPER 4492;34;35
HOUILLES SUPER 1073;MERS LES BAINS;211;150
HOUILLES SUPER 1073;MONT SAINT MARTIN;351;245
HOUILLES SUPER 1073;MONTIVILLIERS;185;120
HOUILLES SUPER 1073;NANCY CENTRE;367;265
HOUILLES SUPER 1073;NOYELLES GODAULT;197;125
HOUILLES SUPER 1073;NOYON;110;80
HOUILLES SUPER 1073;PETITE FORET;211;135
HOUILLES SUPER 1073;ROISSY;30;30
HOUILLES SUPER 1073;RONCQ;237;160
HOUILLES SUPER 1073;SCHWEIGHOUSE;501;315
HOUILLES SUPER 1073;SEMECOURT;338;215
HOUILLES SUPER 1073;SOISY;17;30
HOUILLES SUPER 1073;ST OMER;260;170
HOUILLES SUPER 1073;ST QUENTIN;167;115
HOUILLES SUPER 1073;STRASBOURG;510;320
HOUILLES SUPER 1073;TOMBLAINE;408;270
HOUILLES SUPER 1073;VAL DE REUIL SUPER 1209;99;70
HOUILLES SUPER 1073;VALENCIENNES;210;135
HOUILLES SUPER 1073;VERNEUIL 1 VERGER SUPER 4981;29;30
HOUILLES SUPER 1073;VILLENEUVE 2;224;145
HOUILLES SUPER 1073;VIRY NOUREUIL;132;105
IFS CHRONODRIVE 4253;1186 ST QUENTIN SCHUMANN SUPER;330;210
IFS CHRONODRIVE 4253;1267 CALAIS DELAROCHE SUPER;344;215
IFS CHRONODRIVE 4253;1297 HARNES SUPER;366;230
IFS CHRONODRIVE 4253;4313 CANTELEU SUPER;128;85
IFS CHRONODRIVE 4253;4536 LILLE WAZEMMES MY AUCHAN;386;245
IFS CHRONODRIVE 4253;4926 BILLY BERCLAU SUPER;379;235
IFS CHRONODRIVE 4253;4977 RUE SUPER;259;165
IFS CHRONODRIVE 4253;914 MARQUETTE LES PARTISANS DU GOUT;391;250
IFS CHRONODRIVE 4253;ARRAS;313;220
IFS CHRONODRIVE 4253;AUCHAN CITY TOURCOING;397;250
IFS CHRONODRIVE 4253;AUCHAN LUXEMBOURG SUPPLY;587;380
IFS CHRONODRIVE 4253;BEAUVAIS;211;170
IFS CHRONODRIVE 4253;BETHUNE;378;235
IFS CHRONODRIVE 4253;BOULOGNE;326;200
IFS CHRONODRIVE 4253;CAEN CHRONO 352;3;15
IFS CHRONODRIVE 4253;CALAIS;339;210
IFS CHRONODRIVE 4253;CAMBRAI;345;220
IFS CHRONODRIVE 4253;CERGY;220;145
IFS CHRONODRIVE 4253;CERGY CHRONODRIVE 469;213;140
IFS CHRONODRIVE 4253;CHERBOURG;125;90
IFS CHRONODRIVE 4253;CHRONO AVELIN 4361;375;230
IFS CHRONODRIVE 4253;CHRONO BONDUES 4703;396;250
IFS CHRONODRIVE 4253;CHRONO COMPIEGNE 4345;302;195
IFS CHRONODRIVE 4253;CHRONO COUDEKERQUE 4242;382;235
IFS CHRONODRIVE 4253;CHRONO CROIX 4154;391;245
IFS CHRONODRIVE 4253;CHRONO ELEU DIT LEAUWETTE 4462;363;230
IFS CHRONODRIVE 4253;CHRONO HALLENNES 4167;385;245
IFS CHRONODRIVE 4253;CHRONO IFS;0;0
IFS CHRONODRIVE 4253;CHRONO LAMBERSART 4424;391;250
IFS CHRONODRIVE 4253;CHRONO MARCQ 4128;394;250
IFS CHRONODRIVE 4253;CHRONO VALENCIENNES 4370;372;235
IFS CHRONODRIVE 4253;CHRONO WASQUEHAL 4303;390;245
IFS CHRONODRIVE 4253;CORMEILLES EN PARISIS CHRONODRIVE 413;228;145
IFS CHRONODRIVE 4253;DIEPPE;183;120
IFS CHRONODRIVE 4253;DIFFERDANGE;575;385
IFS CHRONODRIVE 4253;DOUAI;362;230
IFS CHRONODRIVE 4253;DRIVE ARRAS;312;220
IFS CHRONODRIVE 4253;DRIVE BEAUVAIS;211;170
IFS CHRONODRIVE 4253;DRIVE BETHUNE;379;235
IFS CHRONODRIVE 4253;DRIVE BOULOGNE;312;190
IFS CHRONODRIVE 4253;DRIVE CALAIS;339;210
IFS CHRONODRIVE 4253;DRIVE CAMBRAI;345;220
IFS CHRONODRIVE 4253;DRIVE CERGY;219;145
IFS CHRONODRIVE 4253;DRIVE CHERBOURG;125;90
IFS CHRONODRIVE 4253;DRIVE DIEPPE;184;120
IFS CHRONODRIVE 4253;DRIVE DOUAI;362;230
IFS CHRONODRIVE 4253;DRIVE DUNKERQUE;376;235
IFS CHRONODRIVE 4253;DRIVE DURY;250;155
IFS CHRONODRIVE 4253;DRIVE ENGLOS;394;250
IFS CHRONODRIVE 4253;DRIVE FACHES;379;235
IFS CHRONODRIVE 4253;DRIVE LEERS;397;250
IFS CHRONODRIVE 4253;DRIVE LOUVROIL;405;255
IFS CHRONODRIVE 4253;DRIVE MONTIVILLIERS;91;65
IFS CHRONODRIVE 4253;DRIVE NOGENT SUR OISE;290;190
IFS CHRONODRIVE 4253;DRIVE NOYELLES;357;220
IFS CHRONODRIVE 4253;DRIVE NOYON;316;215
IFS CHRONODRIVE 4253;DRIVE OSNY;222;145
IFS CHRONODRIVE 4253;DRIVE PETITE FORET;373;235
IFS CHRONODRIVE 4253;DRIVE ROISSY;251;165
IFS CHRONODRIVE 4253;DRIVE RONCQ;399;250
IFS CHRONODRIVE 4253;DRIVE SCHWEIGHOUSE;720;445
IFS CHRONODRIVE 4253;DRIVE ST OMER;360;230
IFS CHRONODRIVE 4253;DRIVE ST QUENTIN;325;205
IFS CHRONODRIVE 4253;DRIVE TAVERNY;242;155
IFS CHRONODRIVE 4253;DRIVE VALENCIENNES;370;230
IFS CHRONODRIVE 4253;DRIVE VILLENEUVE D'ASCQ;385;240
IFS CHRONODRIVE 4253;DUNKERQUE;377;235
IFS CHRONODRIVE 4253;DURY;250;160
IFS CHRONODRIVE 4253;ENGLOS;393;250
IFS CHRONODRIVE 4253;ENT AMIENS BINAT;251;255
IFS CHRONODRIVE 4253;ENT AMIENS SAINT SAUVEUR FLEG;249;255
IFS CHRONODRIVE 4253;ENT AMIENS SAINT SAUVEUR PF;249;255
IFS CHRONODRIVE 4253;ENT AMIENS SUPER POULAINVILLE PGC;251;255
IFS CHRONODRIVE 4253;ENT CARVIN FL;368;230
IFS CHRONODRIVE 4253;ENT CARVIN PF;368;230
IFS CHRONODRIVE 4253;ENT IENA;381;235
IFS CHRONODRIVE 4253;ENT IENA1;381;235
IFS CHRONODRIVE 4253;ENT IENA2;381;235
IFS CHRONODRIVE 4253;ENT MEYZIEU MEDLEY SUD;700;435
IFS CHRONODRIVE 4253;ENT SAINGHIN1;381;390
IFS CHRONODRIVE 4253;ENT SERRIS 2;276;185
IFS CHRONODRIVE 4253;ENT V DHL;252;165
IFS CHRONODRIVE 4253;ENT V GEODIS;244;160
IFS CHRONODRIVE 4253;FACHES;379;235
IFS CHRONODRIVE 4253;HERBLAY CHRONODRIVE 444;228;150
IFS CHRONODRIVE 4253;HIRSON;414;280
IFS CHRONODRIVE 4253;HOUILLES SUPER 1073;224;140
IFS CHRONODRIVE 4253;IFS CHRONODRIVE 4253;0;0
IFS CHRONODRIVE 4253;ILLKIRCH;733;455
IFS CHRONODRIVE 4253;KIRCHBERG;603;390
IFS CHRONODRIVE 4253;LA CLOCHE D'OR;595;380
IFS CHRONODRIVE 4253;LA QUEUE LES YVELINES SUPER 1096;203;140
IFS CHRONODRIVE 4253;LAXOU;583;390
IFS CHRONODRIVE 4253;LE CHESNAY PARLY 2 SUPER 1144;219;135
IFS CHRONODRIVE 4253;LEERS;398;250
IFS CHRONODRIVE 4253;LES MUREAUX HALLES AUCHAN;197;120
IFS CHRONODRIVE 4253;LONGUEIL SAINTE MARIE SUPER 4315;298;195
IFS CHRONODRIVE 4253;LOUVROIL;405;255
IFS CHRONODRIVE 4253;MAUREPAS SUPER 4492;231;145
IFS CHRONODRIVE 4253;MERU;237;170
IFS CHRONODRIVE 4253;MONT SAINT MARTIN;572;380
IFS CHRONODRIVE 4253;NANCY CENTRE;588;400
IFS CHRONODRIVE 4253;NOGENT SUR OISE;290;190
IFS CHRONODRIVE 4253;NOYELLES GODAULT;359;220
IFS CHRONODRIVE 4253;NOYON;318;210
IFS CHRONODRIVE 4253;OSNY;222;145
IFS CHRONODRIVE 4253;PETITE FORET;373;230
IFS CHRONODRIVE 4253;ROISSY;250;160
IFS CHRONODRIVE 4253;RONCQ;399;255
IFS CHRONODRIVE 4253;SCHWEIGHOUSE;722;445
IFS CHRONODRIVE 4253;SEMECOURT;558;350
IFS CHRONODRIVE 4253;SOISY;235;155
IFS CHRONODRIVE 4253;ST OMER;361;230
IFS CHRONODRIVE 4253;ST QUENTIN;325;200
IFS CHRONODRIVE 4253;STRASBOURG;731;455
IFS CHRONODRIVE 4253;TAVERNY;232;155
IFS CHRONODRIVE 4253;TOMBLAINE;629;400
IFS CHRONODRIVE 4253;VAL DE REUIL SUPER 1209;134;85
IFS CHRONODRIVE 4253;VALENCIENNES;372;230
IFS CHRONODRIVE 4253;VERNEUIL 1 VERGER SUPER 4981;202;130
IFS CHRONODRIVE 4253;VILLENEUVE 2;387;240
IFS CHRONODRIVE 4253;VIRY NOUREUIL;350;220
ILLKIRCH;1186 ST QUENTIN SCHUMANN SUPER;454;280
ILLKIRCH;1267 CALAIS DELAROCHE SUPER;623;370
ILLKIRCH;1297 HARNES SUPER;536;325
ILLKIRCH;4313 CANTELEU SUPER;650;395
ILLKIRCH;4536 LILLE WAZEMMES MY AUCHAN;557;340
ILLKIRCH;4926 BILLY BERCLAU SUPER;546;330
ILLKIRCH;4977 RUE SUPER;595;365
ILLKIRCH;914 MARQUETTE LES PARTISANS DU GOUT;562;345
ILLKIRCH;ARRAS;533;325
ILLKIRCH;AUCHAN CITY TOURCOING;533;345
ILLKIRCH;AUCHAN LUXEMBOURG SUPPLY;217;145
ILLKIRCH;BEAUVAIS;557;350
ILLKIRCH;BETHUNE;549;330
ILLKIRCH;BOULOGNE;644;385
ILLKIRCH;CAEN CHRONO 352;736;460
ILLKIRCH;CALAIS;627;375
ILLKIRCH;CAMBRAI;499;305
ILLKIRCH;CERGY;525;330
ILLKIRCH;CERGY CHRONODRIVE 469;530;335
ILLKIRCH;CHERBOURG;853;540
ILLKIRCH;CHRONO AVELIN 4361;546;330
ILLKIRCH;CHRONO BONDUES 4703;567;345
ILLKIRCH;CHRONO COMPIEGNE 4345;456;315
ILLKIRCH;CHRONO COUDEKERQUE 4242;631;385
ILLKIRCH;CHRONO CROIX 4154;562;345
ILLKIRCH;CHRONO ELEU DIT LEAUWETTE 4462;533;320
ILLKIRCH;CHRONO HALLENNES 4167;556;340
ILLKIRCH;CHRONO IFS;733;455
ILLKIRCH;CHRONO LAMBERSART 4424;562;345
ILLKIRCH;CHRONO MARCQ 4128;565;345
ILLKIRCH;CHRONO VALENCIENNES 4370;486;315
ILLKIRCH;CHRONO WASQUEHAL 4303;560;340
ILLKIRCH;CORMEILLES EN PARISIS CHRONODRIVE 413;514;325
ILLKIRCH;DIEPPE;634;400
ILLKIRCH;DIFFERDANGE;233;240
ILLKIRCH;DOUAI;516;320
ILLKIRCH;DRIVE ARRAS;532;325
ILLKIRCH;DRIVE BEAUVAIS;557;350
ILLKIRCH;DRIVE BETHUNE;549;330
ILLKIRCH;DRIVE BOULOGNE;625;380
ILLKIRCH;DRIVE CALAIS;627;375
ILLKIRCH;DRIVE CAMBRAI;499;305
ILLKIRCH;DRIVE CERGY;525;330
ILLKIRCH;DRIVE CHERBOURG;853;540
ILLKIRCH;DRIVE DIEPPE;634;400
ILLKIRCH;DRIVE DOUAI;516;320
ILLKIRCH;DRIVE DUNKERQUE;631;385
ILLKIRCH;DRIVE DURY;525;320
ILLKIRCH;DRIVE ENGLOS;564;345
ILLKIRCH;DRIVE FACHES;549;330
ILLKIRCH;DRIVE LE HAVRE;706;430
ILLKIRCH;DRIVE LEERS;527;340
ILLKIRCH;DRIVE LOUVROIL;437;300
ILLKIRCH;DRIVE MONTIVILLIERS;696;425
ILLKIRCH;DRIVE NOGENT SUR OISE;497;330
ILLKIRCH;DRIVE NOYELLES;528;320
ILLKIRCH;DRIVE NOYON;469;300
ILLKIRCH;DRIVE OSNY;530;335
ILLKIRCH;DRIVE PETITE FORET;527;320
ILLKIRCH;DRIVE ROISSY;491;305
ILLKIRCH;DRIVE RONCQ;536;345
ILLKIRCH;DRIVE SCHWEIGHOUSE;40;45
ILLKIRCH;DRIVE ST OMER;591;360
ILLKIRCH;DRIVE TAVERNY;518;325
ILLKIRCH;DRIVE VALENCIENNES;491;315
ILLKIRCH;DRIVE VILLENEUVE D'ASCQ;523;335
ILLKIRCH;DUNKERQUE;631;385
ILLKIRCH;DURY;525;320
ILLKIRCH;ENGLOS;564;345
ILLKIRCH;ENT AMIENS SAINT SAUVEUR FLEG;533;325
ILLKIRCH;ENT AMIENS SAINT SAUVEUR PF;534;330
ILLKIRCH;ENT CARVIN FL;540;540
ILLKIRCH;ENT CARVIN PF;540;540
ILLKIRCH;ENT IENA;526;540
ILLKIRCH;ENT IENA1;551;335
ILLKIRCH;ENT IENA2;551;335
ILLKIRCH;ENT MEYZIEU MEDLEY SUD;480;295
ILLKIRCH;ENT SERRIS 1;458;465
ILLKIRCH;ENT SERRIS 2;460;280
ILLKIRCH;ENT SOCOPAL DIEPPE;616;380
ILLKIRCH;ENT V DHL;490;310
ILLKIRCH;ENT V GEODIS;497;315
ILLKIRCH;FACHES;549;330
ILLKIRCH;FRANQUEVILLE CHRONODRIVE 4475;647;400
ILLKIRCH;HERBLAY CHRONODRIVE 444;517;325
ILLKIRCH;HIRSON;421;285
ILLKIRCH;HOUILLES SUPER 1073;512;320
ILLKIRCH;IFS CHRONODRIVE 4253;733;455
ILLKIRCH;ILLKIRCH;0;0
ILLKIRCH;KIRCHBERG;231;150
ILLKIRCH;LA CLOCHE D'OR;210;210
ILLKIRCH;LA QUEUE LES YVELINES SUPER 1096;542;340
ILLKIRCH;LAXOU;164;120
ILLKIRCH;LE CHESNAY PARLY 2 SUPER 1144;515;330
ILLKIRCH;LE HAVRE;706;430
ILLKIRCH;LEERS;527;340
ILLKIRCH;LES MUREAUX HALLES AUCHAN;538;340
ILLKIRCH;LONGUEIL SAINTE MARIE SUPER 4315;463;325
ILLKIRCH;LOUVROIL;437;300
ILLKIRCH;MAUREPAS SUPER 4492;532;335
ILLKIRCH;MERS LES BAINS;608;385
ILLKIRCH;MERU;532;335
ILLKIRCH;MONT SAINT MARTIN;231;160
ILLKIRCH;MONTIVILLIERS;700;425
ILLKIRCH;NANCY CENTRE;160;115
ILLKIRCH;NOGENT SUR OISE;499;330
ILLKIRCH;NOYELLES GODAULT;527;315
ILLKIRCH;NOYON;469;300
ILLKIRCH;OSNY;529;335
ILLKIRCH;PETITE FORET;526;320
ILLKIRCH;ROISSY;493;305
ILLKIRCH;RONCQ;568;350
ILLKIRCH;SEMECOURT;177;115
ILLKIRCH;SOCOPAL;613;375
ILLKIRCH;SOISY;508;325
ILLKIRCH;ST OMER;591;360
ILLKIRCH;ST QUENTIN;455;275
ILLKIRCH;TAVERNY;516;325
ILLKIRCH;TOMBLAINE;161;120
ILLKIRCH;VAL DE REUIL SUPER 1209;607;385
ILLKIRCH;VALENCIENNES;491;315
ILLKIRCH;VERNEUIL 1 VERGER SUPER 4981;538;345
ILLKIRCH;VILLENEUVE 2;555;335
ILLKIRCH;VIRY NOUREUIL;446;275
KIRCHBERG;1186 ST QUENTIN SCHUMANN SUPER;323;215
KIRCHBERG;1267 CALAIS DELAROCHE SUPER;423;275
KIRCHBERG;1297 HARNES SUPER;333;220
KIRCHBERG;4313 CANTELEU SUPER;519;330
KIRCHBERG;4536 LILLE WAZEMMES MY AUCHAN;317;205
KIRCHBERG;4926 BILLY BERCLAU SUPER;346;225
KIRCHBERG;4977 RUE SUPER;465;295
KIRCHBERG;914 MARQUETTE LES PARTISANS DU GOUT;322;215
KIRCHBERG;ARRAS;361;230
KIRCHBERG;AUCHAN CITY TOURCOING;322;210
KIRCHBERG;AUCHAN LUXEMBOURG SUPPLY;17;30
KIRCHBERG;BEAUVAIS;427;285
KIRCHBERG;BETHUNE;378;240
KIRCHBERG;BOULOGNE;444;290
KIRCHBERG;CALAIS;428;280
KIRCHBERG;CAMBRAI;306;200
KIRCHBERG;CERGY;395;265
KIRCHBERG;CERGY CHRONODRIVE 469;400;265
KIRCHBERG;CHERBOURG;722;475
KIRCHBERG;CHRONO AVELIN 4361;320;205
KIRCHBERG;CHRONO BONDUES 4703;326;210
KIRCHBERG;CHRONO COMPIEGNE 4345;325;245
KIRCHBERG;CHRONO COUDEKERQUE 4242;391;255
KIRCHBERG;CHRONO CROIX 4154;319;210
KIRCHBERG;CHRONO ELEU DIT LEAUWETTE 4462;338;220
KIRCHBERG;CHRONO HALLENNES 4167;325;210
KIRCHBERG;CHRONO IFS;603;390
KIRCHBERG;CHRONO LAMBERSART 4424;322;215
KIRCHBERG;CHRONO MARCQ 4128;323;210
KIRCHBERG;CHRONO VALENCIENNES 4370;276;180
KIRCHBERG;CHRONO WASQUEHAL 4303;316;205
KIRCHBERG;CORMEILLES EN PARISIS CHRONODRIVE 413;386;390
KIRCHBERG;DIEPPE;504;330
KIRCHBERG;DIFFERDANGE;26;30
KIRCHBERG;DOUAI;319;205
KIRCHBERG;DRIVE ARRAS;360;230
KIRCHBERG;DRIVE BEAUVAIS;427;285
KIRCHBERG;DRIVE BETHUNE;378;240
KIRCHBERG;DRIVE BOULOGNE;454;285
KIRCHBERG;DRIVE CALAIS;427;275
KIRCHBERG;DRIVE CAMBRAI;308;200
KIRCHBERG;DRIVE CERGY;395;260
KIRCHBERG;DRIVE CHERBOURG;722;475
KIRCHBERG;DRIVE DIEPPE;504;330
KIRCHBERG;DRIVE DOUAI;319;205
KIRCHBERG;DRIVE DUNKERQUE;391;255
KIRCHBERG;DRIVE DURY;395;250
KIRCHBERG;DRIVE ENGLOS;324;215
KIRCHBERG;DRIVE FACHES;315;205
KIRCHBERG;DRIVE LE HAVRE;575;360
KIRCHBERG;DRIVE LEERS;316;205
KIRCHBERG;DRIVE LOUVROIL;226;165
KIRCHBERG;DRIVE MONTIVILLIERS;566;355
KIRCHBERG;DRIVE NOGENT SUR OISE;366;265
KIRCHBERG;DRIVE NOYELLES;328;215
KIRCHBERG;DRIVE NOYON;339;235
KIRCHBERG;DRIVE OSNY;400;270
KIRCHBERG;DRIVE PETITE FORET;286;185
KIRCHBERG;DRIVE ROISSY;361;240
KIRCHBERG;DRIVE RONCQ;325;210
KIRCHBERG;DRIVE SCHWEIGHOUSE;218;140
KIRCHBERG;DRIVE ST OMER;380;260
KIRCHBERG;DRIVE ST QUENTIN;325;210
KIRCHBERG;DRIVE TAVERNY;387;260
KIRCHBERG;DRIVE VALENCIENNES;280;180
KIRCHBERG;DRIVE VILLENEUVE D'ASCQ;312;200
KIRCHBERG;DUNKERQUE;391;255
KIRCHBERG;DURY;395;250
KIRCHBERG;ENGLOS;324;210
KIRCHBERG;ENT AMIENS SAINT SAUVEUR FLEG;403;255
KIRCHBERG;ENT AMIENS SAINT SAUVEUR PF;404;260
KIRCHBERG;ENT CARVIN FL;330;215
KIRCHBERG;ENT CARVIN PF;330;215
KIRCHBERG;ENT IENA1;315;205
KIRCHBERG;ENT IENA2;315;205
KIRCHBERG;ENT MEYZIEU MEDLEY SUD;534;335
KIRCHBERG;ENT SERRIS 1;330;330
KIRCHBERG;ENT SERRIS 2;330;210
KIRCHBERG;ENT SOCOPAL DIEPPE;486;310
KIRCHBERG;ENT V DHL;383;390
KIRCHBERG;ENT V GEODIS;384;390
KIRCHBERG;FACHES;315;205
KIRCHBERG;FRANQUEVILLE CHRONODRIVE 4475;516;330
KIRCHBERG;HERBLAY CHRONODRIVE 444;387;255
KIRCHBERG;HIRSON;210;150
KIRCHBERG;HOUILLES SUPER 1073;382;255
KIRCHBERG;IFS CHRONODRIVE 4253;603;390
KIRCHBERG;ILLKIRCH;231;150
KIRCHBERG;KIRCHBERG;0;0
KIRCHBERG;LA CLOCHE D'OR;11;15
KIRCHBERG;LA QUEUE LES YVELINES SUPER 1096;412;275
KIRCHBERG;LAXOU;124;90
KIRCHBERG;LE CHESNAY PARLY 2 SUPER 1144;385;265
KIRCHBERG;LE HAVRE;575;365
KIRCHBERG;LEERS;317;205
KIRCHBERG;LES MUREAUX HALLES AUCHAN;408;270
KIRCHBERG;LONGUEIL SAINTE MARIE SUPER 4315;332;255
KIRCHBERG;LOUVROIL;227;165
KIRCHBERG;MAUREPAS SUPER 4492;402;270
KIRCHBERG;MERS LES BAINS;478;315
KIRCHBERG;MERU;401;265
KIRCHBERG;MONT SAINT MARTIN;26;30
KIRCHBERG;MONTIVILLIERS;570;360
KIRCHBERG;NANCY CENTRE;125;95
KIRCHBERG;NOGENT SUR OISE;369;260
KIRCHBERG;NOYELLES GODAULT;328;215
KIRCHBERG;NOYON;338;230
KIRCHBERG;OSNY;399;265
KIRCHBERG;PETITE FORET;287;185
KIRCHBERG;ROISSY;363;240
KIRCHBERG;RONCQ;325;215
KIRCHBERG;SCHWEIGHOUSE;222;145
KIRCHBERG;SEMECOURT;56;60
KIRCHBERG;SOCOPAL;483;305
KIRCHBERG;SOISY;377;255
KIRCHBERG;ST OMER;382;260
KIRCHBERG;ST QUENTIN;324;205
KIRCHBERG;STRASBOURG;230;150
KIRCHBERG;TAVERNY;386;255
KIRCHBERG;TOMBLAINE;128;95
KIRCHBERG;VAL DE REUIL SUPER 1209;477;315
KIRCHBERG;VALENCIENNES;281;180
KIRCHBERG;VERNEUIL 1 VERGER SUPER 4981;408;275
KIRCHBERG;VILLENEUVE 2;313;205
KIRCHBERG;VIRY NOUREUIL;315;210
LA CLOCHE D'OR;1186 ST QUENTIN SCHUMANN SUPER;315;205
LA CLOCHE D'OR;1267 CALAIS DELAROCHE SUPER;415;265
LA CLOCHE D'OR;1297 HARNES SUPER;325;215
LA CLOCHE D'OR;4313 CANTELEU SUPER;511;320
LA CLOCHE D'OR;4536 LILLE WAZEMMES MY AUCHAN;309;200
LA CLOCHE D'OR;4926 BILLY BERCLAU SUPER;338;220
LA CLOCHE D'OR;4977 RUE SUPER;457;290
LA CLOCHE D'OR;914 MARQUETTE LES PARTISANS DU GOUT;314;205
LA CLOCHE D'OR;ARRAS;353;225
LA CLOCHE D'OR;AUCHAN CITY TOURCOING;314;205
LA CLOCHE D'OR;AUCHAN LUXEMBOURG SUPPLY;21;30
LA CLOCHE D'OR;BEAUVAIS;418;275
LA CLOCHE D'OR;BETHUNE;369;230
LA CLOCHE D'OR;BOULOGNE;436;280
LA CLOCHE D'OR;CAEN CHRONO 352;597;385
LA CLOCHE D'OR;CALAIS;419;270
LA CLOCHE D'OR;CAMBRAI;298;195
LA CLOCHE D'OR;CERGY;387;255
LA CLOCHE D'OR;CERGY CHRONODRIVE 469;392;260
LA CLOCHE D'OR;CHERBOURG;714;470
LA CLOCHE D'OR;CHRONO AVELIN 4361;312;200
LA CLOCHE D'OR;CHRONO BONDUES 4703;318;205
LA CLOCHE D'OR;CHRONO COMPIEGNE 4345;317;240
LA CLOCHE D'OR;CHRONO COUDEKERQUE 4242;383;245
LA CLOCHE D'OR;CHRONO CROIX 4154;311;205
LA CLOCHE D'OR;CHRONO ELEU DIT LEAUWETTE 4462;330;215
LA CLOCHE D'OR;CHRONO HALLENNES 4167;317;205
LA CLOCHE D'OR;CHRONO IFS;595;380
LA CLOCHE D'OR;CHRONO LAMBERSART 4424;314;210
LA CLOCHE D'OR;CHRONO MARCQ 4128;315;205
LA CLOCHE D'OR;CHRONO VALENCIENNES 4370;267;175
LA CLOCHE D'OR;CHRONO WASQUEHAL 4303;308;200
LA CLOCHE D'OR;CORMEILLES EN PARISIS CHRONODRIVE 413;376;250
LA CLOCHE D'OR;DIEPPE;495;325
LA CLOCHE D'OR;DIFFERDANGE;38;45
LA CLOCHE D'OR;DOUAI;310;200
LA CLOCHE D'OR;DRIVE ARRAS;352;225
LA CLOCHE D'OR;DRIVE BEAUVAIS;418;275
LA CLOCHE D'OR;DRIVE BETHUNE;370;235
LA CLOCHE D'OR;DRIVE BOULOGNE;446;280
LA CLOCHE D'OR;DRIVE CALAIS;419;270
LA CLOCHE D'OR;DRIVE CAMBRAI;300;195
LA CLOCHE D'OR;DRIVE CERGY;387;255
LA CLOCHE D'OR;DRIVE CHERBOURG;714;470
LA CLOCHE D'OR;DRIVE DIEPPE;496;325
LA CLOCHE D'OR;DRIVE DOUAI;310;200
LA CLOCHE D'OR;DRIVE DUNKERQUE;383;245
LA CLOCHE D'OR;DRIVE DURY;387;245
LA CLOCHE D'OR;DRIVE ENGLOS;316;205
LA CLOCHE D'OR;DRIVE FACHES;307;195
LA CLOCHE D'OR;DRIVE LE HAVRE;567;355
LA CLOCHE D'OR;DRIVE LEERS;308;200
LA CLOCHE D'OR;DRIVE LOUVROIL;218;160
LA CLOCHE D'OR;DRIVE MONTIVILLIERS;557;350
LA CLOCHE D'OR;DRIVE NOGENT SUR OISE;358;255
LA CLOCHE D'OR;DRIVE NOYELLES;320;210
LA CLOCHE D'OR;DRIVE NOYON;330;225
LA CLOCHE D'OR;DRIVE OSNY;392;260
LA CLOCHE D'OR;DRIVE PETITE FORET;278;180
LA CLOCHE D'OR;DRIVE ROISSY;352;235
LA CLOCHE D'OR;DRIVE RONCQ;317;205
LA CLOCHE D'OR;DRIVE SCHWEIGHOUSE;199;210
LA CLOCHE D'OR;DRIVE ST OMER;372;250
LA CLOCHE D'OR;DRIVE ST QUENTIN;316;200
LA CLOCHE D'OR;DRIVE TAVERNY;379;250
LA CLOCHE D'OR;DRIVE VALENCIENNES;272;175
LA CLOCHE D'OR;DRIVE VILLENEUVE D'ASCQ;303;195
LA CLOCHE D'OR;DUNKERQUE;383;245
LA CLOCHE D'OR;DURY;387;245
LA CLOCHE D'OR;ENGLOS;315;205
LA CLOCHE D'OR;ENT AMIENS SAINT SAUVEUR FLEG;394;250
LA CLOCHE D'OR;ENT AMIENS SAINT SAUVEUR PF;395;255
LA CLOCHE D'OR;ENT AMIENS SUPER POULAINVILLE PGC;391;250
LA CLOCHE D'OR;ENT CARVIN FL;322;210
LA CLOCHE D'OR;ENT CARVIN PF;322;210
LA CLOCHE D'OR;ENT IENA;319;330
LA CLOCHE D'OR;ENT IENA1;307;195
LA CLOCHE D'OR;ENT IENA2;307;195
LA CLOCHE D'OR;ENT MEYZIEU MEDLEY SUD;525;330
LA CLOCHE D'OR;ENT SAINGHIN1;307;200
LA CLOCHE D'OR;ENT SERRIS 2;322;205
LA CLOCHE D'OR;ENT SOCOPAL DIEPPE;478;305
LA CLOCHE D'OR;ENT V DHL;352;235
LA CLOCHE D'OR;ENT V GEODIS;400;405
LA CLOCHE D'OR;FACHES;307;200
LA CLOCHE D'OR;FRANQUEVILLE CHRONODRIVE 4475;508;325
LA CLOCHE D'OR;HERBLAY CHRONODRIVE 444;379;250
LA CLOCHE D'OR;HIRSON;201;145
LA CLOCHE D'OR;HOUILLES SUPER 1073;374;250
LA CLOCHE D'OR;IFS CHRONODRIVE 4253;595;380
LA CLOCHE D'OR;KIRCHBERG;11;15
LA CLOCHE D'OR;LA CLOCHE D'OR;0;0
LA CLOCHE D'OR;LA QUEUE LES YVELINES SUPER 1096;402;265
LA CLOCHE D'OR;LAXOU;114;85
LA CLOCHE D'OR;LE CHESNAY PARLY 2 SUPER 1144;375;255
LA CLOCHE D'OR;LE HAVRE;565;360
LA CLOCHE D'OR;LEERS;307;200
LA CLOCHE D'OR;LES MUREAUX HALLES AUCHAN;398;265
LA CLOCHE D'OR;LONGUEIL SAINTE MARIE SUPER 4315;322;250
LA CLOCHE D'OR;LOUVROIL;217;160
LA CLOCHE D'OR;MAUREPAS SUPER 4492;392;260
LA CLOCHE D'OR;MERS LES BAINS;468;310
LA CLOCHE D'OR;MERU;392;260
LA CLOCHE D'OR;MONT SAINT MARTIN;46;60
LA CLOCHE D'OR;MONTIVILLIERS;560;350
LA CLOCHE D'OR;NANCY CENTRE;115;90
LA CLOCHE D'OR;NOGENT SUR OISE;359;255
LA CLOCHE D'OR;NOYELLES GODAULT;319;210
LA CLOCHE D'OR;NOYON;328;225
LA CLOCHE D'OR;OSNY;389;260
LA CLOCHE D'OR;PETITE FORET;277;180
LA CLOCHE D'OR;ROISSY;353;230
LA CLOCHE D'OR;RONCQ;315;210
LA CLOCHE D'OR;SCHWEIGHOUSE;212;135
LA CLOCHE D'OR;SEMECOURT;65;75
LA CLOCHE D'OR;SOCOPAL;473;300
LA CLOCHE D'OR;SOISY;367;250
LA CLOCHE D'OR;ST OMER;373;255
LA CLOCHE D'OR;ST QUENTIN;314;200
LA CLOCHE D'OR;STRASBOURG;207;210
LA CLOCHE D'OR;TAVERNY;376;250
LA CLOCHE D'OR;TOMBLAINE;118;90
LA CLOCHE D'OR;VAL DE REUIL SUPER 1209;467;310
LA CLOCHE D'OR;VALENCIENNES;271;175
LA CLOCHE D'OR;VERNEUIL 1 VERGER SUPER 4981;398;270
LA CLOCHE D'OR;VILLENEUVE 2;304;200
LA CLOCHE D'OR;VIRY NOUREUIL;305;200
LA QUEUE LES YVELINES SUPER 1096;1186 ST QUENTIN SCHUMANN SUPER;209;155
LA QUEUE LES YVELINES SUPER 1096;1267 CALAIS DELAROCHE SUPER;317;215
LA QUEUE LES YVELINES SUPER 1096;1297 HARNES SUPER;243;170
LA QUEUE LES YVELINES SUPER 1096;4313 CANTELEU SUPER;107;90
LA QUEUE LES YVELINES SUPER 1096;4536 LILLE WAZEMMES MY AUCHAN;264;180
LA QUEUE LES YVELINES SUPER 1096;4926 BILLY BERCLAU SUPER;256;175
LA QUEUE LES YVELINES SUPER 1096;4977 RUE SUPER;232;165
LA QUEUE LES YVELINES SUPER 1096;914 MARQUETTE LES PARTISANS DU GOUT;268;190
LA QUEUE LES YVELINES SUPER 1096;ARRAS;227;165
LA QUEUE LES YVELINES SUPER 1096;AUCHAN CITY TOURCOING;274;190
LA QUEUE LES YVELINES SUPER 1096;AUCHAN LUXEMBOURG SUPPLY;396;265
LA QUEUE LES YVELINES SUPER 1096;BEAUVAIS;106;90
LA QUEUE LES YVELINES SUPER 1096;BETHUNE;256;175
LA QUEUE LES YVELINES SUPER 1096;BOULOGNE;299;200
LA QUEUE LES YVELINES SUPER 1096;CAEN CHRONO 352;206;140
LA QUEUE LES YVELINES SUPER 1096;CALAIS;313;210
LA QUEUE LES YVELINES SUPER 1096;CAMBRAI;222;155
LA QUEUE LES YVELINES SUPER 1096;CERGY;50;55
LA QUEUE LES YVELINES SUPER 1096;CHERBOURG;323;225
LA QUEUE LES YVELINES SUPER 1096;CHRONO AVELIN 4361;253;170
LA QUEUE LES YVELINES SUPER 1096;CHRONO BONDUES 4703;273;190
LA QUEUE LES YVELINES SUPER 1096;CHRONO COMPIEGNE 4345;119;95
LA QUEUE LES YVELINES SUPER 1096;CHRONO COUDEKERQUE 4242;338;230
LA QUEUE LES YVELINES SUPER 1096;CHRONO CROIX 4154;269;185
LA QUEUE LES YVELINES SUPER 1096;CHRONO ELEU DIT LEAUWETTE 4462;240;165
LA QUEUE LES YVELINES SUPER 1096;CHRONO HALLENNES 4167;263;185
LA QUEUE LES YVELINES SUPER 1096;CHRONO IFS;203;140
LA QUEUE LES YVELINES SUPER 1096;CHRONO LAMBERSART 4424;269;190
LA QUEUE LES YVELINES SUPER 1096;CHRONO MARCQ 4128;271;185
LA QUEUE LES YVELINES SUPER 1096;CHRONO VALENCIENNES 4370;249;175
LA QUEUE LES YVELINES SUPER 1096;CHRONO WASQUEHAL 4303;267;185
LA QUEUE LES YVELINES SUPER 1096;CORMEILLES EN PARISIS CHRONODRIVE 413;49;45
LA QUEUE LES YVELINES SUPER 1096;DIEPPE;165;125
LA QUEUE LES YVELINES SUPER 1096;DIFFERDANGE;385;270
LA QUEUE LES YVELINES SUPER 1096;DOUAI;239;170
LA QUEUE LES YVELINES SUPER 1096;DRIVE ARRAS;228;165
LA QUEUE LES YVELINES SUPER 1096;DRIVE BETHUNE;256;175
LA QUEUE LES YVELINES SUPER 1096;DRIVE BOULOGNE;285;190
LA QUEUE LES YVELINES SUPER 1096;DRIVE CALAIS;313;210
LA QUEUE LES YVELINES SUPER 1096;DRIVE CAMBRAI;222;155
LA QUEUE LES YVELINES SUPER 1096;DRIVE CHERBOURG;322;225
LA QUEUE LES YVELINES SUPER 1096;DRIVE DIEPPE;165;130
LA QUEUE LES YVELINES SUPER 1096;DRIVE DOUAI;239;170
LA QUEUE LES YVELINES SUPER 1096;DRIVE DUNKERQUE;337;230
LA QUEUE LES YVELINES SUPER 1096;DRIVE DURY;162;120
LA QUEUE LES YVELINES SUPER 1096;DRIVE ENGLOS;271;190
LA QUEUE LES YVELINES SUPER 1096;DRIVE FACHES;256;175
LA QUEUE LES YVELINES SUPER 1096;DRIVE LE HAVRE;170;125
LA QUEUE LES YVELINES SUPER 1096;DRIVE LEERS;274;190
LA QUEUE LES YVELINES SUPER 1096;DRIVE LOUVROIL;282;195
LA QUEUE LES YVELINES SUPER 1096;DRIVE MONTIVILLIERS;165;120
LA QUEUE LES YVELINES SUPER 1096;DRIVE NOGENT SUR OISE;108;90
LA QUEUE LES YVELINES SUPER 1096;DRIVE NOYELLES;234;160
LA QUEUE LES YVELINES SUPER 1096;DRIVE NOYON;148;115
LA QUEUE LES YVELINES SUPER 1096;DRIVE OSNY;56;60
LA QUEUE LES YVELINES SUPER 1096;DRIVE PETITE FORET;250;170
LA QUEUE LES YVELINES SUPER 1096;DRIVE ROISSY;69;65
LA QUEUE LES YVELINES SUPER 1096;DRIVE RONCQ;276;190
LA QUEUE LES YVELINES SUPER 1096;DRIVE SCHWEIGHOUSE;529;330
LA QUEUE LES YVELINES SUPER 1096;DRIVE ST OMER;298;200
LA QUEUE LES YVELINES SUPER 1096;DRIVE ST QUENTIN;205;145
LA QUEUE LES YVELINES SUPER 1096;DRIVE TAVERNY;62;55
LA QUEUE LES YVELINES SUPER 1096;DRIVE VALENCIENNES;247;170
LA QUEUE LES YVELINES SUPER 1096;DRIVE VILLENEUVE D'ASCQ;262;180
LA QUEUE LES YVELINES SUPER 1096;DUNKERQUE;338;230
LA QUEUE LES YVELINES SUPER 1096;DURY;162;120
LA QUEUE LES YVELINES SUPER 1096;ENGLOS;270;185
LA QUEUE LES YVELINES SUPER 1096;ENT AMIENS SAINT SAUVEUR FLEG;171;125
LA QUEUE LES YVELINES SUPER 1096;ENT AMIENS SAINT SAUVEUR PF;172;130
LA QUEUE LES YVELINES SUPER 1096;ENT CARVIN FL;245;170
LA QUEUE LES YVELINES SUPER 1096;ENT CARVIN PF;245;170
LA QUEUE LES YVELINES SUPER 1096;ENT IENA;258;175
LA QUEUE LES YVELINES SUPER 1096;ENT IENA1;258;175
LA QUEUE LES YVELINES SUPER 1096;ENT IENA2;258;175
LA QUEUE LES YVELINES SUPER 1096;ENT MEYZIEU MEDLEY SUD;502;315
LA QUEUE LES YVELINES SUPER 1096;ENT SAINGHIN1;261;180
LA QUEUE LES YVELINES SUPER 1096;ENT SERRIS 1;86;90
LA QUEUE LES YVELINES SUPER 1096;ENT SERRIS 2;85;70
LA QUEUE LES YVELINES SUPER 1096;ENT V DHL;70;65
LA QUEUE LES YVELINES SUPER 1096;ENT V GEODIS;65;60
LA QUEUE LES YVELINES SUPER 1096;FACHES;256;175
LA QUEUE LES YVELINES SUPER 1096;FRANQUEVILLE CHRONODRIVE 4475;97;85
LA QUEUE LES YVELINES SUPER 1096;HIRSON;238;205
LA QUEUE LES YVELINES SUPER 1096;IFS CHRONODRIVE 4253;203;140
LA QUEUE LES YVELINES SUPER 1096;ILLKIRCH;542;340
LA QUEUE LES YVELINES SUPER 1096;KIRCHBERG;412;275
LA QUEUE LES YVELINES SUPER 1096;LA CLOCHE D'OR;402;265
LA QUEUE LES YVELINES SUPER 1096;LA QUEUE LES YVELINES SUPER 1096;0;0
LA QUEUE LES YVELINES SUPER 1096;LAXOU;392;275
LA QUEUE LES YVELINES SUPER 1096;LE CHESNAY PARLY 2 SUPER 1144;30;30
LA QUEUE LES YVELINES SUPER 1096;LE HAVRE;171;125
LA QUEUE LES YVELINES SUPER 1096;LEERS;274;190
LA QUEUE LES YVELINES SUPER 1096;LES MUREAUX HALLES AUCHAN;49;35
LA QUEUE LES YVELINES SUPER 1096;LONGUEIL SAINTE MARIE SUPER 4315;116;95
LA QUEUE LES YVELINES SUPER 1096;LOUVROIL;282;195
LA QUEUE LES YVELINES SUPER 1096;MAUREPAS SUPER 4492;19;30
LA QUEUE LES YVELINES SUPER 1096;MERS LES BAINS;198;160
LA QUEUE LES YVELINES SUPER 1096;MERU;84;75
LA QUEUE LES YVELINES SUPER 1096;MONT SAINT MARTIN;381;265
LA QUEUE LES YVELINES SUPER 1096;MONTIVILLIERS;165;120
LA QUEUE LES YVELINES SUPER 1096;NANCY CENTRE;443;285
LA QUEUE LES YVELINES SUPER 1096;NOGENT SUR OISE;108;90
LA QUEUE LES YVELINES SUPER 1096;NOYELLES GODAULT;236;160
LA QUEUE LES YVELINES SUPER 1096;NOYON;149;115
LA QUEUE LES YVELINES SUPER 1096;OSNY;57;60
LA QUEUE LES YVELINES SUPER 1096;PETITE FORET;250;170
LA QUEUE LES YVELINES SUPER 1096;ROISSY;69;75
LA QUEUE LES YVELINES SUPER 1096;RONCQ;276;195
LA QUEUE LES YVELINES SUPER 1096;SCHWEIGHOUSE;531;330
LA QUEUE LES YVELINES SUPER 1096;SEMECOURT;368;230
LA QUEUE LES YVELINES SUPER 1096;SOISY;59;60
LA QUEUE LES YVELINES SUPER 1096;ST OMER;299;205
LA QUEUE LES YVELINES SUPER 1096;ST QUENTIN;206;145
LA QUEUE LES YVELINES SUPER 1096;STRASBOURG;540;335
LA QUEUE LES YVELINES SUPER 1096;TAVERNY;60;55
LA QUEUE LES YVELINES SUPER 1096;TOMBLAINE;438;285
LA QUEUE LES YVELINES SUPER 1096;VAL DE REUIL SUPER 1209;79;65
LA QUEUE LES YVELINES SUPER 1096;VALENCIENNES;249;170
LA QUEUE LES YVELINES SUPER 1096;VERNEUIL 1 VERGER SUPER 4981;41;40
LA QUEUE LES YVELINES SUPER 1096;VILLENEUVE 2;263;180
LA QUEUE LES YVELINES SUPER 1096;VIRY NOUREUIL;171;140
LAXOU;1186 ST QUENTIN SCHUMANN SUPER;303;215
LAXOU;1267 CALAIS DELAROCHE SUPER;472;305
LAXOU;1297 HARNES SUPER;386;260
LAXOU;4313 CANTELEU SUPER;499;330
LAXOU;4536 LILLE WAZEMMES MY AUCHAN;406;275
LAXOU;4926 BILLY BERCLAU SUPER;395;265
LAXOU;4977 RUE SUPER;444;295
LAXOU;914 MARQUETTE LES PARTISANS DU GOUT;411;280
LAXOU;ARRAS;382;255
LAXOU;AUCHAN CITY TOURCOING;417;280
LAXOU;AUCHAN LUXEMBOURG SUPPLY;108;80
LAXOU;BEAUVAIS;406;285
LAXOU;BETHUNE;398;265
LAXOU;CAEN CHRONO 352;585;390
LAXOU;CALAIS;476;310
LAXOU;CAMBRAI;348;240
LAXOU;CERGY;375;265
LAXOU;CERGY CHRONODRIVE 469;380;265
LAXOU;CHERBOURG;702;475
LAXOU;CHRONO AVELIN 4361;395;260
LAXOU;CHRONO BONDUES 4703;416;280
LAXOU;CHRONO COMPIEGNE 4345;305;245
LAXOU;CHRONO COUDEKERQUE 4242;480;320
LAXOU;CHRONO CROIX 4154;411;275
LAXOU;CHRONO ELEU DIT LEAUWETTE 4462;383;255
LAXOU;CHRONO HALLENNES 4167;405;275
LAXOU;CHRONO IFS;583;390
LAXOU;CHRONO LAMBERSART 4424;411;280
LAXOU;CHRONO MARCQ 4128;414;275
LAXOU;CHRONO VALENCIENNES 4370;375;255
LAXOU;CHRONO WASQUEHAL 4303;409;275
LAXOU;CORMEILLES EN PARISIS CHRONODRIVE 413;363;260
LAXOU;DIEPPE;483;330
LAXOU;DOUAI;365;255
LAXOU;DRIVE ARRAS;381;255
LAXOU;DRIVE BEAUVAIS;406;285
LAXOU;DRIVE BETHUNE;398;265
LAXOU;DRIVE BOULOGNE;475;310
LAXOU;DRIVE CALAIS;476;310
LAXOU;DRIVE CAMBRAI;348;240
LAXOU;DRIVE CERGY;374;265
LAXOU;DRIVE CHERBOURG;702;475
LAXOU;DRIVE DIEPPE;483;330
LAXOU;DRIVE DOUAI;365;255
LAXOU;DRIVE DUNKERQUE;480;320
LAXOU;DRIVE DURY;375;250
LAXOU;DRIVE ENGLOS;413;280
LAXOU;DRIVE FACHES;398;265
LAXOU;DRIVE LE HAVRE;555;365
LAXOU;DRIVE LEERS;418;280
LAXOU;DRIVE LOUVROIL;328;240
LAXOU;DRIVE MONTIVILLIERS;545;360
LAXOU;DRIVE NOGENT SUR OISE;346;265
LAXOU;DRIVE NOYELLES;377;250
LAXOU;DRIVE NOYON;318;235
LAXOU;DRIVE OSNY;380;270
LAXOU;DRIVE PETITE FORET;376;255
LAXOU;DRIVE ROISSY;340;240
LAXOU;DRIVE RONCQ;418;280
LAXOU;DRIVE SCHWEIGHOUSE;151;105
LAXOU;DRIVE ST OMER;440;290
LAXOU;DRIVE ST QUENTIN;304;210
LAXOU;DRIVE TAVERNY;367;260
LAXOU;DRIVE VALENCIENNES;374;250
LAXOU;DRIVE VILLENEUVE D'ASCQ;405;270
LAXOU;DUNKERQUE;480;320
LAXOU;DURY;374;255
LAXOU;ENGLOS;413;280
LAXOU;ENT AMIENS SAINT SAUVEUR FLEG;382;255
LAXOU;ENT AMIENS SAINT SAUVEUR PF;383;260
LAXOU;ENT CARVIN FL;387;260
LAXOU;ENT CARVIN PF;387;260
LAXOU;ENT IENA1;401;265
LAXOU;ENT IENA2;401;265
LAXOU;ENT MEYZIEU MEDLEY SUD;412;250
LAXOU;ENT SERRIS 2;309;210
LAXOU;ENT SOCOPAL DIEPPE;466;315
LAXOU;ENT V DHL;340;240
LAXOU;ENT V GEODIS;346;245
LAXOU;FACHES;399;265
LAXOU;FRANQUEVILLE CHRONODRIVE 4475;496;330
LAXOU;HERBLAY CHRONODRIVE 444;366;255
LAXOU;HIRSON;312;225
LAXOU;HOUILLES SUPER 1073;362;255
LAXOU;IFS CHRONODRIVE 4253;583;390
LAXOU;ILLKIRCH;164;120
LAXOU;KIRCHBERG;124;90
LAXOU;LA CLOCHE D'OR;114;85
LAXOU;LA QUEUE LES YVELINES SUPER 1096;392;275
LAXOU;LE CHESNAY PARLY 2 SUPER 1144;365;265
LAXOU;LE HAVRE;555;365
LAXOU;LEERS;416;280
LAXOU;LES MUREAUX HALLES AUCHAN;388;275
LAXOU;LONGUEIL SAINTE MARIE SUPER 4315;312;255
LAXOU;LOUVROIL;330;240
LAXOU;MAUREPAS SUPER 4492;382;270
LAXOU;MERS LES BAINS;458;315
LAXOU;MERU;382;270
LAXOU;MONT SAINT MARTIN;124;100
LAXOU;MONTIVILLIERS;550;360
LAXOU;NANCY CENTRE;7;15
LAXOU;NOGENT SUR OISE;349;260
LAXOU;NOYELLES GODAULT;377;250
LAXOU;NOYON;318;235
LAXOU;OSNY;379;265
LAXOU;PETITE FORET;376;250
LAXOU;ROISSY;343;240
LAXOU;RONCQ;417;280
LAXOU;SCHWEIGHOUSE;154;110
LAXOU;SEMECOURT;70;55
LAXOU;SOCOPAL;463;305
LAXOU;SOISY;357;255
LAXOU;ST OMER;441;290
LAXOU;ST QUENTIN;304;210
LAXOU;STRASBOURG;163;120
LAXOU;TOMBLAINE;10;20
LAXOU;VAL DE REUIL SUPER 1209;457;315
LAXOU;VALENCIENNES;374;250
LAXOU;VERNEUIL 1 VERGER SUPER 4981;388;275
LAXOU;VILLENEUVE 2;405;270
LAXOU;VIRY NOUREUIL;295;210
LE CHESNAY PARLY 2 SUPER 1144;1186 ST QUENTIN SCHUMANN SUPER;184;135
LE CHESNAY PARLY 2 SUPER 1144;1267 CALAIS DELAROCHE SUPER;295;195
LE CHESNAY PARLY 2 SUPER 1144;1297 HARNES SUPER;218;150
LE CHESNAY PARLY 2 SUPER 1144;4313 CANTELEU SUPER;123;85
LE CHESNAY PARLY 2 SUPER 1144;4536 LILLE WAZEMMES MY AUCHAN;238;165
LE CHESNAY PARLY 2 SUPER 1144;4926 BILLY BERCLAU SUPER;231;160
LE CHESNAY PARLY 2 SUPER 1144;4977 RUE SUPER;210;145
LE CHESNAY PARLY 2 SUPER 1144;914 MARQUETTE LES PARTISANS DU GOUT;243;170
LE CHESNAY PARLY 2 SUPER 1144;ARRAS;202;150
LE CHESNAY PARLY 2 SUPER 1144;AUCHAN CITY TOURCOING;249;175
LE CHESNAY PARLY 2 SUPER 1144;AUCHAN LUXEMBOURG SUPPLY;369;255
LE CHESNAY PARLY 2 SUPER 1144;BEAUVAIS;84;70
LE CHESNAY PARLY 2 SUPER 1144;BETHUNE;230;155
LE CHESNAY PARLY 2 SUPER 1144;BOULOGNE;277;185
LE CHESNAY PARLY 2 SUPER 1144;CAEN CHRONO 352;222;140
LE CHESNAY PARLY 2 SUPER 1144;CALAIS;291;190
LE CHESNAY PARLY 2 SUPER 1144;CAMBRAI;197;140
LE CHESNAY PARLY 2 SUPER 1144;CERGY CHRONODRIVE 469;34;40
LE CHESNAY PARLY 2 SUPER 1144;CHERBOURG;338;220
LE CHESNAY PARLY 2 SUPER 1144;CHRONO AVELIN 4361;227;155
LE CHESNAY PARLY 2 SUPER 1144;CHRONO BONDUES 4703;248;170
LE CHESNAY PARLY 2 SUPER 1144;CHRONO COMPIEGNE 4345;94;80
LE CHESNAY PARLY 2 SUPER 1144;CHRONO COUDEKERQUE 4242;313;210
LE CHESNAY PARLY 2 SUPER 1144;CHRONO CROIX 4154;243;170
LE CHESNAY PARLY 2 SUPER 1144;CHRONO ELEU DIT LEAUWETTE 4462;215;150
LE CHESNAY PARLY 2 SUPER 1144;CHRONO HALLENNES 4167;237;165
LE CHESNAY PARLY 2 SUPER 1144;CHRONO IFS;219;135
LE CHESNAY PARLY 2 SUPER 1144;CHRONO LAMBERSART 4424;243;170
LE CHESNAY PARLY 2 SUPER 1144;CHRONO MARCQ 4128;246;170
LE CHESNAY PARLY 2 SUPER 1144;CHRONO VALENCIENNES 4370;224;155
LE CHESNAY PARLY 2 SUPER 1144;CHRONO WASQUEHAL 4303;242;165
LE CHESNAY PARLY 2 SUPER 1144;CORMEILLES EN PARISIS CHRONODRIVE 413;23;30
LE CHESNAY PARLY 2 SUPER 1144;DIEPPE;180;125
LE CHESNAY PARLY 2 SUPER 1144;DIFFERDANGE;358;260
LE CHESNAY PARLY 2 SUPER 1144;DOUAI;214;155
LE CHESNAY PARLY 2 SUPER 1144;DRIVE ARRAS;202;150
LE CHESNAY PARLY 2 SUPER 1144;DRIVE BEAUVAIS;84;70
LE CHESNAY PARLY 2 SUPER 1144;DRIVE BETHUNE;231;160
LE CHESNAY PARLY 2 SUPER 1144;DRIVE BOULOGNE;263;175
LE CHESNAY PARLY 2 SUPER 1144;DRIVE CALAIS;291;190
LE CHESNAY PARLY 2 SUPER 1144;DRIVE CAMBRAI;197;140
LE CHESNAY PARLY 2 SUPER 1144;DRIVE CHERBOURG;338;220
LE CHESNAY PARLY 2 SUPER 1144;DRIVE DIEPPE;181;125
LE CHESNAY PARLY 2 SUPER 1144;DRIVE DOUAI;214;155
LE CHESNAY PARLY 2 SUPER 1144;DRIVE DUNKERQUE;312;210
LE CHESNAY PARLY 2 SUPER 1144;DRIVE DURY;140;105
LE CHESNAY PARLY 2 SUPER 1144;DRIVE ENGLOS;246;170
LE CHESNAY PARLY 2 SUPER 1144;DRIVE FACHES;231;155
LE CHESNAY PARLY 2 SUPER 1144;DRIVE LE HAVRE;186;120
LE CHESNAY PARLY 2 SUPER 1144;DRIVE LEERS;249;175
LE CHESNAY PARLY 2 SUPER 1144;DRIVE LOUVROIL;257;180
LE CHESNAY PARLY 2 SUPER 1144;DRIVE MONTIVILLIERS;181;120
LE CHESNAY PARLY 2 SUPER 1144;DRIVE NOGENT SUR OISE;82;75
LE CHESNAY PARLY 2 SUPER 1144;DRIVE NOYELLES;209;145
LE CHESNAY PARLY 2 SUPER 1144;DRIVE NOYON;123;100
LE CHESNAY PARLY 2 SUPER 1144;DRIVE OSNY;34;40
LE CHESNAY PARLY 2 SUPER 1144;DRIVE PETITE FORET;225;155
LE CHESNAY PARLY 2 SUPER 1144;DRIVE ROISSY;43;45
LE CHESNAY PARLY 2 SUPER 1144;DRIVE RONCQ;251;175
LE CHESNAY PARLY 2 SUPER 1144;DRIVE SCHWEIGHOUSE;502;320
LE CHESNAY PARLY 2 SUPER 1144;DRIVE ST OMER;273;185
LE CHESNAY PARLY 2 SUPER 1144;DRIVE ST QUENTIN;180;130
LE CHESNAY PARLY 2 SUPER 1144;DRIVE TAVERNY;37;35
LE CHESNAY PARLY 2 SUPER 1144;DRIVE VALENCIENNES;222;150
LE CHESNAY PARLY 2 SUPER 1144;DRIVE VILLENEUVE D'ASCQ;237;160
LE CHESNAY PARLY 2 SUPER 1144;DUNKERQUE;313;210
LE CHESNAY PARLY 2 SUPER 1144;DURY;140;105
LE CHESNAY PARLY 2 SUPER 1144;ENGLOS;245;170
LE CHESNAY PARLY 2 SUPER 1144;ENT AMIENS SAINT SAUVEUR FLEG;149;110
LE CHESNAY PARLY 2 SUPER 1144;ENT AMIENS SAINT SAUVEUR PF;150;110
LE CHESNAY PARLY 2 SUPER 1144;ENT CARVIN FL;220;150
LE CHESNAY PARLY 2 SUPER 1144;ENT CARVIN PF;220;150
LE CHESNAY PARLY 2 SUPER 1144;ENT IENA;233;160
LE CHESNAY PARLY 2 SUPER 1144;ENT IENA1;233;160
LE CHESNAY PARLY 2 SUPER 1144;ENT IENA2;233;160
LE CHESNAY PARLY 2 SUPER 1144;ENT MEYZIEU MEDLEY SUD;480;305
LE CHESNAY PARLY 2 SUPER 1144;ENT SAINGHIN1;236;165
LE CHESNAY PARLY 2 SUPER 1144;ENT SERRIS 1;58;60
LE CHESNAY PARLY 2 SUPER 1144;ENT SERRIS 2;58;60
LE CHESNAY PARLY 2 SUPER 1144;ENT V DHL;49;60
LE CHESNAY PARLY 2 SUPER 1144;ENT V GEODIS;49;60
LE CHESNAY PARLY 2 SUPER 1144;FACHES;231;155
LE CHESNAY PARLY 2 SUPER 1144;FRANQUEVILLE CHRONODRIVE 4475;113;80
LE CHESNAY PARLY 2 SUPER 1144;HERBLAY CHRONODRIVE 444;37;45
LE CHESNAY PARLY 2 SUPER 1144;HIRSON;213;190
LE CHESNAY PARLY 2 SUPER 1144;HOUILLES SUPER 1073;19;30
LE CHESNAY PARLY 2 SUPER 1144;IFS CHRONODRIVE 4253;219;135
LE CHESNAY PARLY 2 SUPER 1144;ILLKIRCH;515;330
LE CHESNAY PARLY 2 SUPER 1144;KIRCHBERG;385;265
LE CHESNAY PARLY 2 SUPER 1144;LA CLOCHE D'OR;375;255
LE CHESNAY PARLY 2 SUPER 1144;LA QUEUE LES YVELINES SUPER 1096;29;30
LE CHESNAY PARLY 2 SUPER 1144;LAXOU;365;265
LE CHESNAY PARLY 2 SUPER 1144;LE CHESNAY PARLY 2 SUPER 1144;0;0
LE CHESNAY PARLY 2 SUPER 1144;LE HAVRE;186;125
LE CHESNAY PARLY 2 SUPER 1144;LEERS;248;170
LE CHESNAY PARLY 2 SUPER 1144;LES MUREAUX HALLES AUCHAN;25;20
LE CHESNAY PARLY 2 SUPER 1144;LONGUEIL SAINTE MARIE SUPER 4315;89;75
LE CHESNAY PARLY 2 SUPER 1144;LOUVROIL;256;175
LE CHESNAY PARLY 2 SUPER 1144;MAUREPAS SUPER 4492;19;30
LE CHESNAY PARLY 2 SUPER 1144;MERS LES BAINS;213;155
LE CHESNAY PARLY 2 SUPER 1144;MERU;61;55
LE CHESNAY PARLY 2 SUPER 1144;MONT SAINT MARTIN;352;255
LE CHESNAY PARLY 2 SUPER 1144;MONTIVILLIERS;181;120
LE CHESNAY PARLY 2 SUPER 1144;NANCY CENTRE;368;275
LE CHESNAY PARLY 2 SUPER 1144;NOGENT SUR OISE;82;70
LE CHESNAY PARLY 2 SUPER 1144;NOYELLES GODAULT;209;140
LE CHESNAY PARLY 2 SUPER 1144;NOYON;123;95
LE CHESNAY PARLY 2 SUPER 1144;PETITE FORET;223;150
LE CHESNAY PARLY 2 SUPER 1144;ROISSY;42;45
LE CHESNAY PARLY 2 SUPER 1144;RONCQ;250;175
LE CHESNAY PARLY 2 SUPER 1144;SCHWEIGHOUSE;502;320
LE CHESNAY PARLY 2 SUPER 1144;SEMECOURT;338;220
LE CHESNAY PARLY 2 SUPER 1144;ST OMER;273;185
LE CHESNAY PARLY 2 SUPER 1144;ST QUENTIN;180;130
LE CHESNAY PARLY 2 SUPER 1144;STRASBOURG;510;325
LE CHESNAY PARLY 2 SUPER 1144;TAVERNY;36;45
LE CHESNAY PARLY 2 SUPER 1144;TOMBLAINE;409;275
LE CHESNAY PARLY 2 SUPER 1144;VAL DE REUIL SUPER 1209;94;65
LE CHESNAY PARLY 2 SUPER 1144;VALENCIENNES;222;150
LE CHESNAY PARLY 2 SUPER 1144;VILLENEUVE 2;237;160
LE CHESNAY PARLY 2 SUPER 1144;VIRY NOUREUIL;145;120
LE HAVRE;1186 ST QUENTIN SCHUMANN SUPER;263;175
LE HAVRE;1267 CALAIS DELAROCHE SUPER;277;175
LE HAVRE;1297 HARNES SUPER;299;190
LE HAVRE;4313 CANTELEU SUPER;91;105
LE HAVRE;4536 LILLE WAZEMMES MY AUCHAN;320;205
LE HAVRE;4926 BILLY BERCLAU SUPER;313;200
LE HAVRE;4977 RUE SUPER;192;125
LE HAVRE;914 MARQUETTE LES PARTISANS DU GOUT;325;210
LE HAVRE;ARRAS;256;270
LE HAVRE;AUCHAN LUXEMBOURG SUPPLY;560;355
LE HAVRE;BETHUNE;312;200
LE HAVRE;BOULOGNE;249;255
LE HAVRE;CAEN CHRONO 352;93;105
LE HAVRE;CALAIS;282;285
LE HAVRE;CAMBRAI;278;180
LE HAVRE;CERGY CHRONODRIVE 469;179;130
LE HAVRE;CHERBOURG;212;225
LE HAVRE;CHRONO AVELIN 4361;309;195
LE HAVRE;CHRONO COMPIEGNE 4345;271;185
LE HAVRE;CHRONO COUDEKERQUE 4242;321;330
LE HAVRE;CHRONO CROIX 4154;325;210
LE HAVRE;CHRONO ELEU DIT LEAUWETTE 4462;297;190
LE HAVRE;CHRONO HALLENNES 4167;294;300
LE HAVRE;CHRONO IFS;96;105
LE HAVRE;CHRONO LAMBERSART 4424;325;215
LE HAVRE;CHRONO MARCQ 4128;328;210
LE HAVRE;CHRONO VALENCIENNES 4370;306;195
LE HAVRE;CHRONO WASQUEHAL 4303;323;205
LE HAVRE;CORMEILLES EN PARISIS CHRONODRIVE 413;194;130
LE HAVRE;DIEPPE;116;120
LE HAVRE;DIFFERDANGE;548;360
LE HAVRE;DOUAI;296;300
LE HAVRE;DRIVE ARRAS;246;185
LE HAVRE;DRIVE BEAUVAIS;180;150
LE HAVRE;DRIVE BETHUNE;313;200
LE HAVRE;DRIVE BOULOGNE;246;255
LE HAVRE;DRIVE CALAIS;273;170
LE HAVRE;DRIVE CAMBRAI;278;180
LE HAVRE;DRIVE CERGY;185;130
LE HAVRE;DRIVE CHERBOURG;212;225
LE HAVRE;DRIVE DIEPPE;117;120
LE HAVRE;DRIVE DOUAI;296;300
LE HAVRE;DRIVE DUNKERQUE;312;315
LE HAVRE;DRIVE DURY;185;195
LE HAVRE;DRIVE ENGLOS;327;210
LE HAVRE;DRIVE FACHES;312;195
LE HAVRE;DRIVE LE HAVRE;2;15
LE HAVRE;DRIVE LOUVROIL;339;220
LE HAVRE;DRIVE MONTIVILLIERS;10;15
LE HAVRE;DRIVE NOGENT SUR OISE;216;170
LE HAVRE;DRIVE NOYELLES;291;185
LE HAVRE;DRIVE NOYON;250;175
LE HAVRE;DRIVE OSNY;189;135
LE HAVRE;DRIVE PETITE FORET;307;195
LE HAVRE;DRIVE ROISSY;218;150
LE HAVRE;DRIVE RONCQ;312;315
LE HAVRE;DRIVE SCHWEIGHOUSE;692;420
LE HAVRE;DRIVE ST OMER;294;190
LE HAVRE;DRIVE ST QUENTIN;259;165
LE HAVRE;DRIVE VALENCIENNES;307;315
LE HAVRE;DRIVE VILLENEUVE D'ASCQ;319;205
LE HAVRE;DUNKERQUE;313;315
LE HAVRE;DURY;185;195
LE HAVRE;ENT AMIENS SAINT SAUVEUR FLEG;187;195
LE HAVRE;ENT AMIENS SAINT SAUVEUR PF;187;195
LE HAVRE;ENT AMIENS SUPER POULAINVILLE PGC;190;195
LE HAVRE;ENT CARVIN FL;305;315
LE HAVRE;ENT CARVIN PF;305;315
LE HAVRE;ENT IENA;314;200
LE HAVRE;ENT IENA1;314;200
LE HAVRE;ENT IENA2;314;200
LE HAVRE;ENT MEYZIEU MEDLEY SUD;666;420
LE HAVRE;ENT SAINGHIN1;297;300
LE HAVRE;ENT SERRIS 1;241;255
LE HAVRE;ENT SERRIS 2;242;170
LE HAVRE;ENT V DHL;238;240
LE HAVRE;ENT V GEODIS;210;150
LE HAVRE;FACHES;292;300
LE HAVRE;FRANQUEVILLE CHRONODRIVE 4475;98;105
LE HAVRE;HERBLAY CHRONODRIVE 444;194;140
LE HAVRE;HIRSON;348;240
LE HAVRE;HOUILLES SUPER 1073;191;125
LE HAVRE;IFS CHRONODRIVE 4253;96;105
LE HAVRE;ILLKIRCH;706;430
LE HAVRE;KIRCHBERG;575;365
LE HAVRE;LA CLOCHE D'OR;565;360
LE HAVRE;LA QUEUE LES YVELINES SUPER 1096;171;125
LE HAVRE;LAXOU;555;365
LE HAVRE;LE CHESNAY PARLY 2 SUPER 1144;186;125
LE HAVRE;LE HAVRE;0;0
LE HAVRE;LES MUREAUX HALLES AUCHAN;164;110
LE HAVRE;LONGUEIL SAINTE MARIE SUPER 4315;236;240
LE HAVRE;LOUVROIL;340;345
LE HAVRE;MAUREPAS SUPER 4492;199;135
LE HAVRE;MERS LES BAINS;144;150
LE HAVRE;MERU;204;155
LE HAVRE;MONT SAINT MARTIN;560;355
LE HAVRE;MONTIVILLIERS;11;15
LE HAVRE;NANCY CENTRE;561;375
LE HAVRE;NOGENT SUR OISE;270;170
LE HAVRE;NOYELLES GODAULT;271;285
LE HAVRE;NOYON;254;255
LE HAVRE;OSNY;189;135
LE HAVRE;PETITE FORET;307;195
LE HAVRE;ROISSY;218;150
LE HAVRE;RONCQ;312;315
LE HAVRE;SCHWEIGHOUSE;695;420
LE HAVRE;SEMECOURT;531;325
LE HAVRE;SOISY;205;210
LE HAVRE;ST OMER;256;270
LE HAVRE;ST QUENTIN;259;270
LE HAVRE;STRASBOURG;704;430
LE HAVRE;TAVERNY;199;140
LE HAVRE;TOMBLAINE;602;375
LE HAVRE;VAL DE REUIL SUPER 1209;102;105
LE HAVRE;VALENCIENNES;307;315
LE HAVRE;VERNEUIL 1 VERGER SUPER 4981;170;115
LE HAVRE;VILLENEUVE 2;298;300
LE HAVRE;VIRY NOUREUIL;277;285
LEERS;1186 ST QUENTIN SCHUMANN SUPER;121;135
LEERS;1297 HARNES SUPER;40;45
LEERS;4313 CANTELEU SUPER;276;180
LEERS;4536 LILLE WAZEMMES MY AUCHAN;18;30
LEERS;4926 BILLY BERCLAU SUPER;46;60
LEERS;4977 RUE SUPER;158;140
LEERS;914 MARQUETTE LES PARTISANS DU GOUT;17;30
LEERS;ARRAS;66;75
LEERS;AUCHAN CITY TOURCOING;10;15
LEERS;AUCHAN LUXEMBOURG SUPPLY;320;210
LEERS;BETHUNE;60;60
LEERS;BOULOGNE;130;135
LEERS;CAEN CHRONO 352;401;255
LEERS;CALAIS;133;135
LEERS;CAMBRAI;81;90
LEERS;CERGY;241;160
LEERS;CERGY CHRONODRIVE 469;246;165
LEERS;CHERBOURG;517;340
LEERS;CHRONO AVELIN 4361;25;30
LEERS;CHRONO BONDUES 4703;16;30
LEERS;CHRONO COMPIEGNE 4345;168;110
LEERS;CHRONO COUDEKERQUE 4242;85;90
LEERS;CHRONO CROIX 4154;8;15
LEERS;CHRONO ELEU DIT LEAUWETTE 4462;50;60
LEERS;CHRONO HALLENNES 4167;30;30
LEERS;CHRONO IFS;398;250
LEERS;CHRONO LAMBERSART 4424;21;30
LEERS;CHRONO MARCQ 4128;16;30
LEERS;CHRONO VALENCIENNES 4370;59;60
LEERS;CHRONO WASQUEHAL 4303;11;15
LEERS;CORMEILLES EN PARISIS CHRONODRIVE 413;237;160
LEERS;DIEPPE;260;185
LEERS;DIFFERDANGE;300;205
LEERS;DOUAI;52;60
LEERS;DRIVE ARRAS;66;75
LEERS;DRIVE BEAUVAIS;207;135
LEERS;DRIVE BETHUNE;60;60
LEERS;DRIVE BOULOGNE;132;135
LEERS;DRIVE CALAIS;130;135
LEERS;DRIVE CAMBRAI;81;90
LEERS;DRIVE CERGY;241;160
LEERS;DRIVE CHERBOURG;517;340
LEERS;DRIVE DIEPPE;260;185
LEERS;DRIVE DOUAI;52;60
LEERS;DRIVE DUNKERQUE;93;105
LEERS;DRIVE DURY;151;105
LEERS;DRIVE ENGLOS;26;30
LEERS;DRIVE FACHES;19;30
LEERS;DRIVE LEERS;0;0
LEERS;DRIVE LOUVROIL;94;105
LEERS;DRIVE NOGENT SUR OISE;186;125
LEERS;DRIVE NOYELLES;41;45
LEERS;DRIVE OSNY;246;165
LEERS;DRIVE PETITE FORET;54;60
LEERS;DRIVE ROISSY;210;135
LEERS;DRIVE RONCQ;14;15
LEERS;DRIVE SCHWEIGHOUSE;514;330
LEERS;DRIVE ST OMER;83;90
LEERS;DRIVE TAVERNY;237;155
LEERS;DRIVE VALENCIENNES;61;75
LEERS;DRIVE VILLENEUVE D'ASCQ;14;15
LEERS;DUNKERQUE;94;105
LEERS;DURY;149;150
LEERS;ENGLOS;26;30
LEERS;ENT AMIENS SAINT SAUVEUR FLEG;137;150
LEERS;ENT AMIENS SAINT SAUVEUR PF;137;150
LEERS;ENT AMIENS SUPER POULAINVILLE PGC;132;135
LEERS;ENT CARVIN FL;34;45
LEERS;ENT CARVIN PF;34;45
LEERS;ENT IENA;20;20
LEERS;ENT IENA1;18;30
LEERS;ENT IENA2;18;30
LEERS;ENT MEYZIEU MEDLEY SUD;712;430
LEERS;ENT SAINGHIN1;19;20
LEERS;ENT SERRIS 2;248;165
LEERS;ENT SOCOPAL DIEPPE;235;240
LEERS;ENT V DHL;265;270
LEERS;ENT V GEODIS;265;270
LEERS;FACHES;19;30
LEERS;FRANQUEVILLE CHRONODRIVE 4475;273;180
LEERS;HERBLAY CHRONODRIVE 444;240;160
LEERS;HIRSON;137;150
LEERS;HOUILLES SUPER 1073;236;155
LEERS;IFS CHRONODRIVE 4253;398;250
LEERS;ILLKIRCH;527;340
LEERS;KIRCHBERG;317;205
LEERS;LA CLOCHE D'OR;307;200
LEERS;LA QUEUE LES YVELINES SUPER 1096;274;190
LEERS;LAXOU;416;280
LEERS;LE CHESNAY PARLY 2 SUPER 1144;248;170
LEERS;LE HAVRE;331;345
LEERS;LEERS;0;0
LEERS;LES MUREAUX HALLES AUCHAN;262;175
LEERS;LONGUEIL SAINTE MARIE SUPER 4315;165;110
LEERS;LOUVROIL;94;105
LEERS;MAUREPAS SUPER 4492;263;185
LEERS;MERS LES BAINS;232;165
LEERS;MONT SAINT MARTIN;293;195
LEERS;MONTIVILLIERS;324;330
LEERS;NANCY CENTRE;420;285
LEERS;NOGENT SUR OISE;188;125
LEERS;NOYELLES GODAULT;41;45
LEERS;NOYON;150;150
LEERS;OSNY;246;160
LEERS;PETITE FORET;54;60
LEERS;ROISSY;208;135
LEERS;RONCQ;14;15
LEERS;SCHWEIGHOUSE;516;330
LEERS;SEMECOURT;357;235
LEERS;SOCOPAL;235;240
LEERS;SOISY;230;155
LEERS;ST OMER;83;90
LEERS;ST QUENTIN;118;120
LEERS;STRASBOURG;525;335
LEERS;TAVERNY;238;155
LEERS;TOMBLAINE;423;285
LEERS;VAL DE REUIL SUPER 1209;298;200
LEERS;VALENCIENNES;61;75
LEERS;VERNEUIL 1 VERGER SUPER 4981;256;175
LEERS;VILLENEUVE 2;13;15
LEERS;VIRY NOUREUIL;146;150
LES MUREAUX HALLES AUCHAN;1186 ST QUENTIN SCHUMANN SUPER;197;140
LES MUREAUX HALLES AUCHAN;1267 CALAIS DELAROCHE SUPER;294;190
LES MUREAUX HALLES AUCHAN;1297 HARNES SUPER;231;155
LES MUREAUX HALLES AUCHAN;4313 CANTELEU SUPER;101;70
LES MUREAUX HALLES AUCHAN;4536 LILLE WAZEMMES MY AUCHAN;252;165
LES MUREAUX HALLES AUCHAN;4926 BILLY BERCLAU SUPER;244;160
LES MUREAUX HALLES AUCHAN;4977 RUE SUPER;209;140
LES MUREAUX HALLES AUCHAN;914 MARQUETTE LES PARTISANS DU GOUT;256;175
LES MUREAUX HALLES AUCHAN;ARRAS;215;150
LES MUREAUX HALLES AUCHAN;AUCHAN CITY TOURCOING;262;175
LES MUREAUX HALLES AUCHAN;AUCHAN LUXEMBOURG SUPPLY;392;265
LES MUREAUX HALLES AUCHAN;BEAUVAIS;81;90
LES MUREAUX HALLES AUCHAN;BETHUNE;244;160
LES MUREAUX HALLES AUCHAN;BOULOGNE;276;180
LES MUREAUX HALLES AUCHAN;CAEN CHRONO 352;199;125
LES MUREAUX HALLES AUCHAN;CALAIS;289;185
LES MUREAUX HALLES AUCHAN;CAMBRAI;210;140
LES MUREAUX HALLES AUCHAN;CERGY CHRONODRIVE 469;18;30
LES MUREAUX HALLES AUCHAN;CHERBOURG;316;205
LES MUREAUX HALLES AUCHAN;CHRONO AVELIN 4361;240;155
LES MUREAUX HALLES AUCHAN;CHRONO BONDUES 4703;261;175
LES MUREAUX HALLES AUCHAN;CHRONO COMPIEGNE 4345;107;80
LES MUREAUX HALLES AUCHAN;CHRONO COUDEKERQUE 4242;326;215
LES MUREAUX HALLES AUCHAN;CHRONO CROIX 4154;256;170
LES MUREAUX HALLES AUCHAN;CHRONO ELEU DIT LEAUWETTE 4462;228;150
LES MUREAUX HALLES AUCHAN;CHRONO HALLENNES 4167;251;170
LES MUREAUX HALLES AUCHAN;CHRONO IFS;197;120
LES MUREAUX HALLES AUCHAN;CHRONO LAMBERSART 4424;256;175
LES MUREAUX HALLES AUCHAN;CHRONO MARCQ 4128;259;170
LES MUREAUX HALLES AUCHAN;CHRONO VALENCIENNES 4370;237;160
LES MUREAUX HALLES AUCHAN;CHRONO WASQUEHAL 4303;255;170
LES MUREAUX HALLES AUCHAN;CORMEILLES EN PARISIS CHRONODRIVE 413;36;45
LES MUREAUX HALLES AUCHAN;DIEPPE;158;110
LES MUREAUX HALLES AUCHAN;DIFFERDANGE;381;270
LES MUREAUX HALLES AUCHAN;DOUAI;227;155
LES MUREAUX HALLES AUCHAN;DRIVE ARRAS;216;150
LES MUREAUX HALLES AUCHAN;DRIVE BEAUVAIS;83;65
LES MUREAUX HALLES AUCHAN;DRIVE BETHUNE;244;160
LES MUREAUX HALLES AUCHAN;DRIVE BOULOGNE;262;170
LES MUREAUX HALLES AUCHAN;DRIVE CALAIS;289;185
LES MUREAUX HALLES AUCHAN;DRIVE CAMBRAI;210;140
LES MUREAUX HALLES AUCHAN;DRIVE CHERBOURG;316;205
LES MUREAUX HALLES AUCHAN;DRIVE DIEPPE;158;110
LES MUREAUX HALLES AUCHAN;DRIVE DOUAI;227;155
LES MUREAUX HALLES AUCHAN;DRIVE DUNKERQUE;326;210
LES MUREAUX HALLES AUCHAN;DRIVE DURY;138;100
LES MUREAUX HALLES AUCHAN;DRIVE ENGLOS;259;175
LES MUREAUX HALLES AUCHAN;DRIVE FACHES;244;160
LES MUREAUX HALLES AUCHAN;DRIVE LEERS;262;175
LES MUREAUX HALLES AUCHAN;DRIVE LOUVROIL;270;180
LES MUREAUX HALLES AUCHAN;DRIVE MONTIVILLIERS;159;105
LES MUREAUX HALLES AUCHAN;DRIVE NOGENT SUR OISE;76;75
LES MUREAUX HALLES AUCHAN;DRIVE NOYELLES;222;145
LES MUREAUX HALLES AUCHAN;DRIVE NOYON;136;100
LES MUREAUX HALLES AUCHAN;DRIVE PETITE FORET;238;155
LES MUREAUX HALLES AUCHAN;DRIVE RONCQ;264;175
LES MUREAUX HALLES AUCHAN;DRIVE SCHWEIGHOUSE;525;330
LES MUREAUX HALLES AUCHAN;DRIVE ST OMER;286;185
LES MUREAUX HALLES AUCHAN;DRIVE ST QUENTIN;193;130
LES MUREAUX HALLES AUCHAN;DRIVE VALENCIENNES;235;155
LES MUREAUX HALLES AUCHAN;DRIVE VILLENEUVE D'ASCQ;250;165
LES MUREAUX HALLES AUCHAN;DUNKERQUE;326;210
LES MUREAUX HALLES AUCHAN;ENGLOS;258;170
LES MUREAUX HALLES AUCHAN;ENT AMIENS BINAT;150;105
LES MUREAUX HALLES AUCHAN;ENT AMIENS SAINT SAUVEUR FLEG;146;150
LES MUREAUX HALLES AUCHAN;ENT AMIENS SAINT SAUVEUR PF;146;150
LES MUREAUX HALLES AUCHAN;ENT AMIENS SUPER POULAINVILLE PGC;150;105
LES MUREAUX HALLES AUCHAN;ENT CARVIN FL;233;155
LES MUREAUX HALLES AUCHAN;ENT CARVIN PF;233;155
LES MUREAUX HALLES AUCHAN;ENT IENA;246;160
LES MUREAUX HALLES AUCHAN;ENT IENA1;246;160
LES MUREAUX HALLES AUCHAN;ENT IENA2;246;160
LES MUREAUX HALLES AUCHAN;ENT MEYZIEU MEDLEY SUD;505;315
LES MUREAUX HALLES AUCHAN;ENT SAINGHIN1;249;165
LES MUREAUX HALLES AUCHAN;ENT SERRIS 1;82;70
LES MUREAUX HALLES AUCHAN;ENT SERRIS 2;81;70
LES MUREAUX HALLES AUCHAN;ENT SOCOPAL DIEPPE;153;110
LES MUREAUX HALLES AUCHAN;ENT V DHL;57;50
LES MUREAUX HALLES AUCHAN;ENT V GEODIS;49;45
LES MUREAUX HALLES AUCHAN;FACHES;244;160
LES MUREAUX HALLES AUCHAN;FRANQUEVILLE CHRONODRIVE 4475;91;65
LES MUREAUX HALLES AUCHAN;HERBLAY CHRONODRIVE 444;30;30
LES MUREAUX HALLES AUCHAN;HIRSON;226;190
LES MUREAUX HALLES AUCHAN;HOUILLES SUPER 1073;32;45
LES MUREAUX HALLES AUCHAN;IFS CHRONODRIVE 4253;197;120
LES MUREAUX HALLES AUCHAN;ILLKIRCH;538;340
LES MUREAUX HALLES AUCHAN;KIRCHBERG;408;270
LES MUREAUX HALLES AUCHAN;LA CLOCHE D'OR;398;265
LES MUREAUX HALLES AUCHAN;LA QUEUE LES YVELINES SUPER 1096;49;35
LES MUREAUX HALLES AUCHAN;LAXOU;388;275
LES MUREAUX HALLES AUCHAN;LE CHESNAY PARLY 2 SUPER 1144;25;20
LES MUREAUX HALLES AUCHAN;LE HAVRE;164;110
LES MUREAUX HALLES AUCHAN;LEERS;262;175
LES MUREAUX HALLES AUCHAN;LONGUEIL SAINTE MARIE SUPER 4315;103;80
LES MUREAUX HALLES AUCHAN;LOUVROIL;269;180
LES MUREAUX HALLES AUCHAN;MAUREPAS SUPER 4492;37;30
LES MUREAUX HALLES AUCHAN;MERS LES BAINS;190;140
LES MUREAUX HALLES AUCHAN;MONT SAINT MARTIN;378;265
LES MUREAUX HALLES AUCHAN;MONTIVILLIERS;158;100
LES MUREAUX HALLES AUCHAN;NANCY CENTRE;394;285
LES MUREAUX HALLES AUCHAN;NOGENT SUR OISE;74;75
LES MUREAUX HALLES AUCHAN;NOYON;136;100
LES MUREAUX HALLES AUCHAN;OSNY;25;30
LES MUREAUX HALLES AUCHAN;PETITE FORET;237;155
LES MUREAUX HALLES AUCHAN;ROISSY;62;75
LES MUREAUX HALLES AUCHAN;RONCQ;263;175
LES MUREAUX HALLES AUCHAN;SCHWEIGHOUSE;528;330
LES MUREAUX HALLES AUCHAN;SEMECOURT;364;230
LES MUREAUX HALLES AUCHAN;SOCOPAL;130;90
LES MUREAUX HALLES AUCHAN;SOISY;41;35
LES MUREAUX HALLES AUCHAN;ST OMER;287;185
LES MUREAUX HALLES AUCHAN;ST QUENTIN;194;130
LES MUREAUX HALLES AUCHAN;STRASBOURG;536;335
LES MUREAUX HALLES AUCHAN;TAVERNY;36;45
LES MUREAUX HALLES AUCHAN;TOMBLAINE;435;285
LES MUREAUX HALLES AUCHAN;VAL DE REUIL SUPER 1209;72;75
LES MUREAUX HALLES AUCHAN;VALENCIENNES;236;155
LES MUREAUX HALLES AUCHAN;VERNEUIL 1 VERGER SUPER 4981;6;15
LES MUREAUX HALLES AUCHAN;VILLENEUVE 2;251;165
LES MUREAUX HALLES AUCHAN;VIRY NOUREUIL;159;125
LONGUEIL SAINTE MARIE SUPER 4315;1186 ST QUENTIN SCHUMANN SUPER;86;90
LONGUEIL SAINTE MARIE SUPER 4315;1267 CALAIS DELAROCHE SUPER;220;135
LONGUEIL SAINTE MARIE SUPER 4315;1297 HARNES SUPER;134;90
LONGUEIL SAINTE MARIE SUPER 4315;4313 CANTELEU SUPER;148;150
LONGUEIL SAINTE MARIE SUPER 4315;4536 LILLE WAZEMMES MY AUCHAN;155;100
LONGUEIL SAINTE MARIE SUPER 4315;4926 BILLY BERCLAU SUPER;147;95
LONGUEIL SAINTE MARIE SUPER 4315;4977 RUE SUPER;156;110
LONGUEIL SAINTE MARIE SUPER 4315;914 MARQUETTE LES PARTISANS DU GOUT;159;105
LONGUEIL SAINTE MARIE SUPER 4315;AUCHAN CITY TOURCOING;165;110
LONGUEIL SAINTE MARIE SUPER 4315;AUCHAN LUXEMBOURG SUPPLY;317;245
LONGUEIL SAINTE MARIE SUPER 4315;BEAUVAIS;54;60
LONGUEIL SAINTE MARIE SUPER 4315;BOULOGNE;223;145
LONGUEIL SAINTE MARIE SUPER 4315;CAEN CHRONO 352;300;200
LONGUEIL SAINTE MARIE SUPER 4315;CALAIS;225;140
LONGUEIL SAINTE MARIE SUPER 4315;CAMBRAI;113;75
LONGUEIL SAINTE MARIE SUPER 4315;CERGY;82;65
LONGUEIL SAINTE MARIE SUPER 4315;CHERBOURG;417;280
LONGUEIL SAINTE MARIE SUPER 4315;CHRONO AVELIN 4361;144;90
LONGUEIL SAINTE MARIE SUPER 4315;CHRONO BONDUES 4703;164;110
LONGUEIL SAINTE MARIE SUPER 4315;CHRONO COMPIEGNE 4345;14;15
LONGUEIL SAINTE MARIE SUPER 4315;CHRONO COUDEKERQUE 4242;229;145
LONGUEIL SAINTE MARIE SUPER 4315;CHRONO CROIX 4154;160;105
LONGUEIL SAINTE MARIE SUPER 4315;CHRONO ELEU DIT LEAUWETTE 4462;131;85
LONGUEIL SAINTE MARIE SUPER 4315;CHRONO HALLENNES 4167;154;105
LONGUEIL SAINTE MARIE SUPER 4315;CHRONO IFS;298;195
LONGUEIL SAINTE MARIE SUPER 4315;CHRONO LAMBERSART 4424;159;110
LONGUEIL SAINTE MARIE SUPER 4315;CHRONO MARCQ 4128;162;105
LONGUEIL SAINTE MARIE SUPER 4315;CHRONO VALENCIENNES 4370;140;90
LONGUEIL SAINTE MARIE SUPER 4315;CHRONO WASQUEHAL 4303;158;105
LONGUEIL SAINTE MARIE SUPER 4315;CORMEILLES EN PARISIS CHRONODRIVE 413;79;65
LONGUEIL SAINTE MARIE SUPER 4315;DIFFERDANGE;305;250
LONGUEIL SAINTE MARIE SUPER 4315;DOUAI;130;90
LONGUEIL SAINTE MARIE SUPER 4315;DRIVE ARRAS;119;85
LONGUEIL SAINTE MARIE SUPER 4315;DRIVE BOULOGNE;210;140
LONGUEIL SAINTE MARIE SUPER 4315;DRIVE CALAIS;225;140
LONGUEIL SAINTE MARIE SUPER 4315;DRIVE CAMBRAI;113;75
LONGUEIL SAINTE MARIE SUPER 4315;DRIVE CERGY;82;65
LONGUEIL SAINTE MARIE SUPER 4315;DRIVE CHERBOURG;417;280
LONGUEIL SAINTE MARIE SUPER 4315;DRIVE DIEPPE;197;145
LONGUEIL SAINTE MARIE SUPER 4315;DRIVE DOUAI;130;90
LONGUEIL SAINTE MARIE SUPER 4315;DRIVE DUNKERQUE;228;145
LONGUEIL SAINTE MARIE SUPER 4315;DRIVE DURY;88;65
LONGUEIL SAINTE MARIE SUPER 4315;DRIVE ENGLOS;162;110
LONGUEIL SAINTE MARIE SUPER 4315;DRIVE FACHES;147;95
LONGUEIL SAINTE MARIE SUPER 4315;DRIVE LE HAVRE;268;175
LONGUEIL SAINTE MARIE SUPER 4315;DRIVE LEERS;165;110
LONGUEIL SAINTE MARIE SUPER 4315;DRIVE LOUVROIL;173;115
LONGUEIL SAINTE MARIE SUPER 4315;DRIVE MONTIVILLIERS;259;170
LONGUEIL SAINTE MARIE SUPER 4315;DRIVE NOYELLES;125;80
LONGUEIL SAINTE MARIE SUPER 4315;DRIVE OSNY;87;70
LONGUEIL SAINTE MARIE SUPER 4315;DRIVE PETITE FORET;141;90
LONGUEIL SAINTE MARIE SUPER 4315;DRIVE ROISSY;51;40
LONGUEIL SAINTE MARIE SUPER 4315;DRIVE RONCQ;167;110
LONGUEIL SAINTE MARIE SUPER 4315;DRIVE SCHWEIGHOUSE;449;310
LONGUEIL SAINTE MARIE SUPER 4315;DRIVE ST OMER;189;120
LONGUEIL SAINTE MARIE SUPER 4315;DRIVE ST QUENTIN;96;65
LONGUEIL SAINTE MARIE SUPER 4315;DRIVE TAVERNY;79;60
LONGUEIL SAINTE MARIE SUPER 4315;DRIVE VALENCIENNES;138;90
LONGUEIL SAINTE MARIE SUPER 4315;DRIVE VILLENEUVE D'ASCQ;153;100
LONGUEIL SAINTE MARIE SUPER 4315;DUNKERQUE;229;145
LONGUEIL SAINTE MARIE SUPER 4315;DURY;86;90
LONGUEIL SAINTE MARIE SUPER 4315;ENGLOS;161;105
LONGUEIL SAINTE MARIE SUPER 4315;ENT AMIENS BINAT;89;90
LONGUEIL SAINTE MARIE SUPER 4315;ENT AMIENS SAINT SAUVEUR FLEG;95;105
LONGUEIL SAINTE MARIE SUPER 4315;ENT AMIENS SAINT SAUVEUR PF;95;105
LONGUEIL SAINTE MARIE SUPER 4315;ENT AMIENS SUPER POULAINVILLE PGC;90;90
LONGUEIL SAINTE MARIE SUPER 4315;ENT CARVIN FL;136;85
LONGUEIL SAINTE MARIE SUPER 4315;ENT CARVIN PF;136;85
LONGUEIL SAINTE MARIE SUPER 4315;ENT IENA;149;150
LONGUEIL SAINTE MARIE SUPER 4315;ENT IENA1;149;95
LONGUEIL SAINTE MARIE SUPER 4315;ENT IENA2;149;95
LONGUEIL SAINTE MARIE SUPER 4315;ENT MEYZIEU MEDLEY SUD;548;345
LONGUEIL SAINTE MARIE SUPER 4315;ENT SAINGHIN1;152;165
LONGUEIL SAINTE MARIE SUPER 4315;ENT SERRIS 2;89;65
LONGUEIL SAINTE MARIE SUPER 4315;ENT V DHL;51;45
LONGUEIL SAINTE MARIE SUPER 4315;ENT V GEODIS;58;45
LONGUEIL SAINTE MARIE SUPER 4315;FACHES;147;95
LONGUEIL SAINTE MARIE SUPER 4315;FRANQUEVILLE CHRONODRIVE 4475;137;130
LONGUEIL SAINTE MARIE SUPER 4315;HERBLAY CHRONODRIVE 444;82;65
LONGUEIL SAINTE MARIE SUPER 4315;IFS CHRONODRIVE 4253;298;195
LONGUEIL SAINTE MARIE SUPER 4315;ILLKIRCH;463;325
LONGUEIL SAINTE MARIE SUPER 4315;KIRCHBERG;332;255
LONGUEIL SAINTE MARIE SUPER 4315;LA CLOCHE D'OR;322;250
LONGUEIL SAINTE MARIE SUPER 4315;LA QUEUE LES YVELINES SUPER 1096;116;95
LONGUEIL SAINTE MARIE SUPER 4315;LAXOU;312;255
LONGUEIL SAINTE MARIE SUPER 4315;LE CHESNAY PARLY 2 SUPER 1144;89;75
LONGUEIL SAINTE MARIE SUPER 4315;LEERS;165;110
LONGUEIL SAINTE MARIE SUPER 4315;LES MUREAUX HALLES AUCHAN;103;80
LONGUEIL SAINTE MARIE SUPER 4315;LONGUEIL SAINTE MARIE SUPER 4315;0;0
LONGUEIL SAINTE MARIE SUPER 4315;MAUREPAS SUPER 4492;105;90
LONGUEIL SAINTE MARIE SUPER 4315;MONT SAINT MARTIN;301;245
LONGUEIL SAINTE MARIE SUPER 4315;NANCY CENTRE;317;265
LONGUEIL SAINTE MARIE SUPER 4315;NOGENT SUR OISE;26;30
LONGUEIL SAINTE MARIE SUPER 4315;NOYELLES GODAULT;126;80
LONGUEIL SAINTE MARIE SUPER 4315;NOYON;38;45
LONGUEIL SAINTE MARIE SUPER 4315;PETITE FORET;140;90
LONGUEIL SAINTE MARIE SUPER 4315;ROISSY;50;40
LONGUEIL SAINTE MARIE SUPER 4315;RONCQ;166;110
LONGUEIL SAINTE MARIE SUPER 4315;SCHWEIGHOUSE;451;315
LONGUEIL SAINTE MARIE SUPER 4315;SEMECOURT;288;215
LONGUEIL SAINTE MARIE SUPER 4315;SOISY;76;90
LONGUEIL SAINTE MARIE SUPER 4315;ST OMER;190;120
LONGUEIL SAINTE MARIE SUPER 4315;STRASBOURG;460;320
LONGUEIL SAINTE MARIE SUPER 4315;TAVERNY;80;60
LONGUEIL SAINTE MARIE SUPER 4315;TOMBLAINE;358;270
LONGUEIL SAINTE MARIE SUPER 4315;VAL DE REUIL SUPER 1209;173;125
LONGUEIL SAINTE MARIE SUPER 4315;VALENCIENNES;139;90
LONGUEIL SAINTE MARIE SUPER 4315;VERNEUIL 1 VERGER SUPER 4981;98;80
LONGUEIL SAINTE MARIE SUPER 4315;VILLENEUVE 2;153;100
LONGUEIL SAINTE MARIE SUPER 4315;VIRY NOUREUIL;60;60
LOUVROIL;1186 ST QUENTIN SCHUMANN SUPER;112;80
LOUVROIL;1267 CALAIS DELAROCHE SUPER;208;130
LOUVROIL;1297 HARNES SUPER;90;70
LOUVROIL;4313 CANTELEU SUPER;283;185
LOUVROIL;4536 LILLE WAZEMMES MY AUCHAN;87;65
LOUVROIL;4977 RUE SUPER;229;150
LOUVROIL;914 MARQUETTE LES PARTISANS DU GOUT;91;105
LOUVROIL;ARRAS;104;105
LOUVROIL;AUCHAN CITY TOURCOING;97;105
LOUVROIL;AUCHAN LUXEMBOURG SUPPLY;230;170
LOUVROIL;BEAUVAIS;214;140
LOUVROIL;BETHUNE;117;120
LOUVROIL;BOULOGNE;200;210
LOUVROIL;CAEN CHRONO 352;408;260
LOUVROIL;CALAIS;201;210
LOUVROIL;CAMBRAI;62;75
LOUVROIL;CERGY;248;165
LOUVROIL;CERGY CHRONODRIVE 469;253;165
LOUVROIL;CHERBOURG;524;340
LOUVROIL;CHRONO AVELIN 4361;77;90
LOUVROIL;CHRONO BONDUES 4703;96;105
LOUVROIL;CHRONO COUDEKERQUE 4242;162;110
LOUVROIL;CHRONO CROIX 4154;90;90
LOUVROIL;CHRONO ELEU DIT LEAUWETTE 4462;95;70
LOUVROIL;CHRONO HALLENNES 4167;95;105
LOUVROIL;CHRONO IFS;405;255
LOUVROIL;CHRONO LAMBERSART 4424;92;105
LOUVROIL;CHRONO MARCQ 4128;92;105
LOUVROIL;CHRONO VALENCIENNES 4370;36;45
LOUVROIL;CHRONO WASQUEHAL 4303;92;105
LOUVROIL;CORMEILLES EN PARISIS CHRONODRIVE 413;245;165
LOUVROIL;DIEPPE;267;185
LOUVROIL;DIFFERDANGE;210;165
LOUVROIL;DOUAI;75;75
LOUVROIL;DRIVE BEAUVAIS;214;140
LOUVROIL;DRIVE BETHUNE;117;120
LOUVROIL;DRIVE BOULOGNE;211;140
LOUVROIL;DRIVE CALAIS;198;210
LOUVROIL;DRIVE CAMBRAI;62;75
LOUVROIL;DRIVE CERGY;248;165
LOUVROIL;DRIVE CHERBOURG;524;340
LOUVROIL;DRIVE DIEPPE;268;185
LOUVROIL;DRIVE DOUAI;75;75
LOUVROIL;DRIVE DUNKERQUE;161;110
LOUVROIL;DRIVE ENGLOS;95;105
LOUVROIL;DRIVE LE HAVRE;339;215
LOUVROIL;DRIVE LEERS;94;105
LOUVROIL;DRIVE LOUVROIL;1;15
LOUVROIL;DRIVE MONTIVILLIERS;329;210
LOUVROIL;DRIVE NOGENT SUR OISE;194;130
LOUVROIL;DRIVE NOYELLES;85;65
LOUVROIL;DRIVE OSNY;253;170
LOUVROIL;DRIVE PETITE FORET;43;45
LOUVROIL;DRIVE ROISSY;217;140
LOUVROIL;DRIVE RONCQ;98;105
LOUVROIL;DRIVE SCHWEIGHOUSE;424;290
LOUVROIL;DRIVE ST QUENTIN;108;120
LOUVROIL;DRIVE TAVERNY;245;160
LOUVROIL;DRIVE VALENCIENNES;36;45
LOUVROIL;DRIVE VILLENEUVE D'ASCQ;82;90
LOUVROIL;DUNKERQUE;162;165
LOUVROIL;DURY;157;165
LOUVROIL;ENGLOS;95;105
LOUVROIL;ENT AMIENS BINAT;162;110
LOUVROIL;ENT AMIENS SAINT SAUVEUR FLEG;166;180
LOUVROIL;ENT AMIENS SAINT SAUVEUR PF;166;180
LOUVROIL;ENT AMIENS SUPER POULAINVILLE PGC;161;165
LOUVROIL;ENT CARVIN FL;100;105
LOUVROIL;ENT CARVIN PF;100;105
LOUVROIL;ENT IENA1;81;90
LOUVROIL;ENT IENA2;81;90
LOUVROIL;ENT MEYZIEU MEDLEY SUD;703;425
LOUVROIL;ENT SAINGHIN1;79;60
LOUVROIL;ENT SERRIS 1;257;270
LOUVROIL;ENT SERRIS 2;255;165
LOUVROIL;ENT V DHL;273;285
LOUVROIL;ENT V GEODIS;273;285
LOUVROIL;FACHES;85;90
LOUVROIL;FRANQUEVILLE CHRONODRIVE 4475;280;185
LOUVROIL;HERBLAY CHRONODRIVE 444;248;165
LOUVROIL;HIRSON;50;60
LOUVROIL;HOUILLES SUPER 1073;243;160
LOUVROIL;IFS CHRONODRIVE 4253;405;255
LOUVROIL;ILLKIRCH;437;300
LOUVROIL;KIRCHBERG;227;165
LOUVROIL;LA CLOCHE D'OR;217;160
LOUVROIL;LA QUEUE LES YVELINES SUPER 1096;282;195
LOUVROIL;LAXOU;330;240
LOUVROIL;LE CHESNAY PARLY 2 SUPER 1144;256;175
LOUVROIL;LE HAVRE;339;345
LOUVROIL;LEERS;94;105
LOUVROIL;LES MUREAUX HALLES AUCHAN;269;180
LOUVROIL;LONGUEIL SAINTE MARIE SUPER 4315;173;180
LOUVROIL;LOUVROIL;0;0
LOUVROIL;MAUREPAS SUPER 4492;271;190
LOUVROIL;MERS LES BAINS;211;225
LOUVROIL;MERU;240;240
LOUVROIL;MONT SAINT MARTIN;202;155
LOUVROIL;NANCY CENTRE;329;245
LOUVROIL;NOGENT SUR OISE;197;130
LOUVROIL;NOYELLES GODAULT;86;90
LOUVROIL;NOYON;129;135
LOUVROIL;OSNY;255;165
LOUVROIL;PETITE FORET;43;45
LOUVROIL;ROISSY;216;140
LOUVROIL;RONCQ;98;105
LOUVROIL;SCHWEIGHOUSE;425;295
LOUVROIL;SEMECOURT;266;195
LOUVROIL;SOISY;238;160
LOUVROIL;ST OMER;151;165
LOUVROIL;ST QUENTIN;81;90
LOUVROIL;STRASBOURG;434;300
LOUVROIL;TAVERNY;247;160
LOUVROIL;TOMBLAINE;332;245
LOUVROIL;VAL DE REUIL SUPER 1209;306;205
LOUVROIL;VALENCIENNES;36;45
LOUVROIL;VERNEUIL 1 VERGER SUPER 4981;265;180
LOUVROIL;VILLENEUVE 2;82;90
LOUVROIL;VIRY NOUREUIL;108;120
MAUREPAS SUPER 4492;1186 ST QUENTIN SCHUMANN SUPER;199;150
MAUREPAS SUPER 4492;1267 CALAIS DELAROCHE SUPER;310;210
MAUREPAS SUPER 4492;1297 HARNES SUPER;232;165
MAUREPAS SUPER 4492;4313 CANTELEU SUPER;135;95
MAUREPAS SUPER 4492;4536 LILLE WAZEMMES MY AUCHAN;253;175
MAUREPAS SUPER 4492;4926 BILLY BERCLAU SUPER;245;170
MAUREPAS SUPER 4492;4977 RUE SUPER;225;160
MAUREPAS SUPER 4492;914 MARQUETTE LES PARTISANS DU GOUT;257;185
MAUREPAS SUPER 4492;ARRAS;216;160
MAUREPAS SUPER 4492;AUCHAN CITY TOURCOING;263;185
MAUREPAS SUPER 4492;AUCHAN LUXEMBOURG SUPPLY;386;260
MAUREPAS SUPER 4492;BETHUNE;245;170
MAUREPAS SUPER 4492;BOULOGNE;292;195
MAUREPAS SUPER 4492;CAEN CHRONO 352;234;150
MAUREPAS SUPER 4492;CALAIS;305;205
MAUREPAS SUPER 4492;CAMBRAI;211;150
MAUREPAS SUPER 4492;CERGY CHRONODRIVE 469;49;50
MAUREPAS SUPER 4492;CHERBOURG;351;230
MAUREPAS SUPER 4492;CHRONO AVELIN 4361;242;165
MAUREPAS SUPER 4492;CHRONO BONDUES 4703;262;185
MAUREPAS SUPER 4492;CHRONO COMPIEGNE 4345;108;90
MAUREPAS SUPER 4492;CHRONO COUDEKERQUE 4242;327;225
MAUREPAS SUPER 4492;CHRONO CROIX 4154;258;180
MAUREPAS SUPER 4492;CHRONO ELEU DIT LEAUWETTE 4462;230;160
MAUREPAS SUPER 4492;CHRONO HALLENNES 4167;252;180
MAUREPAS SUPER 4492;CHRONO IFS;231;145
MAUREPAS SUPER 4492;CHRONO LAMBERSART 4424;258;185
MAUREPAS SUPER 4492;CHRONO MARCQ 4128;260;180
MAUREPAS SUPER 4492;CHRONO VALENCIENNES 4370;238;165
MAUREPAS SUPER 4492;CHRONO WASQUEHAL 4303;256;180
MAUREPAS SUPER 4492;DIEPPE;193;135
MAUREPAS SUPER 4492;DIFFERDANGE;374;265
MAUREPAS SUPER 4492;DOUAI;229;165
MAUREPAS SUPER 4492;DRIVE ARRAS;217;160
MAUREPAS SUPER 4492;DRIVE BETHUNE;245;170
MAUREPAS SUPER 4492;DRIVE BOULOGNE;278;185
MAUREPAS SUPER 4492;DRIVE CALAIS;305;205
MAUREPAS SUPER 4492;DRIVE CAMBRAI;211;150
MAUREPAS SUPER 4492;DRIVE CERGY;44;45
MAUREPAS SUPER 4492;DRIVE CHERBOURG;351;230
MAUREPAS SUPER 4492;DRIVE DIEPPE;193;135
MAUREPAS SUPER 4492;DRIVE DOUAI;228;165
MAUREPAS SUPER 4492;DRIVE DUNKERQUE;326;225
MAUREPAS SUPER 4492;DRIVE DURY;154;115
MAUREPAS SUPER 4492;DRIVE ENGLOS;260;185
MAUREPAS SUPER 4492;DRIVE FACHES;245;170
MAUREPAS SUPER 4492;DRIVE LE HAVRE;198;130
MAUREPAS SUPER 4492;DRIVE LEERS;263;185
MAUREPAS SUPER 4492;DRIVE LOUVROIL;272;190
MAUREPAS SUPER 4492;DRIVE MONTIVILLIERS;193;130
MAUREPAS SUPER 4492;DRIVE NOGENT SUR OISE;97;85
MAUREPAS SUPER 4492;DRIVE NOYELLES;223;155
MAUREPAS SUPER 4492;DRIVE NOYON;138;110
MAUREPAS SUPER 4492;DRIVE PETITE FORET;239;165
MAUREPAS SUPER 4492;DRIVE ROISSY;58;60
MAUREPAS SUPER 4492;DRIVE RONCQ;265;185
MAUREPAS SUPER 4492;DRIVE SCHWEIGHOUSE;519;325
MAUREPAS SUPER 4492;DRIVE ST OMER;287;195
MAUREPAS SUPER 4492;DRIVE ST QUENTIN;194;140
MAUREPAS SUPER 4492;DRIVE TAVERNY;51;50
MAUREPAS SUPER 4492;DRIVE VALENCIENNES;237;165
MAUREPAS SUPER 4492;DRIVE VILLENEUVE D'ASCQ;251;175
MAUREPAS SUPER 4492;DUNKERQUE;327;225
MAUREPAS SUPER 4492;DURY;154;115
MAUREPAS SUPER 4492;ENGLOS;259;180
MAUREPAS SUPER 4492;ENT AMIENS SAINT SAUVEUR FLEG;164;120
MAUREPAS SUPER 4492;ENT AMIENS SAINT SAUVEUR PF;164;125
MAUREPAS SUPER 4492;ENT AMIENS SUPER POULAINVILLE PGC;166;125
MAUREPAS SUPER 4492;ENT CARVIN FL;234;160
MAUREPAS SUPER 4492;ENT CARVIN PF;234;160
MAUREPAS SUPER 4492;ENT IENA;247;170
MAUREPAS SUPER 4492;ENT IENA1;247;170
MAUREPAS SUPER 4492;ENT IENA2;247;170
MAUREPAS SUPER 4492;ENT MEYZIEU MEDLEY SUD;491;310
MAUREPAS SUPER 4492;ENT SAINGHIN1;251;175
MAUREPAS SUPER 4492;ENT SERRIS 1;76;90
MAUREPAS SUPER 4492;ENT SERRIS 2;75;65
MAUREPAS SUPER 4492;ENT V DHL;57;60
MAUREPAS SUPER 4492;ENT V GEODIS;58;60
MAUREPAS SUPER 4492;FACHES;245;170
MAUREPAS SUPER 4492;FRANQUEVILLE CHRONODRIVE 4475;125;90
MAUREPAS SUPER 4492;HERBLAY CHRONODRIVE 444;43;45
MAUREPAS SUPER 4492;HIRSON;227;200
MAUREPAS SUPER 4492;HOUILLES SUPER 1073;34;35
MAUREPAS SUPER 4492;IFS CHRONODRIVE 4253;231;145
MAUREPAS SUPER 4492;ILLKIRCH;532;335
MAUREPAS SUPER 4492;KIRCHBERG;402;270
MAUREPAS SUPER 4492;LA CLOCHE D'OR;392;260
MAUREPAS SUPER 4492;LA QUEUE LES YVELINES SUPER 1096;20;30
MAUREPAS SUPER 4492;LAXOU;382;270
MAUREPAS SUPER 4492;LE CHESNAY PARLY 2 SUPER 1144;20;30
MAUREPAS SUPER 4492;LE HAVRE;199;135
MAUREPAS SUPER 4492;LEERS;263;185
MAUREPAS SUPER 4492;LES MUREAUX HALLES AUCHAN;37;30
MAUREPAS SUPER 4492;LONGUEIL SAINTE MARIE SUPER 4315;105;90
MAUREPAS SUPER 4492;LOUVROIL;271;190
MAUREPAS SUPER 4492;MAUREPAS SUPER 4492;0;0
MAUREPAS SUPER 4492;MERS LES BAINS;227;170
MAUREPAS SUPER 4492;MONT SAINT MARTIN;372;260
MAUREPAS SUPER 4492;MONTIVILLIERS;194;130
MAUREPAS SUPER 4492;NANCY CENTRE;433;280
MAUREPAS SUPER 4492;NOGENT SUR OISE;98;85
MAUREPAS SUPER 4492;NOYELLES GODAULT;226;155
MAUREPAS SUPER 4492;NOYON;139;110
MAUREPAS SUPER 4492;PETITE FORET;240;165
MAUREPAS SUPER 4492;ROISSY;58;60
MAUREPAS SUPER 4492;RONCQ;266;190
MAUREPAS SUPER 4492;SCHWEIGHOUSE;522;325
MAUREPAS SUPER 4492;SEMECOURT;358;230
MAUREPAS SUPER 4492;SOISY;49;60
MAUREPAS SUPER 4492;ST OMER;289;200
MAUREPAS SUPER 4492;ST QUENTIN;196;140
MAUREPAS SUPER 4492;STRASBOURG;530;335
MAUREPAS SUPER 4492;TOMBLAINE;429;280
MAUREPAS SUPER 4492;VAL DE REUIL SUPER 1209;108;75
MAUREPAS SUPER 4492;VALENCIENNES;239;165
MAUREPAS SUPER 4492;VERNEUIL 1 VERGER SUPER 4981;39;35
MAUREPAS SUPER 4492;VILLENEUVE 2;253;175
MAUREPAS SUPER 4492;VIRY NOUREUIL;161;135
MERS LES BAINS;1186 ST QUENTIN SCHUMANN SUPER;166;125
MERS LES BAINS;1267 CALAIS DELAROCHE SUPER;142;150
MERS LES BAINS;1297 HARNES SUPER;139;140
MERS LES BAINS;4313 CANTELEU SUPER;92;105
MERS LES BAINS;4536 LILLE WAZEMMES MY AUCHAN;222;155
MERS LES BAINS;4926 BILLY BERCLAU SUPER;140;140
MERS LES BAINS;4977 RUE SUPER;42;45
MERS LES BAINS;914 MARQUETTE LES PARTISANS DU GOUT;227;160
MERS LES BAINS;ARRAS;119;120
MERS LES BAINS;AUCHAN CITY TOURCOING;233;165
MERS LES BAINS;AUCHAN LUXEMBOURG SUPPLY;462;305
MERS LES BAINS;BEAUVAIS;142;150
MERS LES BAINS;BETHUNE;121;135
MERS LES BAINS;BOULOGNE;111;120
MERS LES BAINS;CAEN CHRONO 352;218;155
MERS LES BAINS;CAMBRAI;181;130
MERS LES BAINS;CERGY;199;135
MERS LES BAINS;CERGY CHRONODRIVE 469;204;140
MERS LES BAINS;CHERBOURG;324;330
MERS LES BAINS;CHRONO BONDUES 4703;232;165
MERS LES BAINS;CHRONO COMPIEGNE 4345;173;135
MERS LES BAINS;CHRONO COUDEKERQUE 4242;184;195
MERS LES BAINS;CHRONO CROIX 4154;227;160
MERS LES BAINS;CHRONO ELEU DIT LEAUWETTE 4462;135;135
MERS LES BAINS;CHRONO HALLENNES 4167;156;150
MERS LES BAINS;CHRONO IFS;215;225
MERS LES BAINS;CHRONO LAMBERSART 4424;164;160
MERS LES BAINS;CHRONO MARCQ 4128;172;180
MERS LES BAINS;CHRONO VALENCIENNES 4370;208;145
MERS LES BAINS;CHRONO WASQUEHAL 4303;226;160
MERS LES BAINS;CORMEILLES EN PARISIS CHRONODRIVE 413;205;145
MERS LES BAINS;DIEPPE;36;45
MERS LES BAINS;DIFFERDANGE;450;310
MERS LES BAINS;DOUAI;138;150
MERS LES BAINS;DRIVE ARRAS;119;115
MERS LES BAINS;DRIVE BEAUVAIS;142;100
MERS LES BAINS;DRIVE BETHUNE;121;135
MERS LES BAINS;DRIVE CALAIS;136;100
MERS LES BAINS;DRIVE CAMBRAI;180;130
MERS LES BAINS;DRIVE CERGY;156;165
MERS LES BAINS;DRIVE CHERBOURG;324;330
MERS LES BAINS;DRIVE DIEPPE;36;45
MERS LES BAINS;DRIVE DOUAI;138;150
MERS LES BAINS;DRIVE DUNKERQUE;173;125
MERS LES BAINS;DRIVE DURY;81;90
MERS LES BAINS;DRIVE ENGLOS;160;165
MERS LES BAINS;DRIVE FACHES;215;145
MERS LES BAINS;DRIVE LE HAVRE;148;150
MERS LES BAINS;DRIVE LEERS;233;165
MERS LES BAINS;DRIVE LOUVROIL;241;170
MERS LES BAINS;DRIVE MONTIVILLIERS;134;135
MERS LES BAINS;DRIVE NOGENT SUR OISE;177;125
MERS LES BAINS;DRIVE OSNY;181;135
MERS LES BAINS;DRIVE PETITE FORET;181;195
MERS LES BAINS;DRIVE RONCQ;176;180
MERS LES BAINS;DRIVE SCHWEIGHOUSE;594;370
MERS LES BAINS;DRIVE ST OMER;157;120
MERS LES BAINS;DRIVE ST QUENTIN;161;115
MERS LES BAINS;DRIVE TAVERNY;195;135
MERS LES BAINS;DRIVE VALENCIENNES;183;195
MERS LES BAINS;DRIVE VILLENEUVE D'ASCQ;221;155
MERS LES BAINS;DURY;81;90
MERS LES BAINS;ENGLOS;160;165
MERS LES BAINS;ENT AMIENS BINAT;82;65
MERS LES BAINS;ENT AMIENS SAINT SAUVEUR FLEG;81;90
MERS LES BAINS;ENT AMIENS SAINT SAUVEUR PF;81;90
MERS LES BAINS;ENT AMIENS SUPER POULAINVILLE PGC;83;90
MERS LES BAINS;ENT CARVIN FL;145;150
MERS LES BAINS;ENT CARVIN PF;145;150
MERS LES BAINS;ENT IENA;217;150
MERS LES BAINS;ENT IENA1;217;150
MERS LES BAINS;ENT IENA2;217;150
MERS LES BAINS;ENT MEYZIEU MEDLEY SUD;706;450
MERS LES BAINS;ENT SAINGHIN1;220;155
MERS LES BAINS;ENT SERRIS 1;201;210
MERS LES BAINS;ENT SERRIS 2;247;175
MERS LES BAINS;ENT V DHL;209;145
MERS LES BAINS;ENT V GEODIS;212;150
MERS LES BAINS;FACHES;215;150
MERS LES BAINS;FRANQUEVILLE CHRONODRIVE 4475;107;120
MERS LES BAINS;HERBLAY CHRONODRIVE 444;199;210
MERS LES BAINS;HOUILLES SUPER 1073;211;150
MERS LES BAINS;IFS CHRONODRIVE 4253;215;225
MERS LES BAINS;ILLKIRCH;608;385
MERS LES BAINS;KIRCHBERG;478;315
MERS LES BAINS;LA CLOCHE D'OR;468;310
MERS LES BAINS;LA QUEUE LES YVELINES SUPER 1096;198;160
MERS LES BAINS;LAXOU;458;315
MERS LES BAINS;LE CHESNAY PARLY 2 SUPER 1144;213;155
MERS LES BAINS;LE HAVRE;144;150
MERS LES BAINS;LEERS;232;165
MERS LES BAINS;LES MUREAUX HALLES AUCHAN;190;140
MERS LES BAINS;LONGUEIL SAINTE MARIE SUPER 4315;170;180
MERS LES BAINS;MAUREPAS SUPER 4492;227;170
MERS LES BAINS;MERS LES BAINS;0;0
MERS LES BAINS;MERU;125;135
MERS LES BAINS;MONT SAINT MARTIN;462;310
MERS LES BAINS;MONTIVILLIERS;134;135
MERS LES BAINS;NANCY CENTRE;463;325
MERS LES BAINS;NOGENT SUR OISE;177;125
MERS LES BAINS;NOYON;151;165
MERS LES BAINS;OSNY;203;210
MERS LES BAINS;PETITE FORET;181;195
MERS LES BAINS;ROISSY;210;145
MERS LES BAINS;RONCQ;176;180
MERS LES BAINS;SCHWEIGHOUSE;597;375
MERS LES BAINS;SEMECOURT;433;275
MERS LES BAINS;SOISY;158;165
MERS LES BAINS;ST OMER;118;120
MERS LES BAINS;ST QUENTIN;159;165
MERS LES BAINS;STRASBOURG;606;380
MERS LES BAINS;TAVERNY;196;135
MERS LES BAINS;TOMBLAINE;504;330
MERS LES BAINS;VAL DE REUIL SUPER 1209;128;135
MERS LES BAINS;VALENCIENNES;183;195
MERS LES BAINS;VERNEUIL 1 VERGER SUPER 4981;196;150
MERS LES BAINS;VILLENEUVE 2;223;155
MERS LES BAINS;VIRY NOUREUIL;183;195
MERU;1267 CALAIS DELAROCHE SUPER;241;150
MERU;1297 HARNES SUPER;201;130
MERU;4313 CANTELEU SUPER;121;135
MERU;4926 BILLY BERCLAU SUPER;214;135
MERU;4977 RUE SUPER;156;100
MERU;914 MARQUETTE LES PARTISANS DU GOUT;226;145
MERU;ARRAS;159;165
MERU;AUCHAN CITY TOURCOING;232;150
MERU;AUCHAN LUXEMBOURG SUPPLY;386;260
MERU;BEAUVAIS;26;30
MERU;BETHUNE;214;225
MERU;BOULOGNE;223;135
MERU;CAEN CHRONO 352;239;175
MERU;CALAIS;236;145
MERU;CAMBRAI;181;195
MERU;CERGY;26;30
MERU;CERGY CHRONODRIVE 469;29;30
MERU;CHERBOURG;356;255
MERU;CHRONO AVELIN 4361;211;225
MERU;CHRONO BONDUES 4703;231;150
MERU;CHRONO COMPIEGNE 4345;90;90
MERU;CHRONO COUDEKERQUE 4242;279;170
MERU;CHRONO CROIX 4154;229;240
MERU;CHRONO ELEU DIT LEAUWETTE 4462;198;125
MERU;CHRONO HALLENNES 4167;230;240
MERU;CHRONO IFS;237;170
MERU;CHRONO LAMBERSART 4424;226;150
MERU;CHRONO MARCQ 4128;229;145
MERU;CHRONO VALENCIENNES 4370;207;130
MERU;CHRONO WASQUEHAL 4303;225;145
MERU;CORMEILLES EN PARISIS CHRONODRIVE 413;48;60
MERU;DIEPPE;138;150
MERU;DIFFERDANGE;374;265
MERU;DOUAI;197;210
MERU;DRIVE ARRAS;155;125
MERU;DRIVE BEAUVAIS;26;30
MERU;DRIVE BETHUNE;214;225
MERU;DRIVE BOULOGNE;209;125
MERU;DRIVE CALAIS;236;145
MERU;DRIVE CAMBRAI;181;195
MERU;DRIVE CERGY;26;30
MERU;DRIVE CHERBOURG;356;255
MERU;DRIVE DIEPPE;189;130
MERU;DRIVE DOUAI;197;210
MERU;DRIVE DUNKERQUE;273;170
MERU;DRIVE ENGLOS;228;150
MERU;DRIVE FACHES;214;135
MERU;DRIVE LE HAVRE;204;155
MERU;DRIVE LEERS;233;240
MERU;DRIVE LOUVROIL;240;155
MERU;DRIVE MONTIVILLIERS;199;150
MERU;DRIVE NOGENT SUR OISE;38;45
MERU;DRIVE NOYELLES;194;195
MERU;DRIVE NOYON;112;120
MERU;DRIVE OSNY;22;30
MERU;DRIVE PETITE FORET;209;210
MERU;DRIVE ROISSY;47;60
MERU;DRIVE RONCQ;234;150
MERU;DRIVE SCHWEIGHOUSE;518;325
MERU;DRIVE ST OMER;256;160
MERU;DRIVE TAVERNY;35;45
MERU;DRIVE VILLENEUVE D'ASCQ;220;140
MERU;DUNKERQUE;273;170
MERU;DURY;85;90
MERU;ENT AMIENS BINAT;98;105
MERU;ENT AMIENS SAINT SAUVEUR FLEG;96;105
MERU;ENT AMIENS SAINT SAUVEUR PF;96;105
MERU;ENT AMIENS SUPER POULAINVILLE PGC;98;105
MERU;ENT CARVIN FL;205;210
MERU;ENT CARVIN PF;205;210
MERU;ENT IENA;216;225
MERU;ENT IENA1;216;135
MERU;ENT IENA2;216;135
MERU;ENT MEYZIEU MEDLEY SUD;545;345
MERU;ENT SAINGHIN1;219;225
MERU;ENT SERRIS 1;83;90
MERU;ENT SERRIS 2;85;90
MERU;ENT V DHL;90;90
MERU;ENT V GEODIS;90;90
MERU;FRANQUEVILLE CHRONODRIVE 4475;84;90
MERU;HERBLAY CHRONODRIVE 444;35;45
MERU;HIRSON;249;175
MERU;HOUILLES SUPER 1073;52;60
MERU;IFS CHRONODRIVE 4253;237;170
MERU;ILLKIRCH;532;335
MERU;KIRCHBERG;401;265
MERU;LA CLOCHE D'OR;392;260
MERU;LA QUEUE LES YVELINES SUPER 1096;84;75
MERU;LAXOU;382;270
MERU;LE CHESNAY PARLY 2 SUPER 1144;61;55
MERU;LE HAVRE;204;155
MERU;LEERS;233;240
MERU;LES MUREAUX HALLES AUCHAN;57;60
MERU;LONGUEIL SAINTE MARIE SUPER 4315;84;90
MERU;LOUVROIL;240;240
MERU;MAUREPAS SUPER 4492;83;90
MERU;MERU;0;0
MERU;MONT SAINT MARTIN;372;265
MERU;MONTIVILLIERS;216;225
MERU;NANCY CENTRE;389;280
MERU;NOGENT SUR OISE;42;45
MERU;NOYELLES GODAULT;194;195
MERU;NOYON;110;120
MERU;OSNY;22;30
MERU;PETITE FORET;209;210
MERU;ROISSY;46;60
MERU;RONCQ;234;155
MERU;SCHWEIGHOUSE;523;330
MERU;SEMECOURT;359;230
MERU;SOISY;40;45
MERU;ST OMER;257;165
MERU;ST QUENTIN;160;165
MERU;STRASBOURG;531;335
MERU;TAVERNY;35;45
MERU;TOMBLAINE;429;285
MERU;VAL DE REUIL SUPER 1209;130;135
MERU;VERNEUIL 1 VERGER SUPER 4981;51;50
MERU;VILLENEUVE 2;221;140
MERU;VIRY NOUREUIL;133;135
MONT SAINT MARTIN;1186 ST QUENTIN SCHUMANN SUPER;292;205
MONT SAINT MARTIN;1267 CALAIS DELAROCHE SUPER;400;260
MONT SAINT MARTIN;1297 HARNES SUPER;310;210
MONT SAINT MARTIN;4313 CANTELEU SUPER;504;320
MONT SAINT MARTIN;4536 LILLE WAZEMMES MY AUCHAN;294;195
MONT SAINT MARTIN;4926 BILLY BERCLAU SUPER;323;215
MONT SAINT MARTIN;4977 RUE SUPER;449;290
MONT SAINT MARTIN;914 MARQUETTE LES PARTISANS DU GOUT;299;200
MONT SAINT MARTIN;ARRAS;338;220
MONT SAINT MARTIN;AUCHAN CITY TOURCOING;299;200
MONT SAINT MARTIN;AUCHAN LUXEMBOURG SUPPLY;29;30
MONT SAINT MARTIN;BEAUVAIS;396;275
MONT SAINT MARTIN;BETHUNE;354;225
MONT SAINT MARTIN;BOULOGNE;421;275
MONT SAINT MARTIN;CAEN CHRONO 352;575;385
MONT SAINT MARTIN;CALAIS;404;265
MONT SAINT MARTIN;CAMBRAI;283;190
MONT SAINT MARTIN;CERGY;364;255
MONT SAINT MARTIN;CERGY CHRONODRIVE 469;369;260
MONT SAINT MARTIN;CHERBOURG;691;465
MONT SAINT MARTIN;CHRONO AVELIN 4361;297;195
MONT SAINT MARTIN;CHRONO BONDUES 4703;303;200
MONT SAINT MARTIN;CHRONO COMPIEGNE 4345;294;240
MONT SAINT MARTIN;CHRONO COUDEKERQUE 4242;368;240
MONT SAINT MARTIN;CHRONO CROIX 4154;296;200
MONT SAINT MARTIN;CHRONO ELEU DIT LEAUWETTE 4462;315;210
MONT SAINT MARTIN;CHRONO HALLENNES 4167;302;200
MONT SAINT MARTIN;CHRONO IFS;572;380
MONT SAINT MARTIN;CHRONO LAMBERSART 4424;299;205
MONT SAINT MARTIN;CHRONO MARCQ 4128;300;200
MONT SAINT MARTIN;CHRONO VALENCIENNES 4370;253;170
MONT SAINT MARTIN;CHRONO WASQUEHAL 4303;293;195
MONT SAINT MARTIN;CORMEILLES EN PARISIS CHRONODRIVE 413;353;250
MONT SAINT MARTIN;DIEPPE;488;325
MONT SAINT MARTIN;DIFFERDANGE;12;15
MONT SAINT MARTIN;DOUAI;295;195
MONT SAINT MARTIN;DRIVE ARRAS;337;220
MONT SAINT MARTIN;DRIVE BEAUVAIS;396;275
MONT SAINT MARTIN;DRIVE BETHUNE;355;230
MONT SAINT MARTIN;DRIVE BOULOGNE;431;275
MONT SAINT MARTIN;DRIVE CALAIS;404;265
MONT SAINT MARTIN;DRIVE CAMBRAI;285;190
MONT SAINT MARTIN;DRIVE CERGY;364;255
MONT SAINT MARTIN;DRIVE CHERBOURG;691;465
MONT SAINT MARTIN;DRIVE DIEPPE;488;325
MONT SAINT MARTIN;DRIVE DOUAI;296;195
MONT SAINT MARTIN;DRIVE DUNKERQUE;368;240
MONT SAINT MARTIN;DRIVE DURY;379;245
MONT SAINT MARTIN;DRIVE ENGLOS;301;200
MONT SAINT MARTIN;DRIVE FACHES;292;190
MONT SAINT MARTIN;DRIVE LE HAVRE;560;355
MONT SAINT MARTIN;DRIVE LEERS;293;195
MONT SAINT MARTIN;DRIVE LOUVROIL;203;155
MONT SAINT MARTIN;DRIVE MONTIVILLIERS;550;350
MONT SAINT MARTIN;DRIVE NOGENT SUR OISE;336;255
MONT SAINT MARTIN;DRIVE NOYELLES;305;205
MONT SAINT MARTIN;DRIVE NOYON;308;225
MONT SAINT MARTIN;DRIVE OSNY;369;260
MONT SAINT MARTIN;DRIVE PETITE FORET;263;175
MONT SAINT MARTIN;DRIVE ROISSY;330;235
MONT SAINT MARTIN;DRIVE RONCQ;302;200
MONT SAINT MARTIN;DRIVE SCHWEIGHOUSE;218;145
MONT SAINT MARTIN;DRIVE ST OMER;357;245
MONT SAINT MARTIN;DRIVE ST QUENTIN;294;200
MONT SAINT MARTIN;DRIVE TAVERNY;356;250
MONT SAINT MARTIN;DRIVE VALENCIENNES;257;170
MONT SAINT MARTIN;DRIVE VILLENEUVE D'ASCQ;289;190
MONT SAINT MARTIN;DUNKERQUE;368;240
MONT SAINT MARTIN;DURY;379;245
MONT SAINT MARTIN;ENGLOS;301;200
MONT SAINT MARTIN;ENT AMIENS SAINT SAUVEUR FLEG;387;250
MONT SAINT MARTIN;ENT AMIENS SAINT SAUVEUR PF;388;255
MONT SAINT MARTIN;ENT CARVIN FL;307;205
MONT SAINT MARTIN;ENT CARVIN PF;307;205
MONT SAINT MARTIN;ENT IENA1;292;190
MONT SAINT MARTIN;ENT IENA2;292;190
MONT SAINT MARTIN;ENT MEYZIEU MEDLEY SUD;534;345
MONT SAINT MARTIN;ENT SERRIS 1;320;330
MONT SAINT MARTIN;ENT SERRIS 2;320;330
MONT SAINT MARTIN;ENT SOCOPAL DIEPPE;470;305
MONT SAINT MARTIN;ENT V DHL;329;235
MONT SAINT MARTIN;ENT V GEODIS;335;240
MONT SAINT MARTIN;FACHES;292;195
MONT SAINT MARTIN;FRANQUEVILLE CHRONODRIVE 4475;501;325
MONT SAINT MARTIN;HERBLAY CHRONODRIVE 444;356;250
MONT SAINT MARTIN;HIRSON;187;140
MONT SAINT MARTIN;HOUILLES SUPER 1073;351;245
MONT SAINT MARTIN;IFS CHRONODRIVE 4253;572;380
MONT SAINT MARTIN;ILLKIRCH;231;160
MONT SAINT MARTIN;KIRCHBERG;26;30
MONT SAINT MARTIN;LA CLOCHE D'OR;45;45
MONT SAINT MARTIN;LA QUEUE LES YVELINES SUPER 1096;381;265
MONT SAINT MARTIN;LAXOU;124;100
MONT SAINT MARTIN;LE CHESNAY PARLY 2 SUPER 1144;352;255
MONT SAINT MARTIN;LE HAVRE;560;355
MONT SAINT MARTIN;LEERS;293;195
MONT SAINT MARTIN;LES MUREAUX HALLES AUCHAN;378;265
MONT SAINT MARTIN;LONGUEIL SAINTE MARIE SUPER 4315;301;245
MONT SAINT MARTIN;LOUVROIL;202;155
MONT SAINT MARTIN;MAUREPAS SUPER 4492;372;260
MONT SAINT MARTIN;MERS LES BAINS;462;310
MONT SAINT MARTIN;MERU;372;265
MONT SAINT MARTIN;MONT SAINT MARTIN;0;0
MONT SAINT MARTIN;MONTIVILLIERS;540;350
MONT SAINT MARTIN;NANCY CENTRE;134;105
MONT SAINT MARTIN;NOGENT SUR OISE;340;255
MONT SAINT MARTIN;NOYELLES GODAULT;306;205
MONT SAINT MARTIN;NOYON;309;225
MONT SAINT MARTIN;OSNY;369;260
MONT SAINT MARTIN;PETITE FORET;264;175
MONT SAINT MARTIN;ROISSY;333;230
MONT SAINT MARTIN;RONCQ;302;205
MONT SAINT MARTIN;SCHWEIGHOUSE;230;150
MONT SAINT MARTIN;SOCOPAL;453;300
MONT SAINT MARTIN;SOISY;348;245
MONT SAINT MARTIN;ST OMER;359;250
MONT SAINT MARTIN;ST QUENTIN;295;200
MONT SAINT MARTIN;STRASBOURG;239;160
MONT SAINT MARTIN;TAVERNY;356;250
MONT SAINT MARTIN;TOMBLAINE;127;135
MONT SAINT MARTIN;VAL DE REUIL SUPER 1209;448;310
MONT SAINT MARTIN;VALENCIENNES;258;170
MONT SAINT MARTIN;VERNEUIL 1 VERGER SUPER 4981;378;270
MONT SAINT MARTIN;VILLENEUVE 2;290;195
MONT SAINT MARTIN;VIRY NOUREUIL;286;200
MONTIVILLIERS;1186 ST QUENTIN SCHUMANN SUPER;258;170
MONTIVILLIERS;1267 CALAIS DELAROCHE SUPER;272;170
MONTIVILLIERS;1297 HARNES SUPER;294;185
MONTIVILLIERS;4313 CANTELEU SUPER;84;90
MONTIVILLIERS;4536 LILLE WAZEMMES MY AUCHAN;315;200
MONTIVILLIERS;4926 BILLY BERCLAU SUPER;307;195
MONTIVILLIERS;4977 RUE SUPER;188;195
MONTIVILLIERS;914 MARQUETTE LES PARTISANS DU GOUT;319;205
MONTIVILLIERS;ARRAS;249;255
MONTIVILLIERS;AUCHAN LUXEMBOURG SUPPLY;554;350
MONTIVILLIERS;BEAUVAIS;175;180
MONTIVILLIERS;BOULOGNE;238;240
MONTIVILLIERS;CAEN CHRONO 352;94;70
MONTIVILLIERS;CALAIS;271;285
MONTIVILLIERS;CAMBRAI;273;175
MONTIVILLIERS;CERGY;176;180
MONTIVILLIERS;CERGY CHRONODRIVE 469;174;120
MONTIVILLIERS;CHERBOURG;205;210
MONTIVILLIERS;CHRONO AVELIN 4361;304;190
MONTIVILLIERS;CHRONO BONDUES 4703;325;330
MONTIVILLIERS;CHRONO COMPIEGNE 4345;265;180
MONTIVILLIERS;CHRONO COUDEKERQUE 4242;310;195
MONTIVILLIERS;CHRONO CROIX 4154;320;205
MONTIVILLIERS;CHRONO ELEU DIT LEAUWETTE 4462;291;185
MONTIVILLIERS;CHRONO HALLENNES 4167;314;200
MONTIVILLIERS;CHRONO IFS;89;90
MONTIVILLIERS;CHRONO LAMBERSART 4424;320;210
MONTIVILLIERS;CHRONO MARCQ 4128;322;205
MONTIVILLIERS;CHRONO WASQUEHAL 4303;318;200
MONTIVILLIERS;CORMEILLES EN PARISIS CHRONODRIVE 413;189;125
MONTIVILLIERS;DIEPPE;109;120
MONTIVILLIERS;DIFFERDANGE;543;355
MONTIVILLIERS;DRIVE ARRAS;241;180
MONTIVILLIERS;DRIVE BEAUVAIS;174;145
MONTIVILLIERS;DRIVE BOULOGNE;240;150
MONTIVILLIERS;DRIVE CALAIS;267;165
MONTIVILLIERS;DRIVE CAMBRAI;273;175
MONTIVILLIERS;DRIVE CERGY;180;125
MONTIVILLIERS;DRIVE CHERBOURG;205;210
MONTIVILLIERS;DRIVE DUNKERQUE;301;315
MONTIVILLIERS;DRIVE ENGLOS;322;205
MONTIVILLIERS;DRIVE FACHES;307;190
MONTIVILLIERS;DRIVE LE HAVRE;8;15
MONTIVILLIERS;DRIVE LEERS;299;300
MONTIVILLIERS;DRIVE LOUVROIL;333;215
MONTIVILLIERS;DRIVE MONTIVILLIERS;1;15
MONTIVILLIERS;DRIVE NOGENT SUR OISE;211;165
MONTIVILLIERS;DRIVE NOYELLES;285;180
MONTIVILLIERS;DRIVE NOYON;245;170
MONTIVILLIERS;DRIVE ROISSY;212;145
MONTIVILLIERS;DRIVE RONCQ;301;315
MONTIVILLIERS;DRIVE SCHWEIGHOUSE;687;415
MONTIVILLIERS;DRIVE ST OMER;288;185
MONTIVILLIERS;DRIVE TAVERNY;202;135
MONTIVILLIERS;DRIVE VALENCIENNES;296;300
MONTIVILLIERS;DRIVE VILLENEUVE D'ASCQ;313;195
MONTIVILLIERS;DUNKERQUE;303;315
MONTIVILLIERS;DURY;175;180
MONTIVILLIERS;ENGLOS;321;205
MONTIVILLIERS;ENT AMIENS BINAT;182;115
MONTIVILLIERS;ENT AMIENS SAINT SAUVEUR FLEG;180;180
MONTIVILLIERS;ENT AMIENS SAINT SAUVEUR PF;180;180
MONTIVILLIERS;ENT AMIENS SUPER POULAINVILLE PGC;182;195
MONTIVILLIERS;ENT CARVIN FL;298;300
MONTIVILLIERS;ENT CARVIN PF;298;300
MONTIVILLIERS;ENT IENA;309;195
MONTIVILLIERS;ENT IENA1;309;195
MONTIVILLIERS;ENT IENA2;309;195
MONTIVILLIERS;ENT MEYZIEU MEDLEY SUD;660;415
MONTIVILLIERS;ENT SAINGHIN1;312;200
MONTIVILLIERS;ENT SERRIS 2;237;165
MONTIVILLIERS;ENT SOCOPAL DIEPPE;91;105
MONTIVILLIERS;ENT V DHL;213;150
MONTIVILLIERS;ENT V GEODIS;205;145
MONTIVILLIERS;FACHES;282;285
MONTIVILLIERS;FRANQUEVILLE CHRONODRIVE 4475;95;105
MONTIVILLIERS;HERBLAY CHRONODRIVE 444;189;130
MONTIVILLIERS;HIRSON;342;235
MONTIVILLIERS;HOUILLES SUPER 1073;185;120
MONTIVILLIERS;IFS CHRONODRIVE 4253;89;90
MONTIVILLIERS;ILLKIRCH;700;425
MONTIVILLIERS;KIRCHBERG;570;360
MONTIVILLIERS;LA CLOCHE D'OR;560;350
MONTIVILLIERS;LA QUEUE LES YVELINES SUPER 1096;165;120
MONTIVILLIERS;LAXOU;550;360
MONTIVILLIERS;LE CHESNAY PARLY 2 SUPER 1144;181;120
MONTIVILLIERS;LE HAVRE;10;15
MONTIVILLIERS;LEERS;299;300
MONTIVILLIERS;LES MUREAUX HALLES AUCHAN;158;100
MONTIVILLIERS;LONGUEIL SAINTE MARIE SUPER 4315;229;240
MONTIVILLIERS;LOUVROIL;329;330
MONTIVILLIERS;MAUREPAS SUPER 4492;194;130
MONTIVILLIERS;MERS LES BAINS;134;135
MONTIVILLIERS;MERU;187;195
MONTIVILLIERS;MONT SAINT MARTIN;540;350
MONTIVILLIERS;MONTIVILLIERS;0;0
MONTIVILLIERS;NANCY CENTRE;555;370
MONTIVILLIERS;NOYON;246;170
MONTIVILLIERS;OSNY;183;130
MONTIVILLIERS;ROISSY;211;145
MONTIVILLIERS;RONCQ;301;315
MONTIVILLIERS;SCHWEIGHOUSE;689;415
MONTIVILLIERS;SEMECOURT;525;315
MONTIVILLIERS;SOCOPAL;91;105
MONTIVILLIERS;SOISY;196;135
MONTIVILLIERS;ST OMER;245;255
MONTIVILLIERS;STRASBOURG;697;420
MONTIVILLIERS;TAVERNY;193;135
MONTIVILLIERS;TOMBLAINE;595;370
MONTIVILLIERS;VAL DE REUIL SUPER 1209;95;105
MONTIVILLIERS;VALENCIENNES;296;300
MONTIVILLIERS;VERNEUIL 1 VERGER SUPER 4981;163;110
MONTIVILLIERS;VILLENEUVE 2;314;200
MONTIVILLIERS;VIRY NOUREUIL;278;175
NANCY CENTRE;1186 ST QUENTIN SCHUMANN SUPER;309;225
NANCY CENTRE;1267 CALAIS DELAROCHE SUPER;477;315
NANCY CENTRE;1297 HARNES SUPER;391;270
NANCY CENTRE;4313 CANTELEU SUPER;505;340
NANCY CENTRE;4536 LILLE WAZEMMES MY AUCHAN;412;285
NANCY CENTRE;4926 BILLY BERCLAU SUPER;401;275
NANCY CENTRE;4977 RUE SUPER;450;310
NANCY CENTRE;914 MARQUETTE LES PARTISANS DU GOUT;417;290
NANCY CENTRE;ARRAS;387;270
NANCY CENTRE;AUCHAN CITY TOURCOING;425;290
NANCY CENTRE;AUCHAN LUXEMBOURG SUPPLY;109;90
NANCY CENTRE;BEAUVAIS;412;295
NANCY CENTRE;BETHUNE;404;275
NANCY CENTRE;BOULOGNE;499;330
NANCY CENTRE;CAEN CHRONO 352;591;405
NANCY CENTRE;CALAIS;482;320
NANCY CENTRE;CAMBRAI;354;250
NANCY CENTRE;CERGY;380;275
NANCY CENTRE;CERGY CHRONODRIVE 469;385;280
NANCY CENTRE;CHERBOURG;707;485
NANCY CENTRE;CHRONO AVELIN 4361;401;275
NANCY CENTRE;CHRONO BONDUES 4703;430;290
NANCY CENTRE;CHRONO COMPIEGNE 4345;311;260
NANCY CENTRE;CHRONO COUDEKERQUE 4242;486;330
NANCY CENTRE;CHRONO CROIX 4154;422;290
NANCY CENTRE;CHRONO ELEU DIT LEAUWETTE 4462;388;265
NANCY CENTRE;CHRONO HALLENNES 4167;411;285
NANCY CENTRE;CHRONO IFS;588;400
NANCY CENTRE;CHRONO LAMBERSART 4424;417;290
NANCY CENTRE;CHRONO MARCQ 4128;419;290
NANCY CENTRE;CHRONO VALENCIENNES 4370;379;260
NANCY CENTRE;CHRONO WASQUEHAL 4303;419;285
NANCY CENTRE;CORMEILLES EN PARISIS CHRONODRIVE 413;369;270
NANCY CENTRE;DIEPPE;489;345
NANCY CENTRE;DOUAI;371;265
NANCY CENTRE;DRIVE ARRAS;386;265
NANCY CENTRE;DRIVE BEAUVAIS;412;295
NANCY CENTRE;DRIVE BETHUNE;404;275
NANCY CENTRE;DRIVE BOULOGNE;480;325
NANCY CENTRE;DRIVE CALAIS;482;320
NANCY CENTRE;DRIVE CAMBRAI;354;250
NANCY CENTRE;DRIVE CERGY;380;275
NANCY CENTRE;DRIVE CHERBOURG;707;485
NANCY CENTRE;DRIVE DIEPPE;489;345
NANCY CENTRE;DRIVE DOUAI;371;265
NANCY CENTRE;DRIVE DUNKERQUE;486;330
NANCY CENTRE;DRIVE DURY;380;265
NANCY CENTRE;DRIVE ENGLOS;419;290
NANCY CENTRE;DRIVE FACHES;404;275
NANCY CENTRE;DRIVE LE HAVRE;561;375
NANCY CENTRE;DRIVE LEERS;419;285
NANCY CENTRE;DRIVE LOUVROIL;329;245
NANCY CENTRE;DRIVE MONTIVILLIERS;551;370
NANCY CENTRE;DRIVE NOGENT SUR OISE;352;275
NANCY CENTRE;DRIVE NOYELLES;382;265
NANCY CENTRE;DRIVE NOYON;324;245
NANCY CENTRE;DRIVE OSNY;385;280
NANCY CENTRE;DRIVE PETITE FORET;390;265
NANCY CENTRE;DRIVE ROISSY;346;250
NANCY CENTRE;DRIVE RONCQ;428;290
NANCY CENTRE;DRIVE SCHWEIGHOUSE;147;105
NANCY CENTRE;DRIVE ST OMER;446;300
NANCY CENTRE;DRIVE ST QUENTIN;310;220
NANCY CENTRE;DRIVE TAVERNY;373;270
NANCY CENTRE;DRIVE VALENCIENNES;383;260
NANCY CENTRE;DRIVE VILLENEUVE D'ASCQ;415;280
NANCY CENTRE;DUNKERQUE;486;330
NANCY CENTRE;DURY;380;265
NANCY CENTRE;ENGLOS;419;290
NANCY CENTRE;ENT AMIENS SAINT SAUVEUR FLEG;388;270
NANCY CENTRE;ENT AMIENS SAINT SAUVEUR PF;389;275
NANCY CENTRE;ENT CARVIN FL;393;270
NANCY CENTRE;ENT CARVIN PF;393;270
NANCY CENTRE;ENT IENA1;406;280
NANCY CENTRE;ENT IENA2;406;280
NANCY CENTRE;ENT MEYZIEU MEDLEY SUD;412;260
NANCY CENTRE;ENT SERRIS 2;315;225
NANCY CENTRE;ENT SOCOPAL DIEPPE;471;325
NANCY CENTRE;ENT V DHL;345;255
NANCY CENTRE;ENT V GEODIS;352;255
NANCY CENTRE;FACHES;404;275
NANCY CENTRE;FRANQUEVILLE CHRONODRIVE 4475;502;345
NANCY CENTRE;HERBLAY CHRONODRIVE 444;372;270
NANCY CENTRE;HIRSON;313;230
NANCY CENTRE;HOUILLES SUPER 1073;367;265
NANCY CENTRE;IFS CHRONODRIVE 4253;588;400
NANCY CENTRE;ILLKIRCH;160;115
NANCY CENTRE;KIRCHBERG;125;95
NANCY CENTRE;LA CLOCHE D'OR;115;90
NANCY CENTRE;LA QUEUE LES YVELINES SUPER 1096;443;285
NANCY CENTRE;LAXOU;7;15
NANCY CENTRE;LE CHESNAY PARLY 2 SUPER 1144;368;275
NANCY CENTRE;LE HAVRE;561;375
NANCY CENTRE;LEERS;420;285
NANCY CENTRE;LES MUREAUX HALLES AUCHAN;394;285
NANCY CENTRE;LONGUEIL SAINTE MARIE SUPER 4315;317;265
NANCY CENTRE;LOUVROIL;329;245
NANCY CENTRE;MAUREPAS SUPER 4492;433;280
NANCY CENTRE;MERS LES BAINS;463;325
NANCY CENTRE;MERU;389;280
NANCY CENTRE;MONT SAINT MARTIN;134;105
NANCY CENTRE;MONTIVILLIERS;555;370
NANCY CENTRE;NOGENT SUR OISE;364;270
NANCY CENTRE;NOYELLES GODAULT;391;260
NANCY CENTRE;NOYON;333;245
NANCY CENTRE;OSNY;393;280
NANCY CENTRE;PETITE FORET;390;260
NANCY CENTRE;ROISSY;357;250
NANCY CENTRE;RONCQ;432;290
NANCY CENTRE;SCHWEIGHOUSE;149;105
NANCY CENTRE;SEMECOURT;70;60
NANCY CENTRE;SOCOPAL;477;315
NANCY CENTRE;SOISY;372;265
NANCY CENTRE;ST OMER;455;300
NANCY CENTRE;ST QUENTIN;319;220
NANCY CENTRE;STRASBOURG;157;115
NANCY CENTRE;TAVERNY;380;265
NANCY CENTRE;TOMBLAINE;3;5
NANCY CENTRE;VAL DE REUIL SUPER 1209;471;325
NANCY CENTRE;VALENCIENNES;385;260
NANCY CENTRE;VERNEUIL 1 VERGER SUPER 4981;402;285
NANCY CENTRE;VILLENEUVE 2;419;280
NANCY CENTRE;VIRY NOUREUIL;310;220
NOGENT SUR OISE;1186 ST QUENTIN SCHUMANN SUPER;108;120
NOGENT SUR OISE;1267 CALAIS DELAROCHE SUPER;244;150
NOGENT SUR OISE;1297 HARNES SUPER;158;105
NOGENT SUR OISE;4313 CANTELEU SUPER;132;130
NOGENT SUR OISE;4536 LILLE WAZEMMES MY AUCHAN;177;180
NOGENT SUR OISE;4926 BILLY BERCLAU SUPER;171;110
NOGENT SUR OISE;4977 RUE SUPER;164;105
NOGENT SUR OISE;914 MARQUETTE LES PARTISANS DU GOUT;183;125
NOGENT SUR OISE;ARRAS;140;150
NOGENT SUR OISE;AUCHAN CITY TOURCOING;189;125
NOGENT SUR OISE;AUCHAN LUXEMBOURG SUPPLY;353;250
NOGENT SUR OISE;BEAUVAIS;44;45
NOGENT SUR OISE;BETHUNE;170;110
NOGENT SUR OISE;BOULOGNE;231;145
NOGENT SUR OISE;CAEN CHRONO 352;293;195
NOGENT SUR OISE;CALAIS;245;155
NOGENT SUR OISE;CERGY;56;60
NOGENT SUR OISE;CERGY CHRONODRIVE 469;59;60
NOGENT SUR OISE;CHERBOURG;379;390
NOGENT SUR OISE;CHRONO BONDUES 4703;188;125
NOGENT SUR OISE;CHRONO COMPIEGNE 4345;37;45
NOGENT SUR OISE;CHRONO COUDEKERQUE 4242;252;165
NOGENT SUR OISE;CHRONO CROIX 4154;183;120
NOGENT SUR OISE;CHRONO ELEU DIT LEAUWETTE 4462;155;100
NOGENT SUR OISE;CHRONO HALLENNES 4167;177;120
NOGENT SUR OISE;CHRONO IFS;290;190
NOGENT SUR OISE;CHRONO LAMBERSART 4424;183;125
NOGENT SUR OISE;CHRONO MARCQ 4128;186;120
NOGENT SUR OISE;CHRONO VALENCIENNES 4370;164;110
NOGENT SUR OISE;CHRONO WASQUEHAL 4303;181;120
NOGENT SUR OISE;CORMEILLES EN PARISIS CHRONODRIVE 413;55;60
NOGENT SUR OISE;DIEPPE;197;140
NOGENT SUR OISE;DIFFERDANGE;342;255
NOGENT SUR OISE;DOUAI;151;165
NOGENT SUR OISE;DRIVE ARRAS;142;100
NOGENT SUR OISE;DRIVE BEAUVAIS;44;45
NOGENT SUR OISE;DRIVE BETHUNE;171;110
NOGENT SUR OISE;DRIVE BOULOGNE;218;135
NOGENT SUR OISE;DRIVE CALAIS;245;155
NOGENT SUR OISE;DRIVE CERGY;55;60
NOGENT SUR OISE;DRIVE CHERBOURG;379;390
NOGENT SUR OISE;DRIVE DIEPPE;198;140
NOGENT SUR OISE;DRIVE DOUAI;151;165
NOGENT SUR OISE;DRIVE DUNKERQUE;252;165
NOGENT SUR OISE;DRIVE DURY;77;90
NOGENT SUR OISE;DRIVE ENGLOS;185;125
NOGENT SUR OISE;DRIVE FACHES;170;110
NOGENT SUR OISE;DRIVE LE HAVRE;269;170
NOGENT SUR OISE;DRIVE LEERS;188;125
NOGENT SUR OISE;DRIVE LOUVROIL;197;130
NOGENT SUR OISE;DRIVE NOGENT SUR OISE;4;15
NOGENT SUR OISE;DRIVE NOYELLES;148;150
NOGENT SUR OISE;DRIVE NOYON;60;60
NOGENT SUR OISE;DRIVE OSNY;56;60
NOGENT SUR OISE;DRIVE ROISSY;38;45
NOGENT SUR OISE;DRIVE RONCQ;190;195
NOGENT SUR OISE;DRIVE SCHWEIGHOUSE;486;315
NOGENT SUR OISE;DRIVE ST OMER;213;135
NOGENT SUR OISE;DRIVE ST QUENTIN;119;80
NOGENT SUR OISE;DRIVE TAVERNY;52;60
NOGENT SUR OISE;DRIVE VILLENEUVE D'ASCQ;177;115
NOGENT SUR OISE;DUNKERQUE;252;165
NOGENT SUR OISE;DURY;77;90
NOGENT SUR OISE;ENGLOS;185;125
NOGENT SUR OISE;ENT AMIENS BINAT;107;120
NOGENT SUR OISE;ENT AMIENS SAINT SAUVEUR FLEG;105;105
NOGENT SUR OISE;ENT AMIENS SAINT SAUVEUR PF;105;105
NOGENT SUR OISE;ENT AMIENS SUPER POULAINVILLE PGC;107;120
NOGENT SUR OISE;ENT CARVIN FL;160;165
NOGENT SUR OISE;ENT CARVIN PF;160;165
NOGENT SUR OISE;ENT IENA;171;180
NOGENT SUR OISE;ENT IENA1;173;110
NOGENT SUR OISE;ENT IENA2;173;110
NOGENT SUR OISE;ENT MEYZIEU MEDLEY SUD;540;340
NOGENT SUR OISE;ENT SAINGHIN1;174;180
NOGENT SUR OISE;ENT SERRIS 1;73;75
NOGENT SUR OISE;ENT SERRIS 2;79;90
NOGENT SUR OISE;ENT V DHL;92;105
NOGENT SUR OISE;ENT V GEODIS;92;105
NOGENT SUR OISE;FRANQUEVILLE CHRONODRIVE 4475;125;120
NOGENT SUR OISE;HERBLAY CHRONODRIVE 444;52;60
NOGENT SUR OISE;HIRSON;169;155
NOGENT SUR OISE;HOUILLES SUPER 1073;69;75
NOGENT SUR OISE;IFS CHRONODRIVE 4253;290;190
NOGENT SUR OISE;ILLKIRCH;499;330
NOGENT SUR OISE;KIRCHBERG;369;260
NOGENT SUR OISE;LA CLOCHE D'OR;359;255
NOGENT SUR OISE;LA QUEUE LES YVELINES SUPER 1096;108;90
NOGENT SUR OISE;LAXOU;349;260
NOGENT SUR OISE;LE CHESNAY PARLY 2 SUPER 1144;82;70
NOGENT SUR OISE;LE HAVRE;270;170
NOGENT SUR OISE;LEERS;188;125
NOGENT SUR OISE;LES MUREAUX HALLES AUCHAN;74;75
NOGENT SUR OISE;LONGUEIL SAINTE MARIE SUPER 4315;25;30
NOGENT SUR OISE;LOUVROIL;197;130
NOGENT SUR OISE;MAUREPAS SUPER 4492;98;85
NOGENT SUR OISE;MERS LES BAINS;177;125
NOGENT SUR OISE;MERU;44;45
NOGENT SUR OISE;MONT SAINT MARTIN;340;255
NOGENT SUR OISE;MONTIVILLIERS;219;225
NOGENT SUR OISE;NANCY CENTRE;364;270
NOGENT SUR OISE;NOGENT SUR OISE;0;0
NOGENT SUR OISE;NOYELLES GODAULT;149;150
NOGENT SUR OISE;NOYON;59;60
NOGENT SUR OISE;OSNY;59;60
NOGENT SUR OISE;ROISSY;39;45
NOGENT SUR OISE;RONCQ;190;195
NOGENT SUR OISE;SCHWEIGHOUSE;486;320
NOGENT SUR OISE;SEMECOURT;322;225
NOGENT SUR OISE;SOISY;43;45
NOGENT SUR OISE;ST OMER;213;135
NOGENT SUR OISE;STRASBOURG;494;330
NOGENT SUR OISE;TAVERNY;52;60
NOGENT SUR OISE;TOMBLAINE;393;275
NOGENT SUR OISE;VAL DE REUIL SUPER 1209;165;120
NOGENT SUR OISE;VERNEUIL 1 VERGER SUPER 4981;68;70
NOGENT SUR OISE;VIRY NOUREUIL;82;90
NOYELLES GODAULT;1267 CALAIS DELAROCHE SUPER;113;75
NOYELLES GODAULT;1297 HARNES SUPER;11;15
NOYELLES GODAULT;4313 CANTELEU SUPER;237;150
NOYELLES GODAULT;4536 LILLE WAZEMMES MY AUCHAN;31;25
NOYELLES GODAULT;4926 BILLY BERCLAU SUPER;23;30
NOYELLES GODAULT;4977 RUE SUPER;119;110
NOYELLES GODAULT;914 MARQUETTE LES PARTISANS DU GOUT;35;30
NOYELLES GODAULT;ARRAS;27;30
NOYELLES GODAULT;AUCHAN CITY TOURCOING;42;45
NOYELLES GODAULT;AUCHAN LUXEMBOURG SUPPLY;331;220
NOYELLES GODAULT;BEAUVAIS;166;180
NOYELLES GODAULT;BETHUNE;39;45
NOYELLES GODAULT;BOULOGNE;116;120
NOYELLES GODAULT;CAEN CHRONO 352;362;225
NOYELLES GODAULT;CALAIS;121;135
NOYELLES GODAULT;CAMBRAI;53;60
NOYELLES GODAULT;CERGY;202;130
NOYELLES GODAULT;CERGY CHRONODRIVE 469;207;130
NOYELLES GODAULT;CHERBOURG;478;310
NOYELLES GODAULT;CHRONO AVELIN 4361;20;30
NOYELLES GODAULT;CHRONO BONDUES 4703;41;45
NOYELLES GODAULT;CHRONO COMPIEGNE 4345;126;135
NOYELLES GODAULT;CHRONO COUDEKERQUE 4242;96;105
NOYELLES GODAULT;CHRONO CROIX 4154;38;45
NOYELLES GODAULT;CHRONO ELEU DIT LEAUWETTE 4462;16;30
NOYELLES GODAULT;CHRONO IFS;359;220
NOYELLES GODAULT;CHRONO LAMBERSART 4424;34;45
NOYELLES GODAULT;CHRONO MARCQ 4128;35;45
NOYELLES GODAULT;CHRONO VALENCIENNES 4370;51;60
NOYELLES GODAULT;CHRONO WASQUEHAL 4303;36;45
NOYELLES GODAULT;CORMEILLES EN PARISIS CHRONODRIVE 413;198;130
NOYELLES GODAULT;DIEPPE;167;180
NOYELLES GODAULT;DIFFERDANGE;312;215
NOYELLES GODAULT;DOUAI;15;15
NOYELLES GODAULT;DRIVE ARRAS;28;30
NOYELLES GODAULT;DRIVE BEAUVAIS;168;105
NOYELLES GODAULT;DRIVE BETHUNE;39;45
NOYELLES GODAULT;DRIVE BOULOGNE;119;120
NOYELLES GODAULT;DRIVE CAMBRAI;53;60
NOYELLES GODAULT;DRIVE CERGY;202;130
NOYELLES GODAULT;DRIVE CHERBOURG;478;310
NOYELLES GODAULT;DRIVE DIEPPE;221;155
NOYELLES GODAULT;DRIVE DOUAI;15;15
NOYELLES GODAULT;DRIVE DUNKERQUE;104;105
NOYELLES GODAULT;DRIVE ENGLOS;39;45
NOYELLES GODAULT;DRIVE FACHES;23;30
NOYELLES GODAULT;DRIVE LE HAVRE;290;300
NOYELLES GODAULT;DRIVE LEERS;42;45
NOYELLES GODAULT;DRIVE LOUVROIL;84;90
NOYELLES GODAULT;DRIVE MONTIVILLIERS;283;180
NOYELLES GODAULT;DRIVE NOGENT SUR OISE;147;95
NOYELLES GODAULT;DRIVE OSNY;207;135
NOYELLES GODAULT;DRIVE PETITE FORET;49;60
NOYELLES GODAULT;DRIVE ROISSY;171;105
NOYELLES GODAULT;DRIVE RONCQ;43;45
NOYELLES GODAULT;DRIVE SCHWEIGHOUSE;514;305
NOYELLES GODAULT;DRIVE ST OMER;87;90
NOYELLES GODAULT;DRIVE ST QUENTIN;78;90
NOYELLES GODAULT;DRIVE TAVERNY;198;125
NOYELLES GODAULT;DRIVE VALENCIENNES;51;60
NOYELLES GODAULT;DRIVE VILLENEUVE D'ASCQ;30;30
NOYELLES GODAULT;DUNKERQUE;106;120
NOYELLES GODAULT;DURY;94;105
NOYELLES GODAULT;ENGLOS;39;45
NOYELLES GODAULT;ENT AMIENS BINAT;115;75
NOYELLES GODAULT;ENT AMIENS SAINT SAUVEUR FLEG;98;105
NOYELLES GODAULT;ENT AMIENS SAINT SAUVEUR PF;98;105
NOYELLES GODAULT;ENT AMIENS SUPER POULAINVILLE PGC;94;105
NOYELLES GODAULT;ENT CARVIN FL;13;15
NOYELLES GODAULT;ENT CARVIN PF;13;15
NOYELLES GODAULT;ENT IENA;25;20
NOYELLES GODAULT;ENT IENA1;25;20
NOYELLES GODAULT;ENT IENA2;25;20
NOYELLES GODAULT;ENT MEYZIEU MEDLEY SUD;673;400
NOYELLES GODAULT;ENT SAINGHIN1;28;25
NOYELLES GODAULT;ENT SERRIS 2;209;135
NOYELLES GODAULT;ENT SOCOPAL DIEPPE;197;210
NOYELLES GODAULT;ENT V DHL;226;240
NOYELLES GODAULT;ENT V GEODIS;227;240
NOYELLES GODAULT;FACHES;24;30
NOYELLES GODAULT;FRANQUEVILLE CHRONODRIVE 4475;234;150
NOYELLES GODAULT;HERBLAY CHRONODRIVE 444;202;130
NOYELLES GODAULT;HIRSON;110;120
NOYELLES GODAULT;HOUILLES SUPER 1073;197;125
NOYELLES GODAULT;IFS CHRONODRIVE 4253;359;220
NOYELLES GODAULT;ILLKIRCH;527;315
NOYELLES GODAULT;KIRCHBERG;328;215
NOYELLES GODAULT;LA CLOCHE D'OR;319;210
NOYELLES GODAULT;LA QUEUE LES YVELINES SUPER 1096;236;160
NOYELLES GODAULT;LAXOU;377;250
NOYELLES GODAULT;LE CHESNAY PARLY 2 SUPER 1144;209;140
NOYELLES GODAULT;LE HAVRE;273;285
NOYELLES GODAULT;LEERS;42;45
NOYELLES GODAULT;LES MUREAUX HALLES AUCHAN;223;225
NOYELLES GODAULT;LONGUEIL SAINTE MARIE SUPER 4315;126;80
NOYELLES GODAULT;LOUVROIL;84;90
NOYELLES GODAULT;MAUREPAS SUPER 4492;226;155
NOYELLES GODAULT;MERS LES BAINS;134;135
NOYELLES GODAULT;MERU;193;195
NOYELLES GODAULT;MONT SAINT MARTIN;306;205
NOYELLES GODAULT;MONTIVILLIERS;263;270
NOYELLES GODAULT;NANCY CENTRE;391;260
NOYELLES GODAULT;NOGENT SUR OISE;150;150
NOYELLES GODAULT;NOYELLES GODAULT;0;0
NOYELLES GODAULT;NOYON;111;120
NOYELLES GODAULT;OSNY;207;130
NOYELLES GODAULT;PETITE FORET;49;60
NOYELLES GODAULT;ROISSY;169;105
NOYELLES GODAULT;RONCQ;43;45
NOYELLES GODAULT;SCHWEIGHOUSE;517;310
NOYELLES GODAULT;SEMECOURT;353;210
NOYELLES GODAULT;SOCOPAL;197;210
NOYELLES GODAULT;SOISY;191;125
NOYELLES GODAULT;ST OMER;78;90
NOYELLES GODAULT;ST QUENTIN;80;90
NOYELLES GODAULT;STRASBOURG;526;315
NOYELLES GODAULT;TAVERNY;199;125
NOYELLES GODAULT;TOMBLAINE;424;265
NOYELLES GODAULT;VAL DE REUIL SUPER 1209;259;170
NOYELLES GODAULT;VALENCIENNES;51;60
NOYELLES GODAULT;VERNEUIL 1 VERGER SUPER 4981;217;145
NOYELLES GODAULT;VILLENEUVE 2;30;30
NOYELLES GODAULT;VIRY NOUREUIL;107;120
NOYON;1267 CALAIS DELAROCHE SUPER;205;135
NOYON;1297 HARNES SUPER;118;85
NOYON;4313 CANTELEU SUPER;174;180
NOYON;4536 LILLE WAZEMMES MY AUCHAN;139;100
NOYON;4926 BILLY BERCLAU SUPER;131;95
NOYON;4977 RUE SUPER;142;150
NOYON;914 MARQUETTE LES PARTISANS DU GOUT;144;105
NOYON;ARRAS;104;105
NOYON;AUCHAN LUXEMBOURG SUPPLY;323;225
NOYON;BEAUVAIS;80;90
NOYON;CAEN CHRONO 352;297;300
NOYON;CALAIS;209;140
NOYON;CAMBRAI;99;105
NOYON;CERGY;117;120
NOYON;CERGY CHRONODRIVE 469;121;135
NOYON;CHERBOURG;437;300
NOYON;CHRONO AVELIN 4361;130;135
NOYON;CHRONO BONDUES 4703;148;105
NOYON;CHRONO COMPIEGNE 4345;30;30
NOYON;CHRONO COUDEKERQUE 4242;213;145
NOYON;CHRONO CROIX 4154;144;105
NOYON;CHRONO ELEU DIT LEAUWETTE 4462;116;85
NOYON;CHRONO HALLENNES 4167;148;150
NOYON;CHRONO IFS;318;210
NOYON;CHRONO LAMBERSART 4424;144;105
NOYON;CHRONO MARCQ 4128;146;105
NOYON;CHRONO VALENCIENNES 4370;124;90
NOYON;CHRONO WASQUEHAL 4303;142;100
NOYON;CORMEILLES EN PARISIS CHRONODRIVE 413;110;120
NOYON;DIEPPE;180;140
NOYON;DIFFERDANGE;311;230
NOYON;DOUAI;114;120
NOYON;DRIVE ARRAS;103;85
NOYON;DRIVE BEAUVAIS;80;90
NOYON;DRIVE BOULOGNE;193;135
NOYON;DRIVE CALAIS;209;140
NOYON;DRIVE CAMBRAI;99;105
NOYON;DRIVE CERGY;116;120
NOYON;DRIVE CHERBOURG;437;300
NOYON;DRIVE DIEPPE;180;145
NOYON;DRIVE DOUAI;114;120
NOYON;DRIVE DUNKERQUE;212;145
NOYON;DRIVE ENGLOS;146;105
NOYON;DRIVE FACHES;131;90
NOYON;DRIVE LE HAVRE;252;175
NOYON;DRIVE LEERS;151;165
NOYON;DRIVE LOUVROIL;123;135
NOYON;DRIVE MONTIVILLIERS;242;170
NOYON;DRIVE NOYON;0;0
NOYON;DRIVE PETITE FORET;127;135
NOYON;DRIVE ROISSY;84;60
NOYON;DRIVE RONCQ;153;165
NOYON;DRIVE SCHWEIGHOUSE;455;290
NOYON;DRIVE ST OMER;173;120
NOYON;DRIVE ST QUENTIN;50;60
NOYON;DRIVE VALENCIENNES;124;135
NOYON;DUNKERQUE;213;145
NOYON;DURY;71;75
NOYON;ENT AMIENS BINAT;73;75
NOYON;ENT AMIENS SAINT SAUVEUR FLEG;79;90
NOYON;ENT AMIENS SAINT SAUVEUR PF;79;90
NOYON;ENT AMIENS SUPER POULAINVILLE PGC;74;75
NOYON;ENT CARVIN FL;123;135
NOYON;ENT CARVIN PF;123;135
NOYON;ENT IENA;135;135
NOYON;ENT IENA1;133;95
NOYON;ENT IENA2;133;95
NOYON;ENT MEYZIEU MEDLEY SUD;581;365
NOYON;ENT SAINGHIN1;138;150
NOYON;ENT SERRIS 1;112;120
NOYON;ENT SERRIS 2;119;120
NOYON;ENT V DHL;139;150
NOYON;ENT V GEODIS;139;150
NOYON;FACHES;133;135
NOYON;FRANQUEVILLE CHRONODRIVE 4475;193;140
NOYON;HERBLAY CHRONODRIVE 444;114;120
NOYON;HIRSON;110;120
NOYON;HOUILLES SUPER 1073;110;80
NOYON;IFS CHRONODRIVE 4253;318;210
NOYON;ILLKIRCH;469;300
NOYON;KIRCHBERG;338;230
NOYON;LA CLOCHE D'OR;328;225
NOYON;LA QUEUE LES YVELINES SUPER 1096;149;115
NOYON;LAXOU;318;235
NOYON;LE CHESNAY PARLY 2 SUPER 1144;123;95
NOYON;LE HAVRE;253;255
NOYON;LEERS;151;165
NOYON;LES MUREAUX HALLES AUCHAN;136;100
NOYON;LONGUEIL SAINTE MARIE SUPER 4315;37;45
NOYON;LOUVROIL;123;135
NOYON;MAUREPAS SUPER 4492;139;110
NOYON;MERU;110;120
NOYON;MONT SAINT MARTIN;309;225
NOYON;MONTIVILLIERS;246;170
NOYON;NANCY CENTRE;333;245
NOYON;NOGENT SUR OISE;59;60
NOYON;NOYELLES GODAULT;113;120
NOYON;NOYON;0;0
NOYON;OSNY;118;120
NOYON;PETITE FORET;127;135
NOYON;ROISSY;83;90
NOYON;RONCQ;153;165
NOYON;SCHWEIGHOUSE;458;290
NOYON;SEMECOURT;294;190
NOYON;SOISY;103;105
NOYON;ST OMER;176;180
NOYON;ST QUENTIN;51;60
NOYON;STRASBOURG;466;295
NOYON;TAVERNY;113;120
NOYON;TOMBLAINE;365;245
NOYON;VAL DE REUIL SUPER 1209;205;145
NOYON;VALENCIENNES;124;135
NOYON;VERNEUIL 1 VERGER SUPER 4981;131;100
NOYON;VILLENEUVE 2;139;100
NOYON;VIRY NOUREUIL;24;30
OSNY;1186 ST QUENTIN SCHUMANN SUPER;182;125
OSNY;1267 CALAIS DELAROCHE SUPER;255;170
OSNY;1297 HARNES SUPER;216;140
OSNY;4313 CANTELEU SUPER;129;135
OSNY;4536 LILLE WAZEMMES MY AUCHAN;236;155
OSNY;4926 BILLY BERCLAU SUPER;229;150
OSNY;4977 RUE SUPER;170;120
OSNY;914 MARQUETTE LES PARTISANS DU GOUT;241;160
OSNY;ARRAS;200;135
OSNY;AUCHAN CITY TOURCOING;247;165
OSNY;AUCHAN LUXEMBOURG SUPPLY;383;260
OSNY;BEAUVAIS;50;60
OSNY;BETHUNE;228;145
OSNY;BOULOGNE;237;155
OSNY;CAEN CHRONO 352;224;150
OSNY;CALAIS;250;165
OSNY;CAMBRAI;194;130
OSNY;CERGY;7;15
OSNY;CERGY CHRONODRIVE 469;10;15
OSNY;CHERBOURG;341;235
OSNY;CHRONO AVELIN 4361;225;145
OSNY;CHRONO BONDUES 4703;246;160
OSNY;CHRONO COMPIEGNE 4345;92;65
OSNY;CHRONO COUDEKERQUE 4242;293;195
OSNY;CHRONO CROIX 4154;241;160
OSNY;CHRONO ELEU DIT LEAUWETTE 4462;213;140
OSNY;CHRONO HALLENNES 4167;235;155
OSNY;CHRONO IFS;222;145
OSNY;CHRONO LAMBERSART 4424;241;160
OSNY;CHRONO MARCQ 4128;244;160
OSNY;CHRONO VALENCIENNES 4370;222;145
OSNY;CHRONO WASQUEHAL 4303;239;155
OSNY;CORMEILLES EN PARISIS CHRONODRIVE 413;21;30
OSNY;DIEPPE;183;135
OSNY;DIFFERDANGE;372;265
OSNY;DOUAI;212;145
OSNY;DRIVE ARRAS;200;140
OSNY;DRIVE BEAUVAIS;50;60
OSNY;DRIVE BETHUNE;229;145
OSNY;DRIVE BOULOGNE;223;150
OSNY;DRIVE CALAIS;250;165
OSNY;DRIVE CAMBRAI;194;130
OSNY;DRIVE CERGY;7;15
OSNY;DRIVE CHERBOURG;341;235
OSNY;DRIVE DIEPPE;183;135
OSNY;DRIVE DOUAI;212;145
OSNY;DRIVE DUNKERQUE;287;190
OSNY;DRIVE DURY;99;75
OSNY;DRIVE ENGLOS;243;160
OSNY;DRIVE FACHES;228;145
OSNY;DRIVE LE HAVRE;189;135
OSNY;DRIVE LEERS;246;160
OSNY;DRIVE LOUVROIL;255;165
OSNY;DRIVE MONTIVILLIERS;184;130
OSNY;DRIVE NOGENT SUR OISE;62;75
OSNY;DRIVE NOYELLES;207;130
OSNY;DRIVE NOYON;123;135
OSNY;DRIVE OSNY;0;0
OSNY;DRIVE PETITE FORET;223;145
OSNY;DRIVE ROISSY;47;60
OSNY;DRIVE RONCQ;249;165
OSNY;DRIVE SCHWEIGHOUSE;516;325
OSNY;DRIVE ST OMER;271;175
OSNY;DRIVE ST QUENTIN;177;115
OSNY;DRIVE TAVERNY;19;30
OSNY;DRIVE VALENCIENNES;220;140
OSNY;DRIVE VILLENEUVE D'ASCQ;235;150
OSNY;DUNKERQUE;287;190
OSNY;DURY;105;105
OSNY;ENGLOS;243;160
OSNY;ENT AMIENS SAINT SAUVEUR FLEG;131;135
OSNY;ENT AMIENS SAINT SAUVEUR PF;131;135
OSNY;ENT AMIENS SUPER POULAINVILLE PGC;133;135
OSNY;ENT CARVIN FL;217;140
OSNY;ENT CARVIN PF;217;140
OSNY;ENT IENA1;231;145
OSNY;ENT IENA2;231;145
OSNY;ENT MEYZIEU MEDLEY SUD;514;335
OSNY;ENT SERRIS 1;74;75
OSNY;ENT SERRIS 2;74;75
OSNY;ENT V DHL;73;75
OSNY;ENT V GEODIS;73;75
OSNY;FACHES;229;145
OSNY;FRANQUEVILLE CHRONODRIVE 4475;86;90
OSNY;HERBLAY CHRONODRIVE 444;15;15
OSNY;HIRSON;214;180
OSNY;HOUILLES SUPER 1073;33;45
OSNY;IFS CHRONODRIVE 4253;222;145
OSNY;ILLKIRCH;529;335
OSNY;KIRCHBERG;399;265
OSNY;LA CLOCHE D'OR;389;260
OSNY;LA QUEUE LES YVELINES SUPER 1096;57;60
OSNY;LAXOU;379;265
OSNY;LE CHESNAY PARLY 2 SUPER 1144;35;45
OSNY;LE HAVRE;189;135
OSNY;LEERS;246;160
OSNY;LES MUREAUX HALLES AUCHAN;25;30
OSNY;LONGUEIL SAINTE MARIE SUPER 4315;87;90
OSNY;LOUVROIL;255;165
OSNY;MAUREPAS SUPER 4492;49;60
OSNY;MERS LES BAINS;203;210
OSNY;MERU;22;30
OSNY;MONT SAINT MARTIN;369;260
OSNY;MONTIVILLIERS;183;130
OSNY;NANCY CENTRE;393;280
OSNY;NOGENT SUR OISE;58;60
OSNY;NOYELLES GODAULT;207;130
OSNY;NOYON;123;135
OSNY;OSNY;0;0
OSNY;PETITE FORET;221;145
OSNY;ROISSY;46;60
OSNY;RONCQ;247;165
OSNY;SCHWEIGHOUSE;519;325
OSNY;SEMECOURT;355;230
OSNY;SOISY;27;30
OSNY;ST OMER;271;175
OSNY;ST QUENTIN;173;120
OSNY;STRASBOURG;528;330
OSNY;TAVERNY;19;30
OSNY;TOMBLAINE;426;280
OSNY;VAL DE REUIL SUPER 1209;98;105
OSNY;VALENCIENNES;220;145
OSNY;VERNEUIL 1 VERGER SUPER 4981;25;30
OSNY;VILLENEUVE 2;235;155
OSNY;VIRY NOUREUIL;143;110
PETITE FORET;1186 ST QUENTIN SCHUMANN SUPER;82;90
PETITE FORET;1267 CALAIS DELAROCHE SUPER;153;165
PETITE FORET;1297 HARNES SUPER;58;45
PETITE FORET;4313 CANTELEU SUPER;251;160
PETITE FORET;4536 LILLE WAZEMMES MY AUCHAN;47;35
PETITE FORET;4926 BILLY BERCLAU SUPER;67;75
PETITE FORET;4977 RUE SUPER;197;125
PETITE FORET;914 MARQUETTE LES PARTISANS DU GOUT;51;60
PETITE FORET;ARRAS;69;75
PETITE FORET;AUCHAN CITY TOURCOING;56;60
PETITE FORET;AUCHAN LUXEMBOURG SUPPLY;290;190
PETITE FORET;BEAUVAIS;182;195
PETITE FORET;BETHUNE;82;90
PETITE FORET;BOULOGNE;160;165
PETITE FORET;CAEN CHRONO 352;376;235
PETITE FORET;CALAIS;160;165
PETITE FORET;CAMBRAI;32;45
PETITE FORET;CERGY;216;140
PETITE FORET;CERGY CHRONODRIVE 469;221;145
PETITE FORET;CHERBOURG;492;320
PETITE FORET;CHRONO AVELIN 4361;37;45
PETITE FORET;CHRONO BONDUES 4703;56;60
PETITE FORET;CHRONO COMPIEGNE 4345;137;150
PETITE FORET;CHRONO COUDEKERQUE 4242;112;120
PETITE FORET;CHRONO CROIX 4154;50;60
PETITE FORET;CHRONO ELEU DIT LEAUWETTE 4462;64;75
PETITE FORET;CHRONO HALLENNES 4167;55;60
PETITE FORET;CHRONO IFS;373;230
PETITE FORET;CHRONO LAMBERSART 4424;50;60
PETITE FORET;CHRONO MARCQ 4128;52;60
PETITE FORET;CHRONO VALENCIENNES 4370;6;15
PETITE FORET;CHRONO WASQUEHAL 4303;49;60
PETITE FORET;CORMEILLES EN PARISIS CHRONODRIVE 413;213;140
PETITE FORET;DIEPPE;236;240
PETITE FORET;DIFFERDANGE;270;185
PETITE FORET;DOUAI;44;45
PETITE FORET;DRIVE BEAUVAIS;181;195
PETITE FORET;DRIVE BETHUNE;82;90
PETITE FORET;DRIVE CALAIS;158;165
PETITE FORET;DRIVE CAMBRAI;32;45
PETITE FORET;DRIVE CERGY;216;140
PETITE FORET;DRIVE CHERBOURG;492;320
PETITE FORET;DRIVE DIEPPE;236;165
PETITE FORET;DRIVE DOUAI;44;45
PETITE FORET;DRIVE DUNKERQUE;121;135
PETITE FORET;DRIVE DURY;127;135
PETITE FORET;DRIVE ENGLOS;55;60
PETITE FORET;DRIVE FACHES;45;45
PETITE FORET;DRIVE LE HAVRE;307;195
PETITE FORET;DRIVE LEERS;54;60
PETITE FORET;DRIVE LOUVROIL;44;45
PETITE FORET;DRIVE MONTIVILLIERS;297;190
PETITE FORET;DRIVE NOGENT SUR OISE;162;105
PETITE FORET;DRIVE NOYELLES;55;60
PETITE FORET;DRIVE OSNY;221;145
PETITE FORET;DRIVE PETITE FORET;0;0
PETITE FORET;DRIVE ROISSY;185;115
PETITE FORET;DRIVE RONCQ;58;60
PETITE FORET;DRIVE SCHWEIGHOUSE;512;305
PETITE FORET;DRIVE ST OMER;113;120
PETITE FORET;DRIVE TAVERNY;213;135
PETITE FORET;DRIVE VALENCIENNES;7;15
PETITE FORET;DRIVE VILLENEUVE D'ASCQ;42;45
PETITE FORET;DUNKERQUE;122;135
PETITE FORET;DURY;127;135
PETITE FORET;ENGLOS;55;60
PETITE FORET;ENT AMIENS BINAT;112;120
PETITE FORET;ENT AMIENS SAINT SAUVEUR FLEG;135;135
PETITE FORET;ENT AMIENS SAINT SAUVEUR PF;135;135
PETITE FORET;ENT AMIENS SUPER POULAINVILLE PGC;131;135
PETITE FORET;ENT CARVIN FL;60;45
PETITE FORET;ENT CARVIN PF;60;45
PETITE FORET;ENT IENA;42;45
PETITE FORET;ENT IENA1;42;45
PETITE FORET;ENT IENA2;42;45
PETITE FORET;ENT MEYZIEU MEDLEY SUD;671;400
PETITE FORET;ENT SAINGHIN1;40;45
PETITE FORET;ENT SERRIS 1;227;240
PETITE FORET;ENT SERRIS 2;223;145
PETITE FORET;ENT V DHL;243;255
PETITE FORET;ENT V GEODIS;243;255
PETITE FORET;FACHES;45;45
PETITE FORET;FRANQUEVILLE CHRONODRIVE 4475;248;160
PETITE FORET;HERBLAY CHRONODRIVE 444;216;140
PETITE FORET;HIRSON;86;90
PETITE FORET;HOUILLES SUPER 1073;211;135
PETITE FORET;IFS CHRONODRIVE 4253;373;230
PETITE FORET;ILLKIRCH;526;320
PETITE FORET;KIRCHBERG;287;185
PETITE FORET;LA CLOCHE D'OR;277;180
PETITE FORET;LA QUEUE LES YVELINES SUPER 1096;250;170
PETITE FORET;LAXOU;376;250
PETITE FORET;LE CHESNAY PARLY 2 SUPER 1144;223;150
PETITE FORET;LE HAVRE;307;195
PETITE FORET;LEERS;54;60
PETITE FORET;LES MUREAUX HALLES AUCHAN;237;155
PETITE FORET;LONGUEIL SAINTE MARIE SUPER 4315;140;90
PETITE FORET;LOUVROIL;44;45
PETITE FORET;MAUREPAS SUPER 4492;240;165
PETITE FORET;MERS LES BAINS;210;210
PETITE FORET;MONT SAINT MARTIN;264;175
PETITE FORET;MONTIVILLIERS;299;300
PETITE FORET;NANCY CENTRE;390;260
PETITE FORET;NOGENT SUR OISE;166;180
PETITE FORET;NOYELLES GODAULT;51;60
PETITE FORET;NOYON;128;135
PETITE FORET;OSNY;221;145
PETITE FORET;PETITE FORET;0;0
PETITE FORET;ROISSY;185;115
PETITE FORET;RONCQ;58;60
PETITE FORET;SCHWEIGHOUSE;517;310
PETITE FORET;SEMECOURT;353;210
PETITE FORET;SOISY;207;135
PETITE FORET;ST OMER;110;120
PETITE FORET;ST QUENTIN;79;90
PETITE FORET;STRASBOURG;525;315
PETITE FORET;TAVERNY;215;135
PETITE FORET;TOMBLAINE;393;265
PETITE FORET;VAL DE REUIL SUPER 1209;275;185
PETITE FORET;VALENCIENNES;7;15
PETITE FORET;VERNEUIL 1 VERGER SUPER 4981;233;155
PETITE FORET;VILLENEUVE 2;42;45
PETITE FORET;VIRY NOUREUIL;107;120
ROISSY;1186 ST QUENTIN SCHUMANN SUPER;144;95
ROISSY;1267 CALAIS DELAROCHE SUPER;264;160
ROISSY;1297 HARNES SUPER;177;110
ROISSY;4313 CANTELEU SUPER;154;110
ROISSY;4536 LILLE WAZEMMES MY AUCHAN;198;125
ROISSY;4926 BILLY BERCLAU SUPER;190;120
ROISSY;4977 RUE SUPER;197;125
ROISSY;914 MARQUETTE LES PARTISANS DU GOUT;202;130
ROISSY;ARRAS;161;110
ROISSY;AUCHAN CITY TOURCOING;208;210
ROISSY;AUCHAN LUXEMBOURG SUPPLY;347;230
ROISSY;BEAUVAIS;69;75
ROISSY;BETHUNE;190;120
ROISSY;BOULOGNE;264;165
ROISSY;CAEN CHRONO 352;253;165
ROISSY;CALAIS;268;165
ROISSY;CAMBRAI;156;100
ROISSY;CERGY;43;45
ROISSY;CERGY CHRONODRIVE 469;47;60
ROISSY;CHERBOURG;373;375
ROISSY;CHRONO AVELIN 4361;187;115
ROISSY;CHRONO BONDUES 4703;207;135
ROISSY;CHRONO COMPIEGNE 4345;53;40
ROISSY;CHRONO COUDEKERQUE 4242;272;170
ROISSY;CHRONO CROIX 4154;203;130
ROISSY;CHRONO ELEU DIT LEAUWETTE 4462;174;110
ROISSY;CHRONO HALLENNES 4167;197;130
ROISSY;CHRONO IFS;250;160
ROISSY;CHRONO LAMBERSART 4424;203;135
ROISSY;CHRONO MARCQ 4128;205;130
ROISSY;CHRONO VALENCIENNES 4370;183;115
ROISSY;CHRONO WASQUEHAL 4303;201;130
ROISSY;CORMEILLES EN PARISIS CHRONODRIVE 413;32;45
ROISSY;DIEPPE;178;180
ROISSY;DIFFERDANGE;336;235
ROISSY;DOUAI;172;180
ROISSY;DRIVE ARRAS;162;110
ROISSY;DRIVE BETHUNE;190;120
ROISSY;DRIVE BOULOGNE;250;155
ROISSY;DRIVE CALAIS;268;165
ROISSY;DRIVE CAMBRAI;156;100
ROISSY;DRIVE CERGY;42;45
ROISSY;DRIVE CHERBOURG;373;375
ROISSY;DRIVE DIEPPE;212;150
ROISSY;DRIVE DOUAI;172;180
ROISSY;DRIVE DUNKERQUE;271;170
ROISSY;DRIVE ENGLOS;205;130
ROISSY;DRIVE FACHES;190;115
ROISSY;DRIVE LE HAVRE;217;150
ROISSY;DRIVE LEERS;208;135
ROISSY;DRIVE LOUVROIL;216;140
ROISSY;DRIVE MONTIVILLIERS;212;145
ROISSY;DRIVE NOYELLES;168;105
ROISSY;DRIVE OSNY;45;45
ROISSY;DRIVE PETITE FORET;184;115
ROISSY;DRIVE ROISSY;3;15
ROISSY;DRIVE RONCQ;210;135
ROISSY;DRIVE SCHWEIGHOUSE;480;295
ROISSY;DRIVE ST OMER;232;145
ROISSY;DRIVE ST QUENTIN;139;90
ROISSY;DRIVE TAVERNY;35;45
ROISSY;DRIVE VALENCIENNES;182;115
ROISSY;DRIVE VILLENEUVE D'ASCQ;196;125
ROISSY;DUNKERQUE;272;170
ROISSY;DURY;124;135
ROISSY;ENGLOS;204;130
ROISSY;ENT AMIENS SAINT SAUVEUR FLEG;133;135
ROISSY;ENT AMIENS SAINT SAUVEUR PF;133;135
ROISSY;ENT CARVIN FL;179;110
ROISSY;ENT CARVIN PF;179;110
ROISSY;ENT IENA;192;120
ROISSY;ENT IENA1;192;120
ROISSY;ENT IENA2;192;120
ROISSY;ENT MEYZIEU MEDLEY SUD;500;315
ROISSY;ENT SERRIS 1;38;45
ROISSY;ENT SERRIS 2;40;45
ROISSY;ENT V DHL;60;60
ROISSY;ENT V GEODIS;61;75
ROISSY;FACHES;190;120
ROISSY;FRANQUEVILLE CHRONODRIVE 4475;144;110
ROISSY;HERBLAY CHRONODRIVE 444;35;45
ROISSY;HIRSON;178;150
ROISSY;HOUILLES SUPER 1073;30;30
ROISSY;IFS CHRONODRIVE 4253;250;160
ROISSY;ILLKIRCH;493;305
ROISSY;KIRCHBERG;363;240
ROISSY;LA CLOCHE D'OR;353;230
ROISSY;LAXOU;343;240
ROISSY;LE CHESNAY PARLY 2 SUPER 1144;42;45
ROISSY;LE HAVRE;218;150
ROISSY;LEERS;208;135
ROISSY;LES MUREAUX HALLES AUCHAN;61;75
ROISSY;LONGUEIL SAINTE MARIE SUPER 4315;50;40
ROISSY;LOUVROIL;216;140
ROISSY;MAUREPAS SUPER 4492;58;60
ROISSY;MERS LES BAINS;210;145
ROISSY;MERU;47;60
ROISSY;MONT SAINT MARTIN;333;230
ROISSY;MONTIVILLIERS;211;145
ROISSY;NANCY CENTRE;357;250
ROISSY;NOGENT SUR OISE;41;45
ROISSY;NOYELLES GODAULT;169;105
ROISSY;NOYON;81;90
ROISSY;OSNY;44;45
ROISSY;PETITE FORET;185;115
ROISSY;ROISSY;0;0
ROISSY;RONCQ;211;140
ROISSY;SCHWEIGHOUSE;480;300
ROISSY;SEMECOURT;316;200
ROISSY;SOISY;25;30
ROISSY;ST OMER;234;150
ROISSY;ST QUENTIN;141;95
ROISSY;STRASBOURG;488;305
ROISSY;TAVERNY;34;45
ROISSY;TOMBLAINE;387;255
ROISSY;VAL DE REUIL SUPER 1209;126;90
ROISSY;VALENCIENNES;184;115
ROISSY;VERNEUIL 1 VERGER SUPER 4981;56;55
ROISSY;VILLENEUVE 2;198;125
ROISSY;VIRY NOUREUIL;106;85
RONCQ;1186 ST QUENTIN SCHUMANN SUPER;124;135
RONCQ;1297 HARNES SUPER;42;45
RONCQ;4313 CANTELEU SUPER;277;180
RONCQ;4536 LILLE WAZEMMES MY AUCHAN;17;30
RONCQ;4926 BILLY BERCLAU SUPER;42;45
RONCQ;4977 RUE SUPER;159;140
RONCQ;914 MARQUETTE LES PARTISANS DU GOUT;12;15
RONCQ;ARRAS;70;75
RONCQ;AUCHAN CITY TOURCOING;4;15
RONCQ;AUCHAN LUXEMBOURG SUPPLY;328;220
RONCQ;BEAUVAIS;208;140
RONCQ;BETHUNE;54;60
RONCQ;BOULOGNE;125;135
RONCQ;CAEN CHRONO 352;402;260
RONCQ;CALAIS;128;135
RONCQ;CAMBRAI;86;90
RONCQ;CERGY;242;160
RONCQ;CERGY CHRONODRIVE 469;247;165
RONCQ;CHRONO AVELIN 4361;29;30
RONCQ;CHRONO BONDUES 4703;7;15
RONCQ;CHRONO COMPIEGNE 4345;170;115
RONCQ;CHRONO COUDEKERQUE 4242;80;90
RONCQ;CHRONO CROIX 4154;12;15
RONCQ;CHRONO ELEU DIT LEAUWETTE 4462;54;60
RONCQ;CHRONO HALLENNES 4167;23;30
RONCQ;CHRONO IFS;399;255
RONCQ;CHRONO LAMBERSART 4424;17;30
RONCQ;CHRONO MARCQ 4128;10;15
RONCQ;CHRONO VALENCIENNES 4370;63;75
RONCQ;CHRONO WASQUEHAL 4303;12;15
RONCQ;CORMEILLES EN PARISIS CHRONODRIVE 413;239;165
RONCQ;DIEPPE;261;185
RONCQ;DIFFERDANGE;308;215
RONCQ;DOUAI;56;60
RONCQ;DRIVE ARRAS;70;75
RONCQ;DRIVE BETHUNE;54;60
RONCQ;DRIVE BOULOGNE;128;135
RONCQ;DRIVE CAMBRAI;86;90
RONCQ;DRIVE CERGY;242;160
RONCQ;DRIVE DOUAI;56;60
RONCQ;DRIVE DUNKERQUE;88;90
RONCQ;DRIVE ENGLOS;21;30
RONCQ;DRIVE FACHES;23;30
RONCQ;DRIVE LEERS;14;15
RONCQ;DRIVE MONTIVILLIERS;327;330
RONCQ;DRIVE NOGENT SUR OISE;188;125
RONCQ;DRIVE NOYELLES;45;45
RONCQ;DRIVE OSNY;247;165
RONCQ;DRIVE PETITE FORET;58;60
RONCQ;DRIVE ROISSY;211;140
RONCQ;DRIVE RONCQ;0;0
RONCQ;DRIVE SCHWEIGHOUSE;554;335
RONCQ;DRIVE ST OMER;78;90
RONCQ;DRIVE TAVERNY;239;160
RONCQ;DRIVE VALENCIENNES;65;75
RONCQ;DRIVE VILLENEUVE D'ASCQ;18;30
RONCQ;DUNKERQUE;90;90
RONCQ;DURY;137;150
RONCQ;ENGLOS;21;30
RONCQ;ENT AMIENS BINAT;133;135
RONCQ;ENT AMIENS SAINT SAUVEUR FLEG;139;150
RONCQ;ENT AMIENS SAINT SAUVEUR PF;139;150
RONCQ;ENT AMIENS SUPER POULAINVILLE PGC;135;135
RONCQ;ENT CARVIN FL;37;45
RONCQ;ENT CARVIN PF;37;45
RONCQ;ENT IENA;24;30
RONCQ;ENT IENA1;22;30
RONCQ;ENT IENA2;22;30
RONCQ;ENT MEYZIEU MEDLEY SUD;713;435
RONCQ;ENT SAINGHIN1;23;30
RONCQ;ENT SERRIS 2;249;165
RONCQ;ENT SOCOPAL DIEPPE;238;240
RONCQ;ENT V DHL;211;140
RONCQ;ENT V GEODIS;268;270
RONCQ;FACHES;24;30
RONCQ;FRANQUEVILLE CHRONODRIVE 4475;274;185
RONCQ;HERBLAY CHRONODRIVE 444;242;160
RONCQ;HIRSON;141;150
RONCQ;HOUILLES SUPER 1073;237;160
RONCQ;IFS CHRONODRIVE 4253;399;255
RONCQ;ILLKIRCH;568;350
RONCQ;KIRCHBERG;325;215
RONCQ;LA CLOCHE D'OR;315;210
RONCQ;LA QUEUE LES YVELINES SUPER 1096;276;195
RONCQ;LAXOU;417;280
RONCQ;LE CHESNAY PARLY 2 SUPER 1144;250;175
RONCQ;LEERS;14;15
RONCQ;LES MUREAUX HALLES AUCHAN;263;175
RONCQ;LONGUEIL SAINTE MARIE SUPER 4315;166;110
RONCQ;LOUVROIL;98;105
RONCQ;MAUREPAS SUPER 4492;266;190
RONCQ;MERU;234;155
RONCQ;MONT SAINT MARTIN;302;205
RONCQ;MONTIVILLIERS;305;315
RONCQ;NANCY CENTRE;432;290
RONCQ;NOGENT SUR OISE;191;195
RONCQ;NOYELLES GODAULT;45;45
RONCQ;NOYON;154;165
RONCQ;OSNY;247;165
RONCQ;PETITE FORET;58;60
RONCQ;ROISSY;211;140
RONCQ;RONCQ;0;0
RONCQ;SCHWEIGHOUSE;525;340
RONCQ;SEMECOURT;394;240
RONCQ;SOCOPAL;238;240
RONCQ;SOISY;232;155
RONCQ;ST OMER;78;90
RONCQ;ST QUENTIN;119;120
RONCQ;STRASBOURG;533;345
RONCQ;TAVERNY;240;155
RONCQ;TOMBLAINE;431;290
RONCQ;VAL DE REUIL SUPER 1209;300;205
RONCQ;VALENCIENNES;65;75
RONCQ;VERNEUIL 1 VERGER SUPER 4981;258;175
RONCQ;VILLENEUVE 2;17;30
RONCQ;VIRY NOUREUIL;150;150
SCHWEIGHOUSE;1186 ST QUENTIN SCHUMANN SUPER;443;270
SCHWEIGHOUSE;1267 CALAIS DELAROCHE SUPER;611;365
SCHWEIGHOUSE;1297 HARNES SUPER;525;315
SCHWEIGHOUSE;4313 CANTELEU SUPER;639;385
SCHWEIGHOUSE;4536 LILLE WAZEMMES MY AUCHAN;546;330
SCHWEIGHOUSE;4926 BILLY BERCLAU SUPER;535;325
SCHWEIGHOUSE;4977 RUE SUPER;584;355
SCHWEIGHOUSE;914 MARQUETTE LES PARTISANS DU GOUT;551;335
SCHWEIGHOUSE;ARRAS;521;315
SCHWEIGHOUSE;AUCHAN CITY TOURCOING;522;340
SCHWEIGHOUSE;AUCHAN LUXEMBOURG SUPPLY;206;135
SCHWEIGHOUSE;BEAUVAIS;546;340
SCHWEIGHOUSE;BETHUNE;538;320
SCHWEIGHOUSE;BOULOGNE;633;380
SCHWEIGHOUSE;CAEN CHRONO 352;725;450
SCHWEIGHOUSE;CALAIS;616;370
SCHWEIGHOUSE;CAMBRAI;488;295
SCHWEIGHOUSE;CERGY;514;320
SCHWEIGHOUSE;CERGY CHRONODRIVE 469;519;325
SCHWEIGHOUSE;CHERBOURG;841;530
SCHWEIGHOUSE;CHRONO AVELIN 4361;535;320
SCHWEIGHOUSE;CHRONO BONDUES 4703;556;335
SCHWEIGHOUSE;CHRONO COMPIEGNE 4345;445;305
SCHWEIGHOUSE;CHRONO COUDEKERQUE 4242;620;375
SCHWEIGHOUSE;CHRONO CROIX 4154;551;335
SCHWEIGHOUSE;CHRONO ELEU DIT LEAUWETTE 4462;522;315
SCHWEIGHOUSE;CHRONO HALLENNES 4167;545;330
SCHWEIGHOUSE;CHRONO IFS;722;445
SCHWEIGHOUSE;CHRONO LAMBERSART 4424;551;340
SCHWEIGHOUSE;CHRONO MARCQ 4128;554;335
SCHWEIGHOUSE;CHRONO VALENCIENNES 4370;475;305
SCHWEIGHOUSE;CHRONO WASQUEHAL 4303;549;330
SCHWEIGHOUSE;CORMEILLES EN PARISIS CHRONODRIVE 413;503;315
SCHWEIGHOUSE;DIEPPE;623;390
SCHWEIGHOUSE;DIFFERDANGE;221;145
SCHWEIGHOUSE;DOUAI;505;310
SCHWEIGHOUSE;DRIVE ARRAS;520;315
SCHWEIGHOUSE;DRIVE BEAUVAIS;546;340
SCHWEIGHOUSE;DRIVE BETHUNE;538;320
SCHWEIGHOUSE;DRIVE BOULOGNE;614;370
SCHWEIGHOUSE;DRIVE CALAIS;616;365
SCHWEIGHOUSE;DRIVE CAMBRAI;488;295
SCHWEIGHOUSE;DRIVE CERGY;514;320
SCHWEIGHOUSE;DRIVE CHERBOURG;841;530
SCHWEIGHOUSE;DRIVE DIEPPE;623;390
SCHWEIGHOUSE;DRIVE DOUAI;505;310
SCHWEIGHOUSE;DRIVE DUNKERQUE;620;375
SCHWEIGHOUSE;DRIVE DURY;514;310
SCHWEIGHOUSE;DRIVE ENGLOS;553;335
SCHWEIGHOUSE;DRIVE FACHES;538;320
SCHWEIGHOUSE;DRIVE LE HAVRE;695;420
SCHWEIGHOUSE;DRIVE LEERS;516;330
SCHWEIGHOUSE;DRIVE LOUVROIL;426;290
SCHWEIGHOUSE;DRIVE MONTIVILLIERS;685;415
SCHWEIGHOUSE;DRIVE NOGENT SUR OISE;486;320
SCHWEIGHOUSE;DRIVE NOYELLES;516;310
SCHWEIGHOUSE;DRIVE NOYON;458;290
SCHWEIGHOUSE;DRIVE OSNY;519;325
SCHWEIGHOUSE;DRIVE PETITE FORET;516;310
SCHWEIGHOUSE;DRIVE ROISSY;480;300
SCHWEIGHOUSE;DRIVE RONCQ;525;340
SCHWEIGHOUSE;DRIVE SCHWEIGHOUSE;0;0
SCHWEIGHOUSE;DRIVE ST OMER;580;350
SCHWEIGHOUSE;DRIVE ST QUENTIN;444;265
SCHWEIGHOUSE;DRIVE TAVERNY;507;315
SCHWEIGHOUSE;DRIVE VALENCIENNES;480;305
SCHWEIGHOUSE;DRIVE VILLENEUVE D'ASCQ;511;325
SCHWEIGHOUSE;DUNKERQUE;620;375
SCHWEIGHOUSE;DURY;514;310
SCHWEIGHOUSE;ENGLOS;553;335
SCHWEIGHOUSE;ENT AMIENS SAINT SAUVEUR FLEG;522;315
SCHWEIGHOUSE;ENT AMIENS SAINT SAUVEUR PF;523;320
SCHWEIGHOUSE;ENT CARVIN FL;527;540
SCHWEIGHOUSE;ENT CARVIN PF;527;540
SCHWEIGHOUSE;ENT IENA1;540;325
SCHWEIGHOUSE;ENT IENA2;540;325
SCHWEIGHOUSE;ENT MEYZIEU MEDLEY SUD;513;320
SCHWEIGHOUSE;ENT SERRIS 2;449;270
SCHWEIGHOUSE;ENT SOCOPAL DIEPPE;605;370
SCHWEIGHOUSE;ENT V DHL;479;300
SCHWEIGHOUSE;ENT V GEODIS;486;305
SCHWEIGHOUSE;FACHES;538;325
SCHWEIGHOUSE;FRANQUEVILLE CHRONODRIVE 4475;636;390
SCHWEIGHOUSE;HERBLAY CHRONODRIVE 444;506;315
SCHWEIGHOUSE;HIRSON;409;275
SCHWEIGHOUSE;HOUILLES SUPER 1073;501;315
SCHWEIGHOUSE;IFS CHRONODRIVE 4253;722;445
SCHWEIGHOUSE;ILLKIRCH;40;45
SCHWEIGHOUSE;KIRCHBERG;222;145
SCHWEIGHOUSE;LA CLOCHE D'OR;212;135
SCHWEIGHOUSE;LA QUEUE LES YVELINES SUPER 1096;531;330
SCHWEIGHOUSE;LAXOU;154;110
SCHWEIGHOUSE;LE CHESNAY PARLY 2 SUPER 1144;502;320
SCHWEIGHOUSE;LE HAVRE;695;420
SCHWEIGHOUSE;LEERS;516;330
SCHWEIGHOUSE;LES MUREAUX HALLES AUCHAN;528;330
SCHWEIGHOUSE;LONGUEIL SAINTE MARIE SUPER 4315;451;315
SCHWEIGHOUSE;LOUVROIL;425;295
SCHWEIGHOUSE;MAUREPAS SUPER 4492;522;325
SCHWEIGHOUSE;MERS LES BAINS;597;375
SCHWEIGHOUSE;MERU;523;330
SCHWEIGHOUSE;MONT SAINT MARTIN;230;150
SCHWEIGHOUSE;MONTIVILLIERS;689;415
SCHWEIGHOUSE;NANCY CENTRE;149;105
SCHWEIGHOUSE;NOGENT SUR OISE;486;320
SCHWEIGHOUSE;NOYELLES GODAULT;517;310
SCHWEIGHOUSE;NOYON;458;290
SCHWEIGHOUSE;OSNY;519;325
SCHWEIGHOUSE;PETITE FORET;517;310
SCHWEIGHOUSE;ROISSY;480;300
SCHWEIGHOUSE;RONCQ;525;340
SCHWEIGHOUSE;SCHWEIGHOUSE;0;0
SCHWEIGHOUSE;SEMECOURT;164;100
SCHWEIGHOUSE;SOCOPAL;600;360
SCHWEIGHOUSE;SOISY;494;310
SCHWEIGHOUSE;ST OMER;578;345
SCHWEIGHOUSE;ST QUENTIN;442;265
SCHWEIGHOUSE;STRASBOURG;37;30
SCHWEIGHOUSE;TAVERNY;503;310
SCHWEIGHOUSE;TOMBLAINE;148;110
SCHWEIGHOUSE;VAL DE REUIL SUPER 1209;594;370
SCHWEIGHOUSE;VALENCIENNES;478;305
SCHWEIGHOUSE;VERNEUIL 1 VERGER SUPER 4981;525;335
SCHWEIGHOUSE;VILLENEUVE 2;542;325
SCHWEIGHOUSE;VIRY NOUREUIL;433;265
SEMECOURT;1186 ST QUENTIN SCHUMANN SUPER;279;170
SEMECOURT;1267 CALAIS DELAROCHE SUPER;448;265
SEMECOURT;1297 HARNES SUPER;361;220
SEMECOURT;4313 CANTELEU SUPER;475;290
SEMECOURT;4536 LILLE WAZEMMES MY AUCHAN;382;230
SEMECOURT;4926 BILLY BERCLAU SUPER;371;225
SEMECOURT;4977 RUE SUPER;420;255
SEMECOURT;914 MARQUETTE LES PARTISANS DU GOUT;387;240
SEMECOURT;ARRAS;358;215
SEMECOURT;AUCHAN CITY TOURCOING;393;240
SEMECOURT;AUCHAN LUXEMBOURG SUPPLY;42;45
SEMECOURT;BEAUVAIS;382;245
SEMECOURT;BETHUNE;374;220
SEMECOURT;BOULOGNE;469;280
SEMECOURT;CAEN CHRONO 352;561;350
SEMECOURT;CALAIS;452;270
SEMECOURT;CAMBRAI;324;200
SEMECOURT;CERGY;351;225
SEMECOURT;CERGY CHRONODRIVE 469;355;225
SEMECOURT;CHERBOURG;678;435
SEMECOURT;CHRONO AVELIN 4361;371;220
SEMECOURT;CHRONO BONDUES 4703;392;240
SEMECOURT;CHRONO COMPIEGNE 4345;281;205
SEMECOURT;CHRONO COUDEKERQUE 4242;456;280
SEMECOURT;CHRONO CROIX 4154;387;235
SEMECOURT;CHRONO ELEU DIT LEAUWETTE 4462;358;215
SEMECOURT;CHRONO HALLENNES 4167;381;235
SEMECOURT;CHRONO IFS;558;350
SEMECOURT;CHRONO LAMBERSART 4424;387;240
SEMECOURT;CHRONO MARCQ 4128;390;235
SEMECOURT;CHRONO VALENCIENNES 4370;316;210
SEMECOURT;CHRONO WASQUEHAL 4303;385;235
SEMECOURT;CORMEILLES EN PARISIS CHRONODRIVE 413;339;220
SEMECOURT;DIEPPE;459;290
SEMECOURT;DIFFERDANGE;63;75
SEMECOURT;DOUAI;341;215
SEMECOURT;DRIVE ARRAS;357;215
SEMECOURT;DRIVE BEAUVAIS;382;240
SEMECOURT;DRIVE BETHUNE;374;225
SEMECOURT;DRIVE BOULOGNE;450;270
SEMECOURT;DRIVE CALAIS;452;270
SEMECOURT;DRIVE CAMBRAI;324;195
SEMECOURT;DRIVE CERGY;350;220
SEMECOURT;DRIVE CHERBOURG;678;435
SEMECOURT;DRIVE DIEPPE;459;290
SEMECOURT;DRIVE DOUAI;341;215
SEMECOURT;DRIVE DUNKERQUE;456;280
SEMECOURT;DRIVE DURY;350;210
SEMECOURT;DRIVE ENGLOS;389;240
SEMECOURT;DRIVE FACHES;374;225
SEMECOURT;DRIVE LE HAVRE;531;320
SEMECOURT;DRIVE LEERS;357;235
SEMECOURT;DRIVE LOUVROIL;266;195
SEMECOURT;DRIVE MONTIVILLIERS;521;315
SEMECOURT;DRIVE NOGENT SUR OISE;322;225
SEMECOURT;DRIVE NOYELLES;353;210
SEMECOURT;DRIVE NOYON;294;190
SEMECOURT;DRIVE OSNY;355;225
SEMECOURT;DRIVE PETITE FORET;352;210
SEMECOURT;DRIVE ROISSY;316;200
SEMECOURT;DRIVE RONCQ;394;240
SEMECOURT;DRIVE SCHWEIGHOUSE;165;165
SEMECOURT;DRIVE ST OMER;416;250
SEMECOURT;DRIVE ST QUENTIN;280;170
SEMECOURT;DRIVE TAVERNY;343;220
SEMECOURT;DRIVE VALENCIENNES;349;210
SEMECOURT;DRIVE VILLENEUVE D'ASCQ;381;230
SEMECOURT;DUNKERQUE;456;280
SEMECOURT;DURY;350;210
SEMECOURT;ENGLOS;389;235
SEMECOURT;ENT AMIENS SAINT SAUVEUR FLEG;358;215
SEMECOURT;ENT AMIENS SAINT SAUVEUR PF;359;220
SEMECOURT;ENT CARVIN FL;363;220
SEMECOURT;ENT CARVIN PF;363;220
SEMECOURT;ENT IENA;357;360
SEMECOURT;ENT IENA1;376;225
SEMECOURT;ENT IENA2;376;225
SEMECOURT;ENT MEYZIEU MEDLEY SUD;480;300
SEMECOURT;ENT SERRIS 1;284;285
SEMECOURT;ENT SERRIS 2;285;170
SEMECOURT;ENT SOCOPAL DIEPPE;442;270
SEMECOURT;ENT V DHL;337;345
SEMECOURT;ENT V GEODIS;337;345
SEMECOURT;FACHES;375;225
SEMECOURT;FRANQUEVILLE CHRONODRIVE 4475;472;290
SEMECOURT;HERBLAY CHRONODRIVE 444;342;215
SEMECOURT;HIRSON;250;180
SEMECOURT;HOUILLES SUPER 1073;338;215
SEMECOURT;IFS CHRONODRIVE 4253;558;350
SEMECOURT;ILLKIRCH;177;115
SEMECOURT;KIRCHBERG;56;60
SEMECOURT;LA CLOCHE D'OR;64;75
SEMECOURT;LA QUEUE LES YVELINES SUPER 1096;368;230
SEMECOURT;LAXOU;70;55
SEMECOURT;LE CHESNAY PARLY 2 SUPER 1144;338;220
SEMECOURT;LE HAVRE;531;325
SEMECOURT;LEERS;357;235
SEMECOURT;LES MUREAUX HALLES AUCHAN;364;230
SEMECOURT;LONGUEIL SAINTE MARIE SUPER 4315;288;215
SEMECOURT;LOUVROIL;266;195
SEMECOURT;MAUREPAS SUPER 4492;358;230
SEMECOURT;MERS LES BAINS;433;275
SEMECOURT;MERU;359;230
SEMECOURT;MONT SAINT MARTIN;64;75
SEMECOURT;MONTIVILLIERS;525;315
SEMECOURT;NANCY CENTRE;70;60
SEMECOURT;NOGENT SUR OISE;322;225
SEMECOURT;NOYELLES GODAULT;353;210
SEMECOURT;NOYON;294;190
SEMECOURT;OSNY;355;230
SEMECOURT;PETITE FORET;353;210
SEMECOURT;ROISSY;316;200
SEMECOURT;RONCQ;394;240
SEMECOURT;SCHWEIGHOUSE;164;100
SEMECOURT;SEMECOURT;0;0
SEMECOURT;SOCOPAL;439;265
SEMECOURT;SOISY;334;215
SEMECOURT;ST OMER;417;250
SEMECOURT;ST QUENTIN;281;170
SEMECOURT;STRASBOURG;174;110
SEMECOURT;TAVERNY;342;215
SEMECOURT;TOMBLAINE;69;75
SEMECOURT;VAL DE REUIL SUPER 1209;433;275
SEMECOURT;VALENCIENNES;351;210
SEMECOURT;VERNEUIL 1 VERGER SUPER 4981;364;240
SEMECOURT;VILLENEUVE 2;381;230
SEMECOURT;VIRY NOUREUIL;272;170
SOCOPAL;1186 ST QUENTIN SCHUMANN SUPER;169;180
SOCOPAL;1267 CALAIS DELAROCHE SUPER;184;195
SOCOPAL;1297 HARNES SUPER;207;210
SOCOPAL;4313 CANTELEU SUPER;39;45
SOCOPAL;4536 LILLE WAZEMMES MY AUCHAN;227;240
SOCOPAL;4926 BILLY BERCLAU SUPER;183;195
SOCOPAL;4977 RUE SUPER;101;105
SOCOPAL;914 MARQUETTE LES PARTISANS DU GOUT;231;240
SOCOPAL;ARRAS;161;165
SOCOPAL;AUCHAN CITY TOURCOING;237;240
SOCOPAL;AUCHAN LUXEMBOURG SUPPLY;467;295
SOCOPAL;BEAUVAIS;88;90
SOCOPAL;BETHUNE;165;165
SOCOPAL;BOULOGNE;153;165
SOCOPAL;CAEN CHRONO 352;159;165
SOCOPAL;CALAIS;181;195
SOCOPAL;CAMBRAI;186;195
SOCOPAL;CERGY;109;120
SOCOPAL;CERGY CHRONODRIVE 469;104;105
SOCOPAL;CHERBOURG;281;285
SOCOPAL;CHRONO AVELIN 4361;216;225
SOCOPAL;CHRONO BONDUES 4703;237;240
SOCOPAL;CHRONO COMPIEGNE 4345;147;150
SOCOPAL;CHRONO COUDEKERQUE 4242;226;240
SOCOPAL;CHRONO CROIX 4154;233;240
SOCOPAL;CHRONO ELEU DIT LEAUWETTE 4462;176;180
SOCOPAL;CHRONO HALLENNES 4167;199;210
SOCOPAL;CHRONO IFS;161;165
SOCOPAL;CHRONO LAMBERSART 4424;231;240
SOCOPAL;CHRONO MARCQ 4128;233;240
SOCOPAL;CHRONO VALENCIENNES 4370;212;225
SOCOPAL;CHRONO WASQUEHAL 4303;233;240
SOCOPAL;CORMEILLES EN PARISIS CHRONODRIVE 413;124;135
SOCOPAL;DIEPPE;51;60
SOCOPAL;DIFFERDANGE;455;300
SOCOPAL;DOUAI;202;210
SOCOPAL;DRIVE ARRAS;161;165
SOCOPAL;DRIVE BEAUVAIS;88;90
SOCOPAL;DRIVE BETHUNE;165;165
SOCOPAL;DRIVE BOULOGNE;151;165
SOCOPAL;DRIVE CALAIS;180;180
SOCOPAL;DRIVE CAMBRAI;186;195
SOCOPAL;DRIVE CERGY;110;120
SOCOPAL;DRIVE CHERBOURG;281;285
SOCOPAL;DRIVE DIEPPE;52;60
SOCOPAL;DRIVE DOUAI;202;210
SOCOPAL;DRIVE DUNKERQUE;218;225
SOCOPAL;DRIVE DURY;90;90
SOCOPAL;DRIVE ENGLOS;234;240
SOCOPAL;DRIVE FACHES;219;225
SOCOPAL;DRIVE LE HAVRE;95;105
SOCOPAL;DRIVE LEERS;237;240
SOCOPAL;DRIVE LOUVROIL;244;255
SOCOPAL;DRIVE MONTIVILLIERS;88;90
SOCOPAL;DRIVE NOGENT SUR OISE;121;135
SOCOPAL;DRIVE NOYELLES;198;210
SOCOPAL;DRIVE NOYON;158;165
SOCOPAL;DRIVE OSNY;113;110
SOCOPAL;DRIVE PETITE FORET;214;225
SOCOPAL;DRIVE ROISSY;208;135
SOCOPAL;DRIVE RONCQ;240;240
SOCOPAL;DRIVE SCHWEIGHOUSE;600;360
SOCOPAL;DRIVE ST OMER;200;210
SOCOPAL;DRIVE ST QUENTIN;164;165
SOCOPAL;DRIVE TAVERNY;123;120
SOCOPAL;DRIVE VALENCIENNES;211;225
SOCOPAL;DRIVE VILLENEUVE D'ASCQ;226;240
SOCOPAL;DUNKERQUE;217;225
SOCOPAL;DURY;90;90
SOCOPAL;ENGLOS;234;240
SOCOPAL;ENT AMIENS BINAT;95;105
SOCOPAL;ENT AMIENS SAINT SAUVEUR FLEG;92;105
SOCOPAL;ENT AMIENS SAINT SAUVEUR PF;92;105
SOCOPAL;ENT AMIENS SUPER POULAINVILLE PGC;94;105
SOCOPAL;ENT CARVIN FL;210;210
SOCOPAL;ENT CARVIN PF;210;210
SOCOPAL;ENT IENA;221;225
SOCOPAL;ENT IENA1;222;140
SOCOPAL;ENT IENA2;222;140
SOCOPAL;ENT MEYZIEU MEDLEY SUD;633;405
SOCOPAL;ENT SAINGHIN1;224;225
SOCOPAL;ENT SERRIS 1;211;160
SOCOPAL;ENT SERRIS 2;209;155
SOCOPAL;ENT SOCOPAL DIEPPE;0;0
SOCOPAL;ENT V DHL;209;135
SOCOPAL;ENT V GEODIS;177;135
SOCOPAL;FACHES;220;225
SOCOPAL;FRANQUEVILLE CHRONODRIVE 4475;39;45
SOCOPAL;HERBLAY CHRONODRIVE 444;117;120
SOCOPAL;HIRSON;236;240
SOCOPAL;HOUILLES SUPER 1073;155;165
SOCOPAL;IFS CHRONODRIVE 4253;156;165
SOCOPAL;ILLKIRCH;613;375
SOCOPAL;KIRCHBERG;483;305
SOCOPAL;LA CLOCHE D'OR;473;300
SOCOPAL;LA QUEUE LES YVELINES SUPER 1096;147;150
SOCOPAL;LAXOU;463;305
SOCOPAL;LE CHESNAY PARLY 2 SUPER 1144;153;165
SOCOPAL;LE HAVRE;97;105
SOCOPAL;LEERS;237;240
SOCOPAL;LES MUREAUX HALLES AUCHAN;130;90
SOCOPAL;LONGUEIL SAINTE MARIE SUPER 4315;141;150
SOCOPAL;LOUVROIL;245;255
SOCOPAL;MAUREPAS SUPER 4492;162;165
SOCOPAL;MERS LES BAINS;71;75
SOCOPAL;MERU;101;105
SOCOPAL;MONT SAINT MARTIN;453;300
SOCOPAL;MONTIVILLIERS;88;90
SOCOPAL;NANCY CENTRE;477;315
SOCOPAL;NOGENT SUR OISE;123;135
SOCOPAL;NOYELLES GODAULT;199;210
SOCOPAL;NOYON;158;165
SOCOPAL;OSNY;109;120
SOCOPAL;PETITE FORET;214;225
SOCOPAL;ROISSY;155;165
SOCOPAL;RONCQ;240;240
SOCOPAL;SCHWEIGHOUSE;600;360
SOCOPAL;SEMECOURT;439;265
SOCOPAL;SOCOPAL;0;0
SOCOPAL;SOISY;129;135
SOCOPAL;ST OMER;201;210
SOCOPAL;ST QUENTIN;165;165
SOCOPAL;STRASBOURG;612;370
SOCOPAL;TAVERNY;123;135
SOCOPAL;TOMBLAINE;510;320
SOCOPAL;VAL DE REUIL SUPER 1209;58;60
SOCOPAL;VALENCIENNES;211;225
SOCOPAL;VERNEUIL 1 VERGER SUPER 4981;135;135
SOCOPAL;VILLENEUVE 2;225;225
SOCOPAL;VIRY NOUREUIL;190;195
SOISY;1186 ST QUENTIN SCHUMANN SUPER;166;120
SOISY;1267 CALAIS DELAROCHE SUPER;273;175
SOISY;1297 HARNES SUPER;199;135
SOISY;4313 CANTELEU SUPER;139;100
SOISY;4536 LILLE WAZEMMES MY AUCHAN;220;145
SOISY;4926 BILLY BERCLAU SUPER;212;140
SOISY;4977 RUE SUPER;188;125
SOISY;914 MARQUETTE LES PARTISANS DU GOUT;224;155
SOISY;ARRAS;183;130
SOISY;AUCHAN CITY TOURCOING;230;155
SOISY;AUCHAN LUXEMBOURG SUPPLY;362;245
SOISY;BEAUVAIS;60;60
SOISY;BETHUNE;212;140
SOISY;BOULOGNE;254;165
SOISY;CAEN CHRONO 352;238;155
SOISY;CALAIS;268;175
SOISY;CAMBRAI;178;120
SOISY;CERGY;22;30
SOISY;CERGY CHRONODRIVE 469;27;30
SOISY;CHRONO AVELIN 4361;209;135
SOISY;CHRONO BONDUES 4703;229;155
SOISY;CHRONO COMPIEGNE 4345;81;90
SOISY;CHRONO COUDEKERQUE 4242;294;195
SOISY;CHRONO CROIX 4154;225;150
SOISY;CHRONO ELEU DIT LEAUWETTE 4462;196;130
SOISY;CHRONO HALLENNES 4167;219;150
SOISY;CHRONO IFS;235;155
SOISY;CHRONO LAMBERSART 4424;225;155
SOISY;CHRONO MARCQ 4128;227;150
SOISY;CHRONO VALENCIENNES 4370;205;140
SOISY;CHRONO WASQUEHAL 4303;223;150
SOISY;DIEPPE;197;140
SOISY;DIFFERDANGE;350;250
SOISY;DOUAI;195;135
SOISY;DRIVE ARRAS;184;130
SOISY;DRIVE BEAUVAIS;60;60
SOISY;DRIVE BETHUNE;212;140
SOISY;DRIVE BOULOGNE;241;155
SOISY;DRIVE CALAIS;268;175
SOISY;DRIVE CAMBRAI;178;120
SOISY;DRIVE CERGY;22;30
SOISY;DRIVE DIEPPE;197;140
SOISY;DRIVE DOUAI;195;135
SOISY;DRIVE DUNKERQUE;293;195
SOISY;DRIVE DURY;117;85
SOISY;DRIVE ENGLOS;227;155
SOISY;DRIVE FACHES;212;140
SOISY;DRIVE LE HAVRE;202;140
SOISY;DRIVE LEERS;230;155
SOISY;DRIVE LOUVROIL;238;160
SOISY;DRIVE MONTIVILLIERS;197;135
SOISY;DRIVE NOGENT SUR OISE;43;45
SOISY;DRIVE NOYELLES;190;125
SOISY;DRIVE OSNY;26;30
SOISY;DRIVE PETITE FORET;206;135
SOISY;DRIVE ROISSY;24;30
SOISY;DRIVE RONCQ;232;155
SOISY;DRIVE SCHWEIGHOUSE;494;310
SOISY;DRIVE ST OMER;254;165
SOISY;DRIVE ST QUENTIN;161;110
SOISY;DRIVE VALENCIENNES;204;135
SOISY;DRIVE VILLENEUVE D'ASCQ;218;145
SOISY;DUNKERQUE;294;195
SOISY;ENGLOS;226;150
SOISY;ENT AMIENS BINAT;131;135
SOISY;ENT AMIENS SAINT SAUVEUR FLEG;128;135
SOISY;ENT AMIENS SAINT SAUVEUR PF;128;135
SOISY;ENT AMIENS SUPER POULAINVILLE PGC;131;135
SOISY;ENT CARVIN FL;210;210
SOISY;ENT CARVIN PF;210;210
SOISY;ENT IENA1;214;140
SOISY;ENT IENA2;214;140
SOISY;ENT MEYZIEU MEDLEY SUD;496;325
SOISY;ENT SAINGHIN1;217;225
SOISY;ENT SERRIS 1;51;60
SOISY;ENT SERRIS 2;58;60
SOISY;ENT V DHL;58;60
SOISY;ENT V GEODIS;58;60
SOISY;FACHES;212;140
SOISY;FRANQUEVILLE CHRONODRIVE 4475;103;105
SOISY;HERBLAY CHRONODRIVE 444;13;15
SOISY;HIRSON;194;170
SOISY;IFS CHRONODRIVE 4253;235;155
SOISY;ILLKIRCH;508;325
SOISY;KIRCHBERG;377;255
SOISY;LA CLOCHE D'OR;367;250
SOISY;LAXOU;357;255
SOISY;LE CHESNAY PARLY 2 SUPER 1144;34;45
SOISY;LEERS;230;155
SOISY;LES MUREAUX HALLES AUCHAN;41;35
SOISY;LOUVROIL;238;160
SOISY;MERU;38;45
SOISY;MONT SAINT MARTIN;348;245
SOISY;MONTIVILLIERS;196;135
SOISY;NANCY CENTRE;372;265
SOISY;NOGENT SUR OISE;43;45
SOISY;NOYELLES GODAULT;191;125
SOISY;OSNY;26;30
SOISY;PETITE FORET;207;135
SOISY;ROISSY;23;30
SOISY;RONCQ;232;155
SOISY;SCHWEIGHOUSE;494;310
SOISY;SEMECOURT;334;215
SOISY;SOISY;0;0
SOISY;ST OMER;255;170
SOISY;ST QUENTIN;162;110
SOISY;STRASBOURG;511;320
SOISY;TAVERNY;7;15
SOISY;TOMBLAINE;322;330
SOISY;VAL DE REUIL SUPER 1209;112;80
SOISY;VALENCIENNES;205;135
SOISY;VILLENEUVE 2;219;145
SOISY;VIRY NOUREUIL;127;105
ST OMER;1186 ST QUENTIN SCHUMANN SUPER;152;165
ST OMER;1267 CALAIS DELAROCHE SUPER;45;45
ST OMER;1297 HARNES SUPER;81;90
ST OMER;4313 CANTELEU SUPER;238;155
ST OMER;4536 LILLE WAZEMMES MY AUCHAN;66;60
ST OMER;4977 RUE SUPER;116;85
ST OMER;914 MARQUETTE LES PARTISANS DU GOUT;70;60
ST OMER;ARRAS;75;75
ST OMER;AUCHAN CITY TOURCOING;78;90
ST OMER;AUCHAN LUXEMBOURG SUPPLY;385;265
ST OMER;BEAUVAIS;231;145
ST OMER;BETHUNE;41;45
ST OMER;BOULOGNE;48;60
ST OMER;CAEN CHRONO 352;363;235
ST OMER;CALAIS;48;60
ST OMER;CAMBRAI;119;120
ST OMER;CERGY;266;170
ST OMER;CERGY CHRONODRIVE 469;271;175
ST OMER;CHERBOURG;480;315
ST OMER;CHRONO AVELIN 4361;78;90
ST OMER;CHRONO BONDUES 4703;71;75
ST OMER;CHRONO COMPIEGNE 4345;193;125
ST OMER;CHRONO COUDEKERQUE 4242;37;45
ST OMER;CHRONO CROIX 4154;74;75
ST OMER;CHRONO ELEU DIT LEAUWETTE 4462;64;75
ST OMER;CHRONO HALLENNES 4167;59;60
ST OMER;CHRONO IFS;361;230
ST OMER;CHRONO LAMBERSART 4424;64;75
ST OMER;CHRONO MARCQ 4128;70;75
ST OMER;CHRONO VALENCIENNES 4370;116;95
ST OMER;CHRONO WASQUEHAL 4303;74;65
ST OMER;CORMEILLES EN PARISIS CHRONODRIVE 413;270;270
ST OMER;DIEPPE;191;195
ST OMER;DIFFERDANGE;365;260
ST OMER;DOUAI;91;105
ST OMER;DRIVE BEAUVAIS;231;145
ST OMER;DRIVE BETHUNE;41;45
ST OMER;DRIVE BOULOGNE;51;60
ST OMER;DRIVE CALAIS;45;45
ST OMER;DRIVE CAMBRAI;119;120
ST OMER;DRIVE CERGY;266;170
ST OMER;DRIVE CHERBOURG;480;315
ST OMER;DRIVE DIEPPE;206;155
ST OMER;DRIVE DOUAI;91;105
ST OMER;DRIVE DUNKERQUE;38;45
ST OMER;DRIVE DURY;176;115
ST OMER;DRIVE ENGLOS;59;60
ST OMER;DRIVE LE HAVRE;294;190
ST OMER;DRIVE LEERS;82;90
ST OMER;DRIVE MONTIVILLIERS;285;185
ST OMER;DRIVE NOGENT SUR OISE;211;135
ST OMER;DRIVE NOYELLES;77;90
ST OMER;DRIVE OSNY;271;175
ST OMER;DRIVE PETITE FORET;110;120
ST OMER;DRIVE ROISSY;234;150
ST OMER;DRIVE RONCQ;78;90
ST OMER;DRIVE SCHWEIGHOUSE;577;345
ST OMER;DRIVE ST OMER;3;15
ST OMER;DRIVE ST QUENTIN;140;90
ST OMER;DRIVE TAVERNY;262;170
ST OMER;DRIVE VALENCIENNES;116;120
ST OMER;DRIVE VILLENEUVE D'ASCQ;69;75
ST OMER;DUNKERQUE;40;45
ST OMER;DURY;180;180
ST OMER;ENGLOS;59;60
ST OMER;ENT AMIENS BINAT;171;115
ST OMER;ENT AMIENS SAINT SAUVEUR FLEG;168;180
ST OMER;ENT AMIENS SAINT SAUVEUR PF;168;180
ST OMER;ENT AMIENS SUPER POULAINVILLE PGC;108;120
ST OMER;ENT CARVIN FL;87;90
ST OMER;ENT CARVIN PF;87;90
ST OMER;ENT IENA;73;75
ST OMER;ENT IENA1;73;75
ST OMER;ENT IENA2;73;75
ST OMER;ENT MEYZIEU MEDLEY SUD;736;440
ST OMER;ENT SERRIS 2;272;175
ST OMER;ENT V DHL;296;300
ST OMER;ENT V GEODIS;241;155
ST OMER;FACHES;72;75
ST OMER;FRANQUEVILLE CHRONODRIVE 4475;235;160
ST OMER;HERBLAY CHRONODRIVE 444;265;170
ST OMER;HIRSON;178;180
ST OMER;HOUILLES SUPER 1073;260;170
ST OMER;IFS CHRONODRIVE 4253;361;230
ST OMER;ILLKIRCH;591;360
ST OMER;KIRCHBERG;382;260
ST OMER;LA CLOCHE D'OR;373;255
ST OMER;LA QUEUE LES YVELINES SUPER 1096;299;205
ST OMER;LAXOU;441;290
ST OMER;LE CHESNAY PARLY 2 SUPER 1144;273;185
ST OMER;LE HAVRE;294;300
ST OMER;LEERS;82;90
ST OMER;LES MUREAUX HALLES AUCHAN;287;185
ST OMER;LONGUEIL SAINTE MARIE SUPER 4315;190;120
ST OMER;LOUVROIL;150;150
ST OMER;MAUREPAS SUPER 4492;289;200
ST OMER;MERS LES BAINS;117;120
ST OMER;MERU;257;165
ST OMER;MONT SAINT MARTIN;359;250
ST OMER;MONTIVILLIERS;246;255
ST OMER;NANCY CENTRE;455;300
ST OMER;NOGENT SUR OISE;213;135
ST OMER;NOYELLES GODAULT;78;90
ST OMER;OSNY;271;175
ST OMER;PETITE FORET;110;120
ST OMER;ROISSY;234;150
ST OMER;RONCQ;78;90
ST OMER;SCHWEIGHOUSE;578;345
ST OMER;SEMECOURT;417;250
ST OMER;SOISY;255;170
ST OMER;ST OMER;0;0
ST OMER;ST QUENTIN;138;150
ST OMER;STRASBOURG;589;355
ST OMER;TAVERNY;263;165
ST OMER;TOMBLAINE;443;450
ST OMER;VAL DE REUIL SUPER 1209;261;180
ST OMER;VALENCIENNES;116;120
ST OMER;VERNEUIL 1 VERGER SUPER 4981;281;185
ST OMER;VILLENEUVE 2;70;75
ST OMER;VIRY NOUREUIL;177;180
ST QUENTIN;1186 ST QUENTIN SCHUMANN SUPER;5;15
ST QUENTIN;1267 CALAIS DELAROCHE SUPER;172;105
ST QUENTIN;1297 HARNES SUPER;84;90
ST QUENTIN;4313 CANTELEU SUPER;203;130
ST QUENTIN;4536 LILLE WAZEMMES MY AUCHAN;107;70
ST QUENTIN;4926 BILLY BERCLAU SUPER;96;65
ST QUENTIN;4977 RUE SUPER;149;95
ST QUENTIN;914 MARQUETTE LES PARTISANS DU GOUT;109;120
ST QUENTIN;ARRAS;73;75
ST QUENTIN;AUCHAN CITY TOURCOING;117;80
ST QUENTIN;AUCHAN LUXEMBOURG SUPPLY;309;200
ST QUENTIN;BETHUNE;97;105
ST QUENTIN;BOULOGNE;174;180
ST QUENTIN;CAEN CHRONO 352;328;205
ST QUENTIN;CALAIS;179;180
ST QUENTIN;CAMBRAI;48;60
ST QUENTIN;CERGY;173;115
ST QUENTIN;CERGY CHRONODRIVE 469;178;120
ST QUENTIN;CHERBOURG;444;290
ST QUENTIN;CHRONO AVELIN 4361;94;105
ST QUENTIN;CHRONO BONDUES 4703;115;120
ST QUENTIN;CHRONO COMPIEGNE 4345;80;90
ST QUENTIN;CHRONO COUDEKERQUE 4242;170;180
ST QUENTIN;CHRONO CROIX 4154;112;75
ST QUENTIN;CHRONO ELEU DIT LEAUWETTE 4462;82;90
ST QUENTIN;CHRONO HALLENNES 4167;112;120
ST QUENTIN;CHRONO IFS;325;200
ST QUENTIN;CHRONO LAMBERSART 4424;112;80
ST QUENTIN;CHRONO MARCQ 4128;114;75
ST QUENTIN;CHRONO VALENCIENNES 4370;74;75
ST QUENTIN;CHRONO WASQUEHAL 4303;111;120
ST QUENTIN;CORMEILLES EN PARISIS CHRONODRIVE 413;169;115
ST QUENTIN;DIEPPE;186;195
ST QUENTIN;DIFFERDANGE;297;205
ST QUENTIN;DOUAI;64;75
ST QUENTIN;DRIVE ARRAS;84;90
ST QUENTIN;DRIVE BEAUVAIS;134;85
ST QUENTIN;DRIVE BETHUNE;97;105
ST QUENTIN;DRIVE BOULOGNE;175;110
ST QUENTIN;DRIVE CALAIS;176;105
ST QUENTIN;DRIVE CAMBRAI;48;60
ST QUENTIN;DRIVE CERGY;173;115
ST QUENTIN;DRIVE CHERBOURG;444;290
ST QUENTIN;DRIVE DIEPPE;188;135
ST QUENTIN;DRIVE DOUAI;64;75
ST QUENTIN;DRIVE DUNKERQUE;180;115
ST QUENTIN;DRIVE DURY;77;90
ST QUENTIN;DRIVE ENGLOS;114;80
ST QUENTIN;DRIVE FACHES;99;65
ST QUENTIN;DRIVE LE HAVRE;259;165
ST QUENTIN;DRIVE LEERS;115;120
ST QUENTIN;DRIVE LOUVROIL;77;90
ST QUENTIN;DRIVE MONTIVILLIERS;250;160
ST QUENTIN;DRIVE NOGENT SUR OISE;108;120
ST QUENTIN;DRIVE NOYELLES;77;50
ST QUENTIN;DRIVE NOYON;50;60
ST QUENTIN;DRIVE OSNY;173;120
ST QUENTIN;DRIVE PETITE FORET;76;90
ST QUENTIN;DRIVE ROISSY;141;95
ST QUENTIN;DRIVE SCHWEIGHOUSE;441;265
ST QUENTIN;DRIVE ST QUENTIN;1;15
ST QUENTIN;DRIVE TAVERNY;169;110
ST QUENTIN;DRIVE VALENCIENNES;73;75
ST QUENTIN;DURY;77;90
ST QUENTIN;ENGLOS;113;120
ST QUENTIN;ENT AMIENS BINAT;80;90
ST QUENTIN;ENT AMIENS SAINT SAUVEUR FLEG;86;90
ST QUENTIN;ENT AMIENS SAINT SAUVEUR PF;86;90
ST QUENTIN;ENT AMIENS SUPER POULAINVILLE PGC;81;90
ST QUENTIN;ENT CARVIN FL;87;90
ST QUENTIN;ENT CARVIN PF;87;90
ST QUENTIN;ENT IENA;99;105
ST QUENTIN;ENT IENA1;101;65
ST QUENTIN;ENT IENA2;101;65
ST QUENTIN;ENT MEYZIEU MEDLEY SUD;600;360
ST QUENTIN;ENT SAINGHIN1;104;70
ST QUENTIN;ENT SERRIS 2;179;120
ST QUENTIN;ENT SOCOPAL DIEPPE;164;165
ST QUENTIN;ENT V DHL;141;95
ST QUENTIN;ENT V GEODIS;148;100
ST QUENTIN;FACHES;97;105
ST QUENTIN;FRANQUEVILLE CHRONODRIVE 4475;200;130
ST QUENTIN;HERBLAY CHRONODRIVE 444;172;115
ST QUENTIN;HIRSON;71;75
ST QUENTIN;HOUILLES SUPER 1073;167;115
ST QUENTIN;IFS CHRONODRIVE 4253;325;200
ST QUENTIN;ILLKIRCH;455;275
ST QUENTIN;KIRCHBERG;324;205
ST QUENTIN;LA CLOCHE D'OR;314;200
ST QUENTIN;LA QUEUE LES YVELINES SUPER 1096;206;145
ST QUENTIN;LAXOU;304;210
ST QUENTIN;LE CHESNAY PARLY 2 SUPER 1144;180;130
ST QUENTIN;LEERS;115;120
ST QUENTIN;LES MUREAUX HALLES AUCHAN;194;130
ST QUENTIN;LONGUEIL SAINTE MARIE SUPER 4315;87;90
ST QUENTIN;LOUVROIL;78;90
ST QUENTIN;MAUREPAS SUPER 4492;196;140
ST QUENTIN;MERS LES BAINS;157;165
ST QUENTIN;MERU;159;165
ST QUENTIN;MONT SAINT MARTIN;295;200
ST QUENTIN;MONTIVILLIERS;250;255
ST QUENTIN;NANCY CENTRE;319;220
ST QUENTIN;NOGENT SUR OISE;108;120
ST QUENTIN;NOYELLES GODAULT;77;90
ST QUENTIN;NOYON;50;60
ST QUENTIN;OSNY;173;120
ST QUENTIN;PETITE FORET;76;90
ST QUENTIN;ROISSY;141;95
ST QUENTIN;SCHWEIGHOUSE;442;265
ST QUENTIN;SEMECOURT;281;170
ST QUENTIN;SOCOPAL;164;165
ST QUENTIN;SOISY;162;110
ST QUENTIN;ST QUENTIN;0;0
ST QUENTIN;STRASBOURG;452;270
ST QUENTIN;TAVERNY;169;110
ST QUENTIN;TOMBLAINE;307;315
ST QUENTIN;VAL DE REUIL SUPER 1209;226;240
ST QUENTIN;VALENCIENNES;73;75
ST QUENTIN;VERNEUIL 1 VERGER SUPER 4981;187;130
ST QUENTIN;VILLENEUVE 2;103;105
ST QUENTIN;VIRY NOUREUIL;29;30
STRASBOURG;1186 ST QUENTIN SCHUMANN SUPER;451;275
STRASBOURG;1267 CALAIS DELAROCHE SUPER;620;370
STRASBOURG;1297 HARNES SUPER;534;325
STRASBOURG;4313 CANTELEU SUPER;647;395
STRASBOURG;4536 LILLE WAZEMMES MY AUCHAN;554;335
STRASBOURG;4926 BILLY BERCLAU SUPER;544;330
STRASBOURG;4977 RUE SUPER;593;360
STRASBOURG;914 MARQUETTE LES PARTISANS DU GOUT;559;345
STRASBOURG;ARRAS;530;320
STRASBOURG;AUCHAN CITY TOURCOING;530;345
STRASBOURG;AUCHAN LUXEMBOURG SUPPLY;214;140
STRASBOURG;BEAUVAIS;554;345
STRASBOURG;BETHUNE;546;325
STRASBOURG;BOULOGNE;641;385
STRASBOURG;CAEN CHRONO 352;733;455
STRASBOURG;CALAIS;625;375
STRASBOURG;CAMBRAI;496;300
STRASBOURG;CERGY;523;325
STRASBOURG;CERGY CHRONODRIVE 469;528;330
STRASBOURG;CHERBOURG;850;540
STRASBOURG;CHRONO AVELIN 4361;543;325
STRASBOURG;CHRONO BONDUES 4703;564;345
STRASBOURG;CHRONO COMPIEGNE 4345;453;310
STRASBOURG;CHRONO COUDEKERQUE 4242;629;385
STRASBOURG;CHRONO CROIX 4154;559;340
STRASBOURG;CHRONO ELEU DIT LEAUWETTE 4462;531;320
STRASBOURG;CHRONO HALLENNES 4167;553;340
STRASBOURG;CHRONO IFS;731;455
STRASBOURG;CHRONO LAMBERSART 4424;559;345
STRASBOURG;CHRONO MARCQ 4128;562;340
STRASBOURG;CHRONO VALENCIENNES 4370;484;310
STRASBOURG;CHRONO WASQUEHAL 4303;558;340
STRASBOURG;CORMEILLES EN PARISIS CHRONODRIVE 413;512;325
STRASBOURG;DIEPPE;631;395
STRASBOURG;DIFFERDANGE;231;240
STRASBOURG;DOUAI;514;320
STRASBOURG;DRIVE ARRAS;529;320
STRASBOURG;DRIVE BEAUVAIS;554;345
STRASBOURG;DRIVE BETHUNE;547;330
STRASBOURG;DRIVE BOULOGNE;623;375
STRASBOURG;DRIVE CALAIS;624;375
STRASBOURG;DRIVE CAMBRAI;496;300
STRASBOURG;DRIVE CERGY;523;325
STRASBOURG;DRIVE CHERBOURG;850;540
STRASBOURG;DRIVE DIEPPE;632;395
STRASBOURG;DRIVE DOUAI;513;320
STRASBOURG;DRIVE DUNKERQUE;628;385
STRASBOURG;DRIVE DURY;523;315
STRASBOURG;DRIVE ENGLOS;561;345
STRASBOURG;DRIVE FACHES;547;330
STRASBOURG;DRIVE LE HAVRE;703;425
STRASBOURG;DRIVE LEERS;524;340
STRASBOURG;DRIVE LOUVROIL;434;300
STRASBOURG;DRIVE MONTIVILLIERS;693;420
STRASBOURG;DRIVE NOGENT SUR OISE;494;325
STRASBOURG;DRIVE NOYELLES;525;315
STRASBOURG;DRIVE NOYON;466;295
STRASBOURG;DRIVE OSNY;528;330
STRASBOURG;DRIVE PETITE FORET;525;315
STRASBOURG;DRIVE ROISSY;488;305
STRASBOURG;DRIVE RONCQ;533;345
STRASBOURG;DRIVE SCHWEIGHOUSE;38;45
STRASBOURG;DRIVE ST OMER;588;355
STRASBOURG;DRIVE ST QUENTIN;452;270
STRASBOURG;DRIVE TAVERNY;515;325
STRASBOURG;DRIVE VALENCIENNES;488;310
STRASBOURG;DRIVE VILLENEUVE D'ASCQ;520;335
STRASBOURG;DUNKERQUE;628;385
STRASBOURG;DURY;523;315
STRASBOURG;ENGLOS;561;340
STRASBOURG;ENT AMIENS SAINT SAUVEUR FLEG;530;320
STRASBOURG;ENT AMIENS SAINT SAUVEUR PF;531;325
STRASBOURG;ENT CARVIN FL;538;540
STRASBOURG;ENT CARVIN PF;538;540
STRASBOURG;ENT IENA1;549;330
STRASBOURG;ENT IENA2;549;330
STRASBOURG;ENT MEYZIEU MEDLEY SUD;485;300
STRASBOURG;ENT SERRIS 1;456;465
STRASBOURG;ENT SERRIS 2;458;275
STRASBOURG;ENT SOCOPAL DIEPPE;614;375
STRASBOURG;ENT V DHL;488;305
STRASBOURG;ENT V GEODIS;494;310
STRASBOURG;FACHES;547;330
STRASBOURG;FRANQUEVILLE CHRONODRIVE 4475;644;395
STRASBOURG;HERBLAY CHRONODRIVE 444;515;320
STRASBOURG;HIRSON;418;285
STRASBOURG;HOUILLES SUPER 1073;510;320
STRASBOURG;IFS CHRONODRIVE 4253;731;455
STRASBOURG;ILLKIRCH;10;15
STRASBOURG;KIRCHBERG;230;150
STRASBOURG;LA QUEUE LES YVELINES SUPER 1096;540;335
STRASBOURG;LAXOU;163;120
STRASBOURG;LE CHESNAY PARLY 2 SUPER 1144;510;325
STRASBOURG;LE HAVRE;704;430
STRASBOURG;LEERS;525;335
STRASBOURG;LES MUREAUX HALLES AUCHAN;536;335
STRASBOURG;LONGUEIL SAINTE MARIE SUPER 4315;460;320
STRASBOURG;LOUVROIL;434;300
STRASBOURG;MAUREPAS SUPER 4492;530;335
STRASBOURG;MERS LES BAINS;606;380
STRASBOURG;MERU;531;335
STRASBOURG;MONT SAINT MARTIN;239;160
STRASBOURG;MONTIVILLIERS;697;420
STRASBOURG;NANCY CENTRE;157;115
STRASBOURG;NOGENT SUR OISE;494;330
STRASBOURG;NOYELLES GODAULT;526;315
STRASBOURG;NOYON;466;295
STRASBOURG;OSNY;528;330
STRASBOURG;PETITE FORET;525;315
STRASBOURG;ROISSY;488;305
STRASBOURG;RONCQ;533;345
STRASBOURG;SCHWEIGHOUSE;37;30
STRASBOURG;SEMECOURT;174;110
STRASBOURG;SOCOPAL;612;370
STRASBOURG;SOISY;511;320
STRASBOURG;ST OMER;589;355
STRASBOURG;ST QUENTIN;452;270
STRASBOURG;STRASBOURG;0;0
STRASBOURG;TAVERNY;514;320
STRASBOURG;TOMBLAINE;159;115
STRASBOURG;VAL DE REUIL SUPER 1209;605;380
STRASBOURG;VALENCIENNES;489;315
STRASBOURG;VERNEUIL 1 VERGER SUPER 4981;536;340
STRASBOURG;VILLENEUVE 2;553;335
STRASBOURG;VIRY NOUREUIL;443;275
TAVERNY;1186 ST QUENTIN SCHUMANN SUPER;174;115
TAVERNY;1267 CALAIS DELAROCHE SUPER;268;165
TAVERNY;1297 HARNES SUPER;208;130
TAVERNY;4313 CANTELEU SUPER;136;105
TAVERNY;4536 LILLE WAZEMMES MY AUCHAN;228;145
TAVERNY;4926 BILLY BERCLAU SUPER;221;140
TAVERNY;4977 RUE SUPER;183;115
TAVERNY;914 MARQUETTE LES PARTISANS DU GOUT;233;150
TAVERNY;ARRAS;191;130
TAVERNY;AUCHAN CITY TOURCOING;239;155
TAVERNY;AUCHAN LUXEMBOURG SUPPLY;370;245
TAVERNY;BEAUVAIS;58;60
TAVERNY;BETHUNE;220;140
TAVERNY;BOULOGNE;250;150
TAVERNY;CAEN CHRONO 352;234;155
TAVERNY;CALAIS;263;160
TAVERNY;CAMBRAI;186;120
TAVERNY;CERGY;16;30
TAVERNY;CERGY CHRONODRIVE 469;21;30
TAVERNY;CHERBOURG;351;240
TAVERNY;CHRONO AVELIN 4361;217;135
TAVERNY;CHRONO BONDUES 4703;238;155
TAVERNY;CHRONO COUDEKERQUE 4242;306;190
TAVERNY;CHRONO CROIX 4154;233;150
TAVERNY;CHRONO ELEU DIT LEAUWETTE 4462;205;130
TAVERNY;CHRONO HALLENNES 4167;227;150
TAVERNY;CHRONO IFS;232;155
TAVERNY;CHRONO LAMBERSART 4424;233;155
TAVERNY;CHRONO MARCQ 4128;236;150
TAVERNY;CHRONO VALENCIENNES 4370;214;135
TAVERNY;CHRONO WASQUEHAL 4303;231;150
TAVERNY;CORMEILLES EN PARISIS CHRONODRIVE 413;16;30
TAVERNY;DIEPPE;193;145
TAVERNY;DIFFERDANGE;358;255
TAVERNY;DOUAI;204;135
TAVERNY;DRIVE ARRAS;192;130
TAVERNY;DRIVE BETHUNE;221;140
TAVERNY;DRIVE BOULOGNE;236;145
TAVERNY;DRIVE CALAIS;263;160
TAVERNY;DRIVE CAMBRAI;186;120
TAVERNY;DRIVE CERGY;16;30
TAVERNY;DRIVE CHERBOURG;351;240
TAVERNY;DRIVE DIEPPE;193;145
TAVERNY;DRIVE DOUAI;204;135
TAVERNY;DRIVE DUNKERQUE;300;185
TAVERNY;DRIVE DURY;112;75
TAVERNY;DRIVE ENGLOS;235;150
TAVERNY;DRIVE FACHES;220;135
TAVERNY;DRIVE LE HAVRE;199;140
TAVERNY;DRIVE LEERS;238;155
TAVERNY;DRIVE LOUVROIL;247;160
TAVERNY;DRIVE MONTIVILLIERS;193;135
TAVERNY;DRIVE NOYELLES;199;125
TAVERNY;DRIVE OSNY;19;30
TAVERNY;DRIVE PETITE FORET;215;135
TAVERNY;DRIVE ROISSY;34;45
TAVERNY;DRIVE RONCQ;240;155
TAVERNY;DRIVE SCHWEIGHOUSE;503;310
TAVERNY;DRIVE ST OMER;263;165
TAVERNY;DRIVE ST QUENTIN;169;110
TAVERNY;DRIVE TAVERNY;0;0
TAVERNY;DRIVE VALENCIENNES;212;135
TAVERNY;DRIVE VILLENEUVE D'ASCQ;227;145
TAVERNY;DUNKERQUE;300;185
TAVERNY;DURY;113;120
TAVERNY;ENGLOS;235;150
TAVERNY;ENT AMIENS BINAT;126;135
TAVERNY;ENT AMIENS SAINT SAUVEUR FLEG;123;135
TAVERNY;ENT AMIENS SAINT SAUVEUR PF;123;135
TAVERNY;ENT AMIENS SUPER POULAINVILLE PGC;125;135
TAVERNY;ENT CARVIN FL;209;130
TAVERNY;ENT CARVIN PF;209;130
TAVERNY;ENT IENA;222;140
TAVERNY;ENT IENA1;222;140
TAVERNY;ENT IENA2;222;140
TAVERNY;ENT MEYZIEU MEDLEY SUD;500;325
TAVERNY;ENT SAINGHIN1;227;240
TAVERNY;ENT SERRIS 1;61;75
TAVERNY;ENT SERRIS 2;62;75
TAVERNY;ENT V DHL;59;60
TAVERNY;ENT V GEODIS;60;60
TAVERNY;FACHES;221;140
TAVERNY;FRANQUEVILLE CHRONODRIVE 4475;97;105
TAVERNY;HERBLAY CHRONODRIVE 444;6;15
TAVERNY;HIRSON;206;175
TAVERNY;HOUILLES SUPER 1073;21;30
TAVERNY;IFS CHRONODRIVE 4253;232;155
TAVERNY;ILLKIRCH;516;325
TAVERNY;KIRCHBERG;386;255
TAVERNY;LA CLOCHE D'OR;376;250
TAVERNY;LA QUEUE LES YVELINES SUPER 1096;60;55
TAVERNY;LAXOU;331;345
TAVERNY;LE HAVRE;199;140
TAVERNY;LEERS;238;155
TAVERNY;LES MUREAUX HALLES AUCHAN;37;45
TAVERNY;LONGUEIL SAINTE MARIE SUPER 4315;80;60
TAVERNY;LOUVROIL;247;160
TAVERNY;MAUREPAS SUPER 4492;52;60
TAVERNY;MERS LES BAINS;196;135
TAVERNY;MERU;35;45
TAVERNY;MONT SAINT MARTIN;356;250
TAVERNY;MONTIVILLIERS;193;135
TAVERNY;NANCY CENTRE;380;265
TAVERNY;NOGENT SUR OISE;52;60
TAVERNY;NOYELLES GODAULT;199;125
TAVERNY;NOYON;113;120
TAVERNY;OSNY;19;30
TAVERNY;PETITE FORET;215;135
TAVERNY;ROISSY;39;45
TAVERNY;RONCQ;240;155
TAVERNY;SCHWEIGHOUSE;503;310
TAVERNY;SEMECOURT;342;215
TAVERNY;SOISY;10;15
TAVERNY;ST OMER;263;165
TAVERNY;ST QUENTIN;169;110
TAVERNY;STRASBOURG;514;320
TAVERNY;TAVERNY;0;0
TAVERNY;TOMBLAINE;413;270
TAVERNY;VAL DE REUIL SUPER 1209;117;120
TAVERNY;VALENCIENNES;211;135
TAVERNY;VERNEUIL 1 VERGER SUPER 4981;30;35
TAVERNY;VILLENEUVE 2;226;145
TAVERNY;VIRY NOUREUIL;134;105
TOMBLAINE;1186 ST QUENTIN SCHUMANN SUPER;349;225
TOMBLAINE;1267 CALAIS DELAROCHE SUPER;518;320
TOMBLAINE;1297 HARNES SUPER;432;270
TOMBLAINE;4313 CANTELEU SUPER;545;340
TOMBLAINE;4536 LILLE WAZEMMES MY AUCHAN;453;285
TOMBLAINE;4926 BILLY BERCLAU SUPER;442;280
TOMBLAINE;4977 RUE SUPER;491;310
TOMBLAINE;914 MARQUETTE LES PARTISANS DU GOUT;457;290
TOMBLAINE;ARRAS;428;270
TOMBLAINE;AUCHAN CITY TOURCOING;428;290
TOMBLAINE;BEAUVAIS;453;295
TOMBLAINE;BETHUNE;444;275
TOMBLAINE;BOULOGNE;540;335
TOMBLAINE;CAEN CHRONO 352;632;405
TOMBLAINE;CALAIS;523;320
TOMBLAINE;CAMBRAI;395;250
TOMBLAINE;CERGY;421;275
TOMBLAINE;CERGY CHRONODRIVE 469;426;280
TOMBLAINE;CHERBOURG;748;485
TOMBLAINE;CHRONO AVELIN 4361;442;275
TOMBLAINE;CHRONO BONDUES 4703;433;290
TOMBLAINE;CHRONO COMPIEGNE 4345;351;260
TOMBLAINE;CHRONO COUDEKERQUE 4242;527;330
TOMBLAINE;CHRONO CROIX 4154;425;290
TOMBLAINE;CHRONO ELEU DIT LEAUWETTE 4462;429;270
TOMBLAINE;CHRONO HALLENNES 4167;452;285
TOMBLAINE;CHRONO IFS;629;400
TOMBLAINE;CHRONO LAMBERSART 4424;458;290
TOMBLAINE;CHRONO MARCQ 4128;460;290
TOMBLAINE;CHRONO VALENCIENNES 4370;382;260
TOMBLAINE;CHRONO WASQUEHAL 4303;423;285
TOMBLAINE;CORMEILLES EN PARISIS CHRONODRIVE 413;410;270
TOMBLAINE;DIEPPE;530;345
TOMBLAINE;DOUAI;412;265
TOMBLAINE;DRIVE ARRAS;427;270
TOMBLAINE;DRIVE BEAUVAIS;453;295
TOMBLAINE;DRIVE BETHUNE;445;275
TOMBLAINE;DRIVE BOULOGNE;521;325
TOMBLAINE;DRIVE CALAIS;523;320
TOMBLAINE;DRIVE CAMBRAI;394;250
TOMBLAINE;DRIVE CERGY;421;275
TOMBLAINE;DRIVE CHERBOURG;748;485
TOMBLAINE;DRIVE DIEPPE;530;345
TOMBLAINE;DRIVE DOUAI;412;265
TOMBLAINE;DRIVE DUNKERQUE;526;330
TOMBLAINE;DRIVE DURY;421;265
TOMBLAINE;DRIVE ENGLOS;460;290
TOMBLAINE;DRIVE FACHES;445;275
TOMBLAINE;DRIVE LE HAVRE;601;375
TOMBLAINE;DRIVE LEERS;423;285
TOMBLAINE;DRIVE LOUVROIL;332;245
TOMBLAINE;DRIVE MONTIVILLIERS;592;370
TOMBLAINE;DRIVE NOGENT SUR OISE;392;275
TOMBLAINE;DRIVE NOYELLES;423;265
TOMBLAINE;DRIVE NOYON;365;245
TOMBLAINE;DRIVE OSNY;426;280
TOMBLAINE;DRIVE PETITE FORET;393;265
TOMBLAINE;DRIVE ROISSY;386;255
TOMBLAINE;DRIVE RONCQ;431;290
TOMBLAINE;DRIVE SCHWEIGHOUSE;148;105
TOMBLAINE;DRIVE ST OMER;487;305
TOMBLAINE;DRIVE ST QUENTIN;351;220
TOMBLAINE;DRIVE TAVERNY;413;270
TOMBLAINE;DRIVE VALENCIENNES;386;260
TOMBLAINE;DRIVE VILLENEUVE D'ASCQ;418;280
TOMBLAINE;DUNKERQUE;527;330
TOMBLAINE;DURY;421;265
TOMBLAINE;ENGLOS;459;290
TOMBLAINE;ENT AMIENS SAINT SAUVEUR FLEG;429;270
TOMBLAINE;ENT AMIENS SAINT SAUVEUR PF;430;275
TOMBLAINE;ENT CARVIN FL;434;270
TOMBLAINE;ENT CARVIN PF;434;270
TOMBLAINE;ENT IENA1;447;280
TOMBLAINE;ENT IENA2;447;280
TOMBLAINE;ENT MEYZIEU MEDLEY SUD;413;260
TOMBLAINE;ENT SERRIS 2;356;225
TOMBLAINE;ENT SOCOPAL DIEPPE;512;325
TOMBLAINE;ENT V DHL;386;255
TOMBLAINE;ENT V GEODIS;392;260
TOMBLAINE;FRANQUEVILLE CHRONODRIVE 4475;542;345
TOMBLAINE;HERBLAY CHRONODRIVE 444;413;270
TOMBLAINE;HIRSON;316;230
TOMBLAINE;HOUILLES SUPER 1073;408;270
TOMBLAINE;IFS CHRONODRIVE 4253;629;400
TOMBLAINE;ILLKIRCH;161;120
TOMBLAINE;KIRCHBERG;128;95
TOMBLAINE;LA CLOCHE D'OR;118;90
TOMBLAINE;LA QUEUE LES YVELINES SUPER 1096;438;285
TOMBLAINE;LAXOU;10;20
TOMBLAINE;LE CHESNAY PARLY 2 SUPER 1144;409;275
TOMBLAINE;LE HAVRE;602;375
TOMBLAINE;LEERS;423;285
TOMBLAINE;LES MUREAUX HALLES AUCHAN;435;285
TOMBLAINE;LONGUEIL SAINTE MARIE SUPER 4315;358;270
TOMBLAINE;LOUVROIL;332;245
TOMBLAINE;MAUREPAS SUPER 4492;429;280
TOMBLAINE;MERS LES BAINS;504;330
TOMBLAINE;MERU;429;285
TOMBLAINE;MONTIVILLIERS;595;370
TOMBLAINE;NANCY CENTRE;3;5
TOMBLAINE;NOGENT SUR OISE;393;275
TOMBLAINE;NOYELLES GODAULT;424;265
TOMBLAINE;NOYON;365;245
TOMBLAINE;OSNY;426;280
TOMBLAINE;PETITE FORET;393;265
TOMBLAINE;ROISSY;387;255
TOMBLAINE;RONCQ;431;290
TOMBLAINE;SCHWEIGHOUSE;148;110
TOMBLAINE;SOCOPAL;510;320
TOMBLAINE;STRASBOURG;159;115
TOMBLAINE;TAVERNY;413;270
TOMBLAINE;VAL DE REUIL SUPER 1209;473;330
TOMBLAINE;VALENCIENNES;388;260
TOMBLAINE;VERNEUIL 1 VERGER SUPER 4981;404;290
TOMBLAINE;VILLENEUVE 2;421;285
TOMBLAINE;VIRY NOUREUIL;311;220
VAL DE REUIL SUPER 1209;1186 ST QUENTIN SCHUMANN SUPER;231;160
VAL DE REUIL SUPER 1209;1267 CALAIS DELAROCHE SUPER;245;165
VAL DE REUIL SUPER 1209;1297 HARNES SUPER;267;180
VAL DE REUIL SUPER 1209;4536 LILLE WAZEMMES MY AUCHAN;288;195
VAL DE REUIL SUPER 1209;4926 BILLY BERCLAU SUPER;280;185
VAL DE REUIL SUPER 1209;4977 RUE SUPER;160;115
VAL DE REUIL SUPER 1209;914 MARQUETTE LES PARTISANS DU GOUT;292;200
VAL DE REUIL SUPER 1209;ARRAS;215;175
VAL DE REUIL SUPER 1209;AUCHAN CITY TOURCOING;298;205
VAL DE REUIL SUPER 1209;AUCHAN LUXEMBOURG SUPPLY;461;305
VAL DE REUIL SUPER 1209;BEAUVAIS;91;100
VAL DE REUIL SUPER 1209;BETHUNE;280;185
VAL DE REUIL SUPER 1209;BOULOGNE;227;150
VAL DE REUIL SUPER 1209;CAEN CHRONO 352;136;90
VAL DE REUIL SUPER 1209;CALAIS;241;160
VAL DE REUIL SUPER 1209;CAMBRAI;246;170
VAL DE REUIL SUPER 1209;CERGY CHRONODRIVE 469;87;70
VAL DE REUIL SUPER 1209;CHERBOURG;253;170
VAL DE REUIL SUPER 1209;CHRONO AVELIN 4361;277;185
VAL DE REUIL SUPER 1209;CHRONO BONDUES 4703;297;200
VAL DE REUIL SUPER 1209;CHRONO COMPIEGNE 4345;176;125
VAL DE REUIL SUPER 1209;CHRONO COUDEKERQUE 4242;283;190
VAL DE REUIL SUPER 1209;CHRONO CROIX 4154;293;195
VAL DE REUIL SUPER 1209;CHRONO ELEU DIT LEAUWETTE 4462;264;180
VAL DE REUIL SUPER 1209;CHRONO HALLENNES 4167;287;195
VAL DE REUIL SUPER 1209;CHRONO IFS;134;85
VAL DE REUIL SUPER 1209;CHRONO LAMBERSART 4424;293;200
VAL DE REUIL SUPER 1209;CHRONO MARCQ 4128;295;200
VAL DE REUIL SUPER 1209;CHRONO VALENCIENNES 4370;273;185
VAL DE REUIL SUPER 1209;CHRONO WASQUEHAL 4303;291;195
VAL DE REUIL SUPER 1209;CORMEILLES EN PARISIS CHRONODRIVE 413;102;75
VAL DE REUIL SUPER 1209;DIFFERDANGE;450;310
VAL DE REUIL SUPER 1209;DOUAI;263;180
VAL DE REUIL SUPER 1209;DRIVE ARRAS;214;170
VAL DE REUIL SUPER 1209;DRIVE BEAUVAIS;91;100
VAL DE REUIL SUPER 1209;DRIVE BETHUNE;280;185
VAL DE REUIL SUPER 1209;DRIVE BOULOGNE;213;140
VAL DE REUIL SUPER 1209;DRIVE CALAIS;241;160
VAL DE REUIL SUPER 1209;DRIVE CAMBRAI;246;170
VAL DE REUIL SUPER 1209;DRIVE CHERBOURG;253;170
VAL DE REUIL SUPER 1209;DRIVE DOUAI;263;180
VAL DE REUIL SUPER 1209;DRIVE DUNKERQUE;277;185
VAL DE REUIL SUPER 1209;DRIVE DURY;152;110
VAL DE REUIL SUPER 1209;DRIVE ENGLOS;295;200
VAL DE REUIL SUPER 1209;DRIVE FACHES;280;185
VAL DE REUIL SUPER 1209;DRIVE LE HAVRE;101;70
VAL DE REUIL SUPER 1209;DRIVE LEERS;298;200
VAL DE REUIL SUPER 1209;DRIVE LOUVROIL;306;205
VAL DE REUIL SUPER 1209;DRIVE MONTIVILLIERS;96;70
VAL DE REUIL SUPER 1209;DRIVE NOGENT SUR OISE;165;120
VAL DE REUIL SUPER 1209;DRIVE NOYELLES;258;170
VAL DE REUIL SUPER 1209;DRIVE NOYON;205;145
VAL DE REUIL SUPER 1209;DRIVE OSNY;97;75
VAL DE REUIL SUPER 1209;DRIVE PETITE FORET;274;185
VAL DE REUIL SUPER 1209;DRIVE ROISSY;126;90
VAL DE REUIL SUPER 1209;DRIVE RONCQ;300;205
VAL DE REUIL SUPER 1209;DRIVE SCHWEIGHOUSE;594;370
VAL DE REUIL SUPER 1209;DRIVE ST OMER;261;180
VAL DE REUIL SUPER 1209;DRIVE ST QUENTIN;226;155
VAL DE REUIL SUPER 1209;DRIVE VALENCIENNES;272;180
VAL DE REUIL SUPER 1209;DRIVE VILLENEUVE D'ASCQ;286;190
VAL DE REUIL SUPER 1209;DUNKERQUE;278;185
VAL DE REUIL SUPER 1209;ENGLOS;294;200
VAL DE REUIL SUPER 1209;ENT CARVIN FL;269;180
VAL DE REUIL SUPER 1209;ENT CARVIN PF;269;180
VAL DE REUIL SUPER 1209;ENT IENA1;282;185
VAL DE REUIL SUPER 1209;ENT IENA2;282;185
VAL DE REUIL SUPER 1209;ENT MEYZIEU MEDLEY SUD;574;360
VAL DE REUIL SUPER 1209;ENT SERRIS 2;150;110
VAL DE REUIL SUPER 1209;ENT V DHL;127;95
VAL DE REUIL SUPER 1209;ENT V GEODIS;118;90
VAL DE REUIL SUPER 1209;FACHES;280;185
VAL DE REUIL SUPER 1209;HERBLAY CHRONODRIVE 444;102;80
VAL DE REUIL SUPER 1209;HIRSON;315;230
VAL DE REUIL SUPER 1209;HOUILLES SUPER 1073;99;70
VAL DE REUIL SUPER 1209;IFS CHRONODRIVE 4253;134;85
VAL DE REUIL SUPER 1209;ILLKIRCH;607;385
VAL DE REUIL SUPER 1209;KIRCHBERG;477;315
VAL DE REUIL SUPER 1209;LA CLOCHE D'OR;467;310
VAL DE REUIL SUPER 1209;LA QUEUE LES YVELINES SUPER 1096;79;65
VAL DE REUIL SUPER 1209;LAXOU;457;315
VAL DE REUIL SUPER 1209;LE CHESNAY PARLY 2 SUPER 1144;94;65
VAL DE REUIL SUPER 1209;LEERS;298;200
VAL DE REUIL SUPER 1209;LONGUEIL SAINTE MARIE SUPER 4315;173;125
VAL DE REUIL SUPER 1209;LOUVROIL;306;205
VAL DE REUIL SUPER 1209;MAUREPAS SUPER 4492;108;75
VAL DE REUIL SUPER 1209;MONT SAINT MARTIN;448;310
VAL DE REUIL SUPER 1209;NANCY CENTRE;471;325
VAL DE REUIL SUPER 1209;NOGENT SUR OISE;165;120
VAL DE REUIL SUPER 1209;NOYELLES GODAULT;259;170
VAL DE REUIL SUPER 1209;NOYON;205;145
VAL DE REUIL SUPER 1209;PETITE FORET;275;185
VAL DE REUIL SUPER 1209;ROISSY;126;90
VAL DE REUIL SUPER 1209;RONCQ;300;205
VAL DE REUIL SUPER 1209;SCHWEIGHOUSE;594;370
VAL DE REUIL SUPER 1209;SEMECOURT;433;275
VAL DE REUIL SUPER 1209;SOISY;112;80
VAL DE REUIL SUPER 1209;ST OMER;261;180
VAL DE REUIL SUPER 1209;STRASBOURG;605;380
VAL DE REUIL SUPER 1209;TOMBLAINE;473;330
VAL DE REUIL SUPER 1209;VALENCIENNES;269;180
VAL DE REUIL SUPER 1209;VERNEUIL 1 VERGER SUPER 4981;78;60
VAL DE REUIL SUPER 1209;VILLENEUVE 2;283;190
VAL DE REUIL SUPER 1209;VIRY NOUREUIL;229;165
VALENCIENNES;1186 ST QUENTIN SCHUMANN SUPER;79;90
VALENCIENNES;1267 CALAIS DELAROCHE SUPER;159;165
VALENCIENNES;1297 HARNES SUPER;55;60
VALENCIENNES;4313 CANTELEU SUPER;250;160
VALENCIENNES;4536 LILLE WAZEMMES MY AUCHAN;54;40
VALENCIENNES;4977 RUE SUPER;195;125
VALENCIENNES;914 MARQUETTE LES PARTISANS DU GOUT;56;60
VALENCIENNES;ARRAS;71;75
VALENCIENNES;AUCHAN CITY TOURCOING;61;75
VALENCIENNES;AUCHAN LUXEMBOURG SUPPLY;284;185
VALENCIENNES;BEAUVAIS;179;180
VALENCIENNES;BETHUNE;84;90
VALENCIENNES;BOULOGNE;161;165
VALENCIENNES;CAEN CHRONO 352;375;235
VALENCIENNES;CALAIS;165;165
VALENCIENNES;CAMBRAI;28;30
VALENCIENNES;CERGY;215;140
VALENCIENNES;CERGY CHRONODRIVE 469;220;140
VALENCIENNES;CHERBOURG;491;315
VALENCIENNES;CHRONO AVELIN 4361;42;45
VALENCIENNES;CHRONO BONDUES 4703;62;75
VALENCIENNES;CHRONO COMPIEGNE 4345;134;135
VALENCIENNES;CHRONO COUDEKERQUE 4242;119;120
VALENCIENNES;CHRONO CROIX 4154;56;60
VALENCIENNES;CHRONO ELEU DIT LEAUWETTE 4462;60;60
VALENCIENNES;CHRONO HALLENNES 4167;61;75
VALENCIENNES;CHRONO IFS;372;230
VALENCIENNES;CHRONO LAMBERSART 4424;58;60
VALENCIENNES;CHRONO MARCQ 4128;58;60
VALENCIENNES;CHRONO VALENCIENNES 4370;2;15
VALENCIENNES;CHRONO WASQUEHAL 4303;58;60
VALENCIENNES;CORMEILLES EN PARISIS CHRONODRIVE 413;211;140
VALENCIENNES;DIEPPE;234;160
VALENCIENNES;DIFFERDANGE;264;180
VALENCIENNES;DOUAI;42;45
VALENCIENNES;DRIVE ARRAS;80;90
VALENCIENNES;DRIVE BEAUVAIS;181;115
VALENCIENNES;DRIVE BETHUNE;84;90
VALENCIENNES;DRIVE CALAIS;179;110
VALENCIENNES;DRIVE CAMBRAI;28;30
VALENCIENNES;DRIVE CERGY;215;140
VALENCIENNES;DRIVE CHERBOURG;491;315
VALENCIENNES;DRIVE DOUAI;42;45
VALENCIENNES;DRIVE DUNKERQUE;126;135
VALENCIENNES;DRIVE DURY;124;135
VALENCIENNES;DRIVE ENGLOS;61;75
VALENCIENNES;DRIVE FACHES;50;60
VALENCIENNES;DRIVE LE HAVRE;306;195
VALENCIENNES;DRIVE LEERS;59;60
VALENCIENNES;DRIVE LOUVROIL;37;45
VALENCIENNES;DRIVE MONTIVILLIERS;296;190
VALENCIENNES;DRIVE NOGENT SUR OISE;160;105
VALENCIENNES;DRIVE NOYELLES;52;60
VALENCIENNES;DRIVE NOYON;124;90
VALENCIENNES;DRIVE OSNY;220;145
VALENCIENNES;DRIVE PETITE FORET;8;15
VALENCIENNES;DRIVE ROISSY;184;115
VALENCIENNES;DRIVE RONCQ;63;75
VALENCIENNES;DRIVE SCHWEIGHOUSE;478;305
VALENCIENNES;DRIVE ST OMER;115;120
VALENCIENNES;DRIVE ST QUENTIN;74;75
VALENCIENNES;DRIVE TAVERNY;211;135
VALENCIENNES;DRIVE VALENCIENNES;0;0
VALENCIENNES;DRIVE VILLENEUVE D'ASCQ;47;60
VALENCIENNES;DUNKERQUE;127;135
VALENCIENNES;DURY;124;135
VALENCIENNES;ENGLOS;60;60
VALENCIENNES;ENT AMIENS BINAT;110;120
VALENCIENNES;ENT AMIENS SAINT SAUVEUR FLEG;132;135
VALENCIENNES;ENT AMIENS SAINT SAUVEUR PF;132;135
VALENCIENNES;ENT AMIENS SUPER POULAINVILLE PGC;127;135
VALENCIENNES;ENT CARVIN FL;66;75
VALENCIENNES;ENT CARVIN PF;66;75
VALENCIENNES;ENT IENA;47;60
VALENCIENNES;ENT IENA1;48;35
VALENCIENNES;ENT IENA2;48;35
VALENCIENNES;ENT MEYZIEU MEDLEY SUD;670;400
VALENCIENNES;ENT SAINGHIN1;45;45
VALENCIENNES;ENT SERRIS 2;222;145
VALENCIENNES;ENT V DHL;239;240
VALENCIENNES;ENT V GEODIS;190;125
VALENCIENNES;FACHES;50;60
VALENCIENNES;FRANQUEVILLE CHRONODRIVE 4475;247;160
VALENCIENNES;HERBLAY CHRONODRIVE 444;215;140
VALENCIENNES;HIRSON;80;90
VALENCIENNES;HOUILLES SUPER 1073;210;135
VALENCIENNES;IFS CHRONODRIVE 4253;372;230
VALENCIENNES;ILLKIRCH;491;315
VALENCIENNES;KIRCHBERG;281;180
VALENCIENNES;LA CLOCHE D'OR;271;175
VALENCIENNES;LA QUEUE LES YVELINES SUPER 1096;249;170
VALENCIENNES;LAXOU;374;250
VALENCIENNES;LE CHESNAY PARLY 2 SUPER 1144;222;150
VALENCIENNES;LE HAVRE;306;315
VALENCIENNES;LEERS;59;60
VALENCIENNES;LES MUREAUX HALLES AUCHAN;236;155
VALENCIENNES;LONGUEIL SAINTE MARIE SUPER 4315;139;90
VALENCIENNES;LOUVROIL;38;45
VALENCIENNES;MAUREPAS SUPER 4492;239;165
VALENCIENNES;MERU;205;210
VALENCIENNES;MONT SAINT MARTIN;258;170
VALENCIENNES;NANCY CENTRE;385;260
VALENCIENNES;NOGENT SUR OISE;163;165
VALENCIENNES;NOYELLES GODAULT;53;60
VALENCIENNES;NOYON;125;135
VALENCIENNES;OSNY;220;145
VALENCIENNES;PETITE FORET;8;15
VALENCIENNES;ROISSY;184;115
VALENCIENNES;RONCQ;63;75
VALENCIENNES;SCHWEIGHOUSE;478;305
VALENCIENNES;SEMECOURT;351;210
VALENCIENNES;SOISY;205;135
VALENCIENNES;ST OMER;115;120
VALENCIENNES;ST QUENTIN;77;90
VALENCIENNES;STRASBOURG;489;315
VALENCIENNES;TAVERNY;211;135
VALENCIENNES;TOMBLAINE;388;260
VALENCIENNES;VAL DE REUIL SUPER 1209;269;180
VALENCIENNES;VALENCIENNES;0;0
VALENCIENNES;VERNEUIL 1 VERGER SUPER 4981;230;155
VALENCIENNES;VILLENEUVE 2;47;60
VALENCIENNES;VIRY NOUREUIL;104;105
VERNEUIL 1 VERGER SUPER 4981;1186 ST QUENTIN SCHUMANN SUPER;192;135
VERNEUIL 1 VERGER SUPER 4981;1267 CALAIS DELAROCHE SUPER;286;185
VERNEUIL 1 VERGER SUPER 4981;1297 HARNES SUPER;225;150
VERNEUIL 1 VERGER SUPER 4981;4313 CANTELEU SUPER;106;80
VERNEUIL 1 VERGER SUPER 4981;4536 LILLE WAZEMMES MY AUCHAN;246;165
VERNEUIL 1 VERGER SUPER 4981;4926 BILLY BERCLAU SUPER;239;160
VERNEUIL 1 VERGER SUPER 4981;4977 RUE SUPER;201;135
VERNEUIL 1 VERGER SUPER 4981;914 MARQUETTE LES PARTISANS DU GOUT;251;170
VERNEUIL 1 VERGER SUPER 4981;ARRAS;209;150
VERNEUIL 1 VERGER SUPER 4981;AUCHAN CITY TOURCOING;257;175
VERNEUIL 1 VERGER SUPER 4981;AUCHAN LUXEMBOURG SUPPLY;392;270
VERNEUIL 1 VERGER SUPER 4981;BEAUVAIS;75;60
VERNEUIL 1 VERGER SUPER 4981;BETHUNE;238;160
VERNEUIL 1 VERGER SUPER 4981;BOULOGNE;268;175
VERNEUIL 1 VERGER SUPER 4981;CAEN CHRONO 352;205;135
VERNEUIL 1 VERGER SUPER 4981;CALAIS;281;180
VERNEUIL 1 VERGER SUPER 4981;CAMBRAI;204;140
VERNEUIL 1 VERGER SUPER 4981;CERGY;19;30
VERNEUIL 1 VERGER SUPER 4981;CHERBOURG;321;215
VERNEUIL 1 VERGER SUPER 4981;CHRONO AVELIN 4361;235;155
VERNEUIL 1 VERGER SUPER 4981;CHRONO BONDUES 4703;256;175
VERNEUIL 1 VERGER SUPER 4981;CHRONO COMPIEGNE 4345;101;80
VERNEUIL 1 VERGER SUPER 4981;CHRONO COUDEKERQUE 4242;324;210
VERNEUIL 1 VERGER SUPER 4981;CHRONO CROIX 4154;251;170
VERNEUIL 1 VERGER SUPER 4981;CHRONO ELEU DIT LEAUWETTE 4462;223;150
VERNEUIL 1 VERGER SUPER 4981;CHRONO HALLENNES 4167;245;170
VERNEUIL 1 VERGER SUPER 4981;CHRONO IFS;202;130
VERNEUIL 1 VERGER SUPER 4981;CHRONO LAMBERSART 4424;251;175
VERNEUIL 1 VERGER SUPER 4981;CHRONO MARCQ 4128;254;170
VERNEUIL 1 VERGER SUPER 4981;CHRONO VALENCIENNES 4370;232;155
VERNEUIL 1 VERGER SUPER 4981;CHRONO WASQUEHAL 4303;249;170
VERNEUIL 1 VERGER SUPER 4981;CORMEILLES EN PARISIS CHRONODRIVE 413;23;30
VERNEUIL 1 VERGER SUPER 4981;DIEPPE;164;120
VERNEUIL 1 VERGER SUPER 4981;DIFFERDANGE;380;275
VERNEUIL 1 VERGER SUPER 4981;DOUAI;222;155
VERNEUIL 1 VERGER SUPER 4981;DRIVE ARRAS;210;150
VERNEUIL 1 VERGER SUPER 4981;DRIVE BEAUVAIS;75;60
VERNEUIL 1 VERGER SUPER 4981;DRIVE BETHUNE;239;160
VERNEUIL 1 VERGER SUPER 4981;DRIVE BOULOGNE;254;165
VERNEUIL 1 VERGER SUPER 4981;DRIVE CALAIS;281;180
VERNEUIL 1 VERGER SUPER 4981;DRIVE CAMBRAI;204;140
VERNEUIL 1 VERGER SUPER 4981;DRIVE CHERBOURG;321;215
VERNEUIL 1 VERGER SUPER 4981;DRIVE DIEPPE;164;120
VERNEUIL 1 VERGER SUPER 4981;DRIVE DOUAI;222;155
VERNEUIL 1 VERGER SUPER 4981;DRIVE DUNKERQUE;318;205
VERNEUIL 1 VERGER SUPER 4981;DRIVE DURY;130;95
VERNEUIL 1 VERGER SUPER 4981;DRIVE ENGLOS;253;170
VERNEUIL 1 VERGER SUPER 4981;DRIVE FACHES;238;155
VERNEUIL 1 VERGER SUPER 4981;DRIVE LE HAVRE;169;115
VERNEUIL 1 VERGER SUPER 4981;DRIVE LEERS;256;175
VERNEUIL 1 VERGER SUPER 4981;DRIVE LOUVROIL;265;180
VERNEUIL 1 VERGER SUPER 4981;DRIVE MONTIVILLIERS;164;110
VERNEUIL 1 VERGER SUPER 4981;DRIVE NOGENT SUR OISE;68;70
VERNEUIL 1 VERGER SUPER 4981;DRIVE NOYELLES;217;145
VERNEUIL 1 VERGER SUPER 4981;DRIVE NOYON;131;100
VERNEUIL 1 VERGER SUPER 4981;DRIVE OSNY;25;30
VERNEUIL 1 VERGER SUPER 4981;DRIVE PETITE FORET;233;155
VERNEUIL 1 VERGER SUPER 4981;DRIVE ROISSY;56;55
VERNEUIL 1 VERGER SUPER 4981;DRIVE RONCQ;258;175
VERNEUIL 1 VERGER SUPER 4981;DRIVE SCHWEIGHOUSE;525;335
VERNEUIL 1 VERGER SUPER 4981;DRIVE ST OMER;280;185
VERNEUIL 1 VERGER SUPER 4981;DRIVE ST QUENTIN;187;130
VERNEUIL 1 VERGER SUPER 4981;DRIVE TAVERNY;30;35
VERNEUIL 1 VERGER SUPER 4981;DRIVE VALENCIENNES;230;155
VERNEUIL 1 VERGER SUPER 4981;DRIVE VILLENEUVE D'ASCQ;245;165
VERNEUIL 1 VERGER SUPER 4981;DUNKERQUE;318;205
VERNEUIL 1 VERGER SUPER 4981;DURY;130;95
VERNEUIL 1 VERGER SUPER 4981;ENGLOS;253;170
VERNEUIL 1 VERGER SUPER 4981;ENT AMIENS SAINT SAUVEUR FLEG;140;150
VERNEUIL 1 VERGER SUPER 4981;ENT AMIENS SAINT SAUVEUR PF;140;150
VERNEUIL 1 VERGER SUPER 4981;ENT AMIENS SUPER POULAINVILLE PGC;142;150
VERNEUIL 1 VERGER SUPER 4981;ENT CARVIN FL;227;150
VERNEUIL 1 VERGER SUPER 4981;ENT CARVIN PF;227;150
VERNEUIL 1 VERGER SUPER 4981;ENT IENA;240;160
VERNEUIL 1 VERGER SUPER 4981;ENT IENA1;240;160
VERNEUIL 1 VERGER SUPER 4981;ENT IENA2;240;160
VERNEUIL 1 VERGER SUPER 4981;ENT MEYZIEU MEDLEY SUD;505;320
VERNEUIL 1 VERGER SUPER 4981;ENT SAINGHIN1;244;255
VERNEUIL 1 VERGER SUPER 4981;ENT SERRIS 2;81;70
VERNEUIL 1 VERGER SUPER 4981;ENT V DHL;57;55
VERNEUIL 1 VERGER SUPER 4981;ENT V GEODIS;49;50
VERNEUIL 1 VERGER SUPER 4981;FACHES;238;160
VERNEUIL 1 VERGER SUPER 4981;FRANQUEVILLE CHRONODRIVE 4475;96;75
VERNEUIL 1 VERGER SUPER 4981;HERBLAY CHRONODRIVE 444;21;30
VERNEUIL 1 VERGER SUPER 4981;HIRSON;223;195
VERNEUIL 1 VERGER SUPER 4981;HOUILLES SUPER 1073;29;30
VERNEUIL 1 VERGER SUPER 4981;IFS CHRONODRIVE 4253;202;130
VERNEUIL 1 VERGER SUPER 4981;ILLKIRCH;538;345
VERNEUIL 1 VERGER SUPER 4981;KIRCHBERG;408;275
VERNEUIL 1 VERGER SUPER 4981;LA CLOCHE D'OR;398;270
VERNEUIL 1 VERGER SUPER 4981;LA QUEUE LES YVELINES SUPER 1096;41;40
VERNEUIL 1 VERGER SUPER 4981;LAXOU;388;275
VERNEUIL 1 VERGER SUPER 4981;LE CHESNAY PARLY 2 SUPER 1144;25;30
VERNEUIL 1 VERGER SUPER 4981;LE HAVRE;170;115
VERNEUIL 1 VERGER SUPER 4981;LEERS;256;175
VERNEUIL 1 VERGER SUPER 4981;LONGUEIL SAINTE MARIE SUPER 4315;98;80
VERNEUIL 1 VERGER SUPER 4981;LOUVROIL;265;180
VERNEUIL 1 VERGER SUPER 4981;MAUREPAS SUPER 4492;39;35
VERNEUIL 1 VERGER SUPER 4981;MERS LES BAINS;196;150
VERNEUIL 1 VERGER SUPER 4981;MERU;51;50
VERNEUIL 1 VERGER SUPER 4981;MONT SAINT MARTIN;378;270
VERNEUIL 1 VERGER SUPER 4981;MONTIVILLIERS;163;110
VERNEUIL 1 VERGER SUPER 4981;NANCY CENTRE;402;285
VERNEUIL 1 VERGER SUPER 4981;NOGENT SUR OISE;68;70
VERNEUIL 1 VERGER SUPER 4981;NOYELLES GODAULT;217;145
VERNEUIL 1 VERGER SUPER 4981;NOYON;131;100
VERNEUIL 1 VERGER SUPER 4981;PETITE FORET;233;155
VERNEUIL 1 VERGER SUPER 4981;ROISSY;56;55
VERNEUIL 1 VERGER SUPER 4981;RONCQ;258;175
VERNEUIL 1 VERGER SUPER 4981;SCHWEIGHOUSE;525;335
VERNEUIL 1 VERGER SUPER 4981;SEMECOURT;364;240
VERNEUIL 1 VERGER SUPER 4981;SOISY;36;45
VERNEUIL 1 VERGER SUPER 4981;ST OMER;281;185
VERNEUIL 1 VERGER SUPER 4981;ST QUENTIN;187;130
VERNEUIL 1 VERGER SUPER 4981;STRASBOURG;536;340
VERNEUIL 1 VERGER SUPER 4981;TAVERNY;30;35
VERNEUIL 1 VERGER SUPER 4981;TOMBLAINE;404;290
VERNEUIL 1 VERGER SUPER 4981;VAL DE REUIL SUPER 1209;78;60
VERNEUIL 1 VERGER SUPER 4981;VALENCIENNES;230;155
VERNEUIL 1 VERGER SUPER 4981;VERNEUIL 1 VERGER SUPER 4981;0;0
VERNEUIL 1 VERGER SUPER 4981;VILLENEUVE 2;244;165
VERNEUIL 1 VERGER SUPER 4981;VIRY NOUREUIL;152;125
VILLENEUVE 2;1267 CALAIS DELAROCHE SUPER;113;80
VILLENEUVE 2;1297 HARNES SUPER;28;30
VILLENEUVE 2;4313 CANTELEU SUPER;264;170
VILLENEUVE 2;4536 LILLE WAZEMMES MY AUCHAN;7;15
VILLENEUVE 2;4926 BILLY BERCLAU SUPER;36;45
VILLENEUVE 2;4977 RUE SUPER;147;130
VILLENEUVE 2;914 MARQUETTE LES PARTISANS DU GOUT;11;15
VILLENEUVE 2;ARRAS;54;60
VILLENEUVE 2;AUCHAN CITY TOURCOING;16;30
VILLENEUVE 2;AUCHAN LUXEMBOURG SUPPLY;316;210
VILLENEUVE 2;BEAUVAIS;193;195
VILLENEUVE 2;BETHUNE;46;60
VILLENEUVE 2;BOULOGNE;118;120
VILLENEUVE 2;CAEN CHRONO 352;389;245
VILLENEUVE 2;CALAIS;121;135
VILLENEUVE 2;CAMBRAI;70;75
VILLENEUVE 2;CERGY;230;150
VILLENEUVE 2;CERGY CHRONODRIVE 469;235;155
VILLENEUVE 2;CHERBOURG;506;330
VILLENEUVE 2;CHRONO AVELIN 4361;13;15
VILLENEUVE 2;CHRONO BONDUES 4703;15;15
VILLENEUVE 2;CHRONO COMPIEGNE 4345;148;150
VILLENEUVE 2;CHRONO COUDEKERQUE 4242;75;75
VILLENEUVE 2;CHRONO CROIX 4154;10;15
VILLENEUVE 2;CHRONO ELEU DIT LEAUWETTE 4462;39;45
VILLENEUVE 2;CHRONO HALLENNES 4167;18;30
VILLENEUVE 2;CHRONO IFS;387;240
VILLENEUVE 2;CHRONO LAMBERSART 4424;10;15
VILLENEUVE 2;CHRONO MARCQ 4128;11;15
VILLENEUVE 2;CHRONO VALENCIENNES 4370;47;60
VILLENEUVE 2;CHRONO WASQUEHAL 4303;8;15
VILLENEUVE 2;CORMEILLES EN PARISIS CHRONODRIVE 413;226;150
VILLENEUVE 2;DIEPPE;249;175
VILLENEUVE 2;DIFFERDANGE;297;200
VILLENEUVE 2;DOUAI;40;45
VILLENEUVE 2;DRIVE BEAUVAIS;195;125
VILLENEUVE 2;DRIVE BETHUNE;46;60
VILLENEUVE 2;DRIVE CAMBRAI;70;75
VILLENEUVE 2;DRIVE CERGY;230;150
VILLENEUVE 2;DRIVE CHERBOURG;506;330
VILLENEUVE 2;DRIVE DIEPPE;249;175
VILLENEUVE 2;DRIVE DOUAI;40;45
VILLENEUVE 2;DRIVE DUNKERQUE;82;90
VILLENEUVE 2;DRIVE DURY;140;95
VILLENEUVE 2;DRIVE ENGLOS;16;30
VILLENEUVE 2;DRIVE FACHES;7;15
VILLENEUVE 2;DRIVE LE HAVRE;320;205
VILLENEUVE 2;DRIVE LEERS;14;15
VILLENEUVE 2;DRIVE MONTIVILLIERS;311;200
VILLENEUVE 2;DRIVE NOGENT SUR OISE;175;115
VILLENEUVE 2;DRIVE NOYELLES;29;30
VILLENEUVE 2;DRIVE NOYON;138;100
VILLENEUVE 2;DRIVE OSNY;235;155
VILLENEUVE 2;DRIVE PETITE FORET;42;45
VILLENEUVE 2;DRIVE ROISSY;198;125
VILLENEUVE 2;DRIVE RONCQ;17;30
VILLENEUVE 2;DRIVE SCHWEIGHOUSE;542;325
VILLENEUVE 2;DRIVE ST OMER;71;75
VILLENEUVE 2;DRIVE ST QUENTIN;104;70
VILLENEUVE 2;DRIVE TAVERNY;226;145
VILLENEUVE 2;DRIVE VALENCIENNES;49;60
VILLENEUVE 2;DRIVE VILLENEUVE D'ASCQ;1;15
VILLENEUVE 2;DUNKERQUE;83;90
VILLENEUVE 2;DURY;138;150
VILLENEUVE 2;ENGLOS;16;30
VILLENEUVE 2;ENT AMIENS BINAT;143;95
VILLENEUVE 2;ENT AMIENS SAINT SAUVEUR FLEG;125;135
VILLENEUVE 2;ENT AMIENS SAINT SAUVEUR PF;125;135
VILLENEUVE 2;ENT AMIENS SUPER POULAINVILLE PGC;121;135
VILLENEUVE 2;ENT CARVIN FL;23;30
VILLENEUVE 2;ENT CARVIN PF;23;30
VILLENEUVE 2;ENT IENA;6;10
VILLENEUVE 2;ENT IENA1;6;15
VILLENEUVE 2;ENT IENA2;6;15
VILLENEUVE 2;ENT MEYZIEU MEDLEY SUD;700;420
VILLENEUVE 2;ENT SAINGHIN1;7;10
VILLENEUVE 2;ENT SERRIS 2;236;155
VILLENEUVE 2;ENT SOCOPAL DIEPPE;224;225
VILLENEUVE 2;ENT V DHL;198;130
VILLENEUVE 2;ENT V GEODIS;254;255
VILLENEUVE 2;FACHES;8;15
VILLENEUVE 2;FRANQUEVILLE CHRONODRIVE 4475;261;170
VILLENEUVE 2;HERBLAY CHRONODRIVE 444;229;150
VILLENEUVE 2;HIRSON;133;135
VILLENEUVE 2;HOUILLES SUPER 1073;224;145
VILLENEUVE 2;IFS CHRONODRIVE 4253;387;240
VILLENEUVE 2;ILLKIRCH;555;335
VILLENEUVE 2;KIRCHBERG;313;205
VILLENEUVE 2;LA CLOCHE D'OR;304;200
VILLENEUVE 2;LA QUEUE LES YVELINES SUPER 1096;263;180
VILLENEUVE 2;LAXOU;405;270
VILLENEUVE 2;LE CHESNAY PARLY 2 SUPER 1144;237;160
VILLENEUVE 2;LE HAVRE;299;300
VILLENEUVE 2;LEERS;14;15
VILLENEUVE 2;LES MUREAUX HALLES AUCHAN;251;165
VILLENEUVE 2;LONGUEIL SAINTE MARIE SUPER 4315;153;100
VILLENEUVE 2;LOUVROIL;82;90
VILLENEUVE 2;MAUREPAS SUPER 4492;253;175
VILLENEUVE 2;MERS LES BAINS;223;155
VILLENEUVE 2;MERU;221;140
VILLENEUVE 2;MONT SAINT MARTIN;290;195
VILLENEUVE 2;MONTIVILLIERS;314;200
VILLENEUVE 2;NANCY CENTRE;419;280
VILLENEUVE 2;NOGENT SUR OISE;177;180
VILLENEUVE 2;NOYELLES GODAULT;29;30
VILLENEUVE 2;NOYON;139;100
VILLENEUVE 2;OSNY;235;155
VILLENEUVE 2;PETITE FORET;42;45
VILLENEUVE 2;ROISSY;198;125
VILLENEUVE 2;RONCQ;17;30
VILLENEUVE 2;SCHWEIGHOUSE;542;325
VILLENEUVE 2;SEMECOURT;381;230
VILLENEUVE 2;SOCOPAL;224;225
VILLENEUVE 2;SOISY;219;145
VILLENEUVE 2;ST OMER;71;75
VILLENEUVE 2;ST QUENTIN;105;105
VILLENEUVE 2;STRASBOURG;553;335
VILLENEUVE 2;TAVERNY;226;145
VILLENEUVE 2;TOMBLAINE;421;285
VILLENEUVE 2;VAL DE REUIL SUPER 1209;283;190
VILLENEUVE 2;VALENCIENNES;49;60
VILLENEUVE 2;VERNEUIL 1 VERGER SUPER 4981;244;165
VILLENEUVE 2;VILLENEUVE 2;0;0
VILLENEUVE 2;VIRY NOUREUIL;134;135
VIRY NOUREUIL;1186 ST QUENTIN SCHUMANN SUPER;29;30
VIRY NOUREUIL;1267 CALAIS DELAROCHE SUPER;201;125
VIRY NOUREUIL;1297 HARNES SUPER;115;80
VIRY NOUREUIL;4313 CANTELEU SUPER;228;150
VIRY NOUREUIL;4536 LILLE WAZEMMES MY AUCHAN;136;90
VIRY NOUREUIL;4926 BILLY BERCLAU SUPER;125;85
VIRY NOUREUIL;4977 RUE SUPER;174;115
VIRY NOUREUIL;ARRAS;102;105
VIRY NOUREUIL;AUCHAN LUXEMBOURG SUPPLY;300;200
VIRY NOUREUIL;BEAUVAIS;104;105
VIRY NOUREUIL;BETHUNE;126;135
VIRY NOUREUIL;CAEN CHRONO 352;353;225
VIRY NOUREUIL;CALAIS;206;130
VIRY NOUREUIL;CAMBRAI;77;90
VIRY NOUREUIL;CERGY;138;105
VIRY NOUREUIL;CERGY CHRONODRIVE 469;143;110
VIRY NOUREUIL;CHERBOURG;470;305
VIRY NOUREUIL;CHRONO AVELIN 4361;125;80
VIRY NOUREUIL;CHRONO BONDUES 4703;145;100
VIRY NOUREUIL;CHRONO COMPIEGNE 4345;54;60
VIRY NOUREUIL;CHRONO COUDEKERQUE 4242;199;210
VIRY NOUREUIL;CHRONO CROIX 4154;140;150
VIRY NOUREUIL;CHRONO ELEU DIT LEAUWETTE 4462;111;120
VIRY NOUREUIL;CHRONO HALLENNES 4167;135;95
VIRY NOUREUIL;CHRONO IFS;350;220
VIRY NOUREUIL;CHRONO LAMBERSART 4424;140;100
VIRY NOUREUIL;CHRONO MARCQ 4128;138;150
VIRY NOUREUIL;CHRONO VALENCIENNES 4370;103;105
VIRY NOUREUIL;CHRONO WASQUEHAL 4303;139;95
VIRY NOUREUIL;CORMEILLES EN PARISIS CHRONODRIVE 413;134;110
VIRY NOUREUIL;DIEPPE;213;150
VIRY NOUREUIL;DIFFERDANGE;288;205
VIRY NOUREUIL;DOUAI;93;105
VIRY NOUREUIL;DRIVE ARRAS;102;105
VIRY NOUREUIL;DRIVE BETHUNE;126;135
VIRY NOUREUIL;DRIVE BOULOGNE;204;130
VIRY NOUREUIL;DRIVE CALAIS;205;130
VIRY NOUREUIL;DRIVE CAMBRAI;77;90
VIRY NOUREUIL;DRIVE CERGY;138;105
VIRY NOUREUIL;DRIVE CHERBOURG;469;305
VIRY NOUREUIL;DRIVE DIEPPE;213;150
VIRY NOUREUIL;DRIVE DOUAI;93;105
VIRY NOUREUIL;DRIVE DUNKERQUE;209;140
VIRY NOUREUIL;DRIVE DURY;102;105
VIRY NOUREUIL;DRIVE FACHES;126;135
VIRY NOUREUIL;DRIVE LE HAVRE;284;180
VIRY NOUREUIL;DRIVE LEERS;144;150
VIRY NOUREUIL;DRIVE LOUVROIL;136;150
VIRY NOUREUIL;DRIVE NOGENT SUR OISE;82;90
VIRY NOUREUIL;DRIVE NOYELLES;104;105
VIRY NOUREUIL;DRIVE NOYON;24;30
VIRY NOUREUIL;DRIVE OSNY;143;110
VIRY NOUREUIL;DRIVE PETITE FORET;105;105
VIRY NOUREUIL;DRIVE ROISSY;106;85
VIRY NOUREUIL;DRIVE RONCQ;147;150
VIRY NOUREUIL;DRIVE SCHWEIGHOUSE;432;265
VIRY NOUREUIL;DRIVE ST OMER;170;110
VIRY NOUREUIL;DRIVE ST QUENTIN;29;30
VIRY NOUREUIL;DRIVE TAVERNY;134;105
VIRY NOUREUIL;DRIVE VALENCIENNES;102;105
VIRY NOUREUIL;DUNKERQUE;210;140
VIRY NOUREUIL;DURY;103;105
VIRY NOUREUIL;ENGLOS;142;150
VIRY NOUREUIL;ENT AMIENS SAINT SAUVEUR FLEG;111;120
VIRY NOUREUIL;ENT AMIENS SAINT SAUVEUR PF;111;120
VIRY NOUREUIL;ENT AMIENS SUPER POULAINVILLE PGC;106;120
VIRY NOUREUIL;ENT CARVIN FL;116;120
VIRY NOUREUIL;ENT CARVIN PF;116;120
VIRY NOUREUIL;ENT IENA;130;85
VIRY NOUREUIL;ENT IENA1;128;135
VIRY NOUREUIL;ENT IENA2;128;135
VIRY NOUREUIL;ENT MEYZIEU MEDLEY SUD;591;360
VIRY NOUREUIL;ENT SAINGHIN1;133;90
VIRY NOUREUIL;ENT SERRIS 1;128;135
VIRY NOUREUIL;ENT SERRIS 2;129;110
VIRY NOUREUIL;ENT V DHL;106;85
VIRY NOUREUIL;ENT V GEODIS;113;90
VIRY NOUREUIL;FACHES;126;135
VIRY NOUREUIL;FRANQUEVILLE CHRONODRIVE 4475;225;150
VIRY NOUREUIL;HERBLAY CHRONODRIVE 444;137;105
VIRY NOUREUIL;HIRSON;85;90
VIRY NOUREUIL;HOUILLES SUPER 1073;132;105
VIRY NOUREUIL;IFS CHRONODRIVE 4253;350;220
VIRY NOUREUIL;ILLKIRCH;446;275
VIRY NOUREUIL;KIRCHBERG;315;210
VIRY NOUREUIL;LA CLOCHE D'OR;305;200
VIRY NOUREUIL;LA QUEUE LES YVELINES SUPER 1096;171;140
VIRY NOUREUIL;LAXOU;295;210
VIRY NOUREUIL;LE CHESNAY PARLY 2 SUPER 1144;145;120
VIRY NOUREUIL;LEERS;144;150
VIRY NOUREUIL;LES MUREAUX HALLES AUCHAN;159;125
VIRY NOUREUIL;LOUVROIL;102;105
VIRY NOUREUIL;MAUREPAS SUPER 4492;161;135
VIRY NOUREUIL;MERS LES BAINS;182;195
VIRY NOUREUIL;MERU;133;135
VIRY NOUREUIL;MONT SAINT MARTIN;286;200
VIRY NOUREUIL;MONTIVILLIERS;278;175
VIRY NOUREUIL;NANCY CENTRE;310;220
VIRY NOUREUIL;NOGENT SUR OISE;83;90
VIRY NOUREUIL;NOYELLES GODAULT;106;120
VIRY NOUREUIL;NOYON;24;30
VIRY NOUREUIL;OSNY;143;110
VIRY NOUREUIL;PETITE FORET;105;105
VIRY NOUREUIL;ROISSY;106;85
VIRY NOUREUIL;RONCQ;147;150
VIRY NOUREUIL;SCHWEIGHOUSE;433;265
VIRY NOUREUIL;SEMECOURT;272;170
VIRY NOUREUIL;SOISY;127;105
VIRY NOUREUIL;ST OMER;165;165
VIRY NOUREUIL;ST QUENTIN;29;30
VIRY NOUREUIL;STRASBOURG;443;275
VIRY NOUREUIL;TAVERNY;134;105
VIRY NOUREUIL;TOMBLAINE;311;220
VIRY NOUREUIL;VAL DE REUIL SUPER 1209;229;165
VIRY NOUREUIL;VALENCIENNES;102;105
VIRY NOUREUIL;VERNEUIL 1 VERGER SUPER 4981;152;125
VIRY NOUREUIL;VILLENEUVE 2;132;135
VIRY NOUREUIL;VIRY NOUREUIL;0;0
